"paiement_id","compte_id","universite_id","faculte_id","departement_id","promotion_id","etudiant_id","type_frais_id","agence_id","guichetier_id","date_paiement","montant_paye"
67311,5,5,14,42,1,1,6,2,2,"2025-01-11 20:41:22.513924","3000.00"
67313,5,5,14,42,1,1,4,2,2,"2025-05-06 18:51:48.992463","5000.00"
67315,5,5,14,42,1,1,2,2,2,"2025-01-21 13:42:15.585863","80000.00"
67316,5,5,14,42,1,1,1,2,2,"2024-10-09 04:46:35.855222","20000.00"
67318,5,5,14,42,1,2,6,6,6,"2024-10-08 19:38:07.881937","3000.00"
67320,5,5,14,42,1,2,4,6,6,"2025-06-12 19:35:51.875699","5000.00"
67322,5,5,14,42,1,2,2,6,6,"2024-12-02 10:35:28.056789","80000.00"
67323,5,5,14,42,1,2,1,6,6,"2024-10-26 15:45:50.955877","20000.00"
67326,5,5,14,42,2,3,5,5,5,"2025-02-28 12:36:02.226451","10000.00"
67327,5,5,14,42,2,3,4,5,5,"2025-04-30 05:29:12.536328","5000.00"
67328,5,5,14,42,2,3,3,5,5,"2025-06-10 04:32:37.561786","50000.00"
67329,5,5,14,42,2,3,2,5,5,"2025-01-06 20:03:44.302539","48000.00"
67330,5,5,14,42,2,3,1,5,5,"2024-10-11 00:33:58.10662","20000.00"
67333,5,5,14,42,2,4,5,8,8,"2024-10-11 10:08:09.097133","10000.00"
67334,5,5,14,42,2,4,4,8,8,"2024-10-09 00:09:52.452192","5000.00"
67335,5,5,14,42,2,4,3,8,8,"2025-01-17 05:51:08.630395","50000.00"
67336,5,5,14,42,2,4,2,8,8,"2025-05-20 16:26:08.599793","80000.00"
67337,5,5,14,42,2,4,1,8,8,"2024-10-26 02:45:55.100488","20000.00"
67341,5,5,14,42,3,5,4,6,6,"2024-12-28 20:43:05.37937","5000.00"
67343,5,5,14,42,3,5,2,6,6,"2024-12-14 16:08:14.45508","48000.00"
67344,5,5,14,42,3,5,1,6,6,"2024-10-17 15:13:22.606297","20000.00"
67348,5,5,14,42,3,6,4,4,4,"2025-02-11 03:23:29.080588","5000.00"
67350,5,5,14,42,3,6,2,4,4,"2025-04-26 09:22:45.635924","48000.00"
67351,5,5,14,42,3,6,1,4,4,"2024-10-21 18:13:16.178532","20000.00"
67356,5,5,14,42,4,7,3,1,1,"2025-06-19 17:57:26.505327","60000.00"
67357,5,5,14,42,4,7,2,1,1,"2025-06-22 05:03:43.746616","100000.00"
67358,5,5,14,42,4,7,1,1,1,"2024-10-06 22:02:47.728701","20000.00"
67363,5,5,14,42,4,8,3,8,8,"2024-12-23 17:50:37.76873","60000.00"
67364,5,5,14,42,4,8,2,8,8,"2024-12-13 02:10:23.121753","100000.00"
67365,5,5,14,42,4,8,1,8,8,"2024-10-22 01:04:20.771391","20000.00"
67369,5,5,14,42,5,9,4,3,3,"2025-02-02 00:59:17.627931","5000.00"
67371,5,5,14,42,5,9,2,3,3,"2024-10-18 06:18:58.136205","72000.00"
67372,5,5,14,42,5,9,1,3,3,"2024-10-29 02:20:22.519193","25000.00"
67376,5,5,14,42,5,10,4,6,6,"2025-05-19 01:01:19.420682","5000.00"
67378,5,5,14,42,5,10,2,6,6,"2025-05-13 04:51:15.500365","72000.00"
67379,5,5,14,42,5,10,1,6,6,"2024-10-06 10:55:12.89308","25000.00"
67384,1,1,1,2,6,11,3,2,2,"2025-02-11 04:56:22.812328","50000.00"
67385,1,1,1,2,6,11,2,2,2,"2024-10-17 19:24:56.19073","72000.00"
67386,1,1,1,2,6,11,1,2,2,"2024-10-12 13:30:07.078535","25000.00"
67391,1,1,1,2,6,12,3,4,4,"2025-04-26 12:27:29.830513","50000.00"
67392,1,1,1,2,6,12,2,4,4,"2024-12-03 08:53:02.664225","120000.00"
67393,1,1,1,2,6,12,1,4,4,"2024-10-15 21:55:59.423195","25000.00"
67397,1,1,1,2,7,13,4,1,1,"2025-05-01 02:03:46.897847","5000.00"
67399,1,1,1,2,7,13,2,1,1,"2025-05-01 07:25:54.578708","70000.00"
67400,1,1,1,2,7,13,1,1,1,"2024-10-23 13:25:22.865932","20000.00"
67404,1,1,1,2,7,14,4,8,8,"2025-01-20 03:25:17.405437","5000.00"
67406,1,1,1,2,7,14,2,8,8,"2024-10-09 19:19:16.121776","70000.00"
67407,1,1,1,2,7,14,1,8,8,"2024-10-30 09:26:02.018657","20000.00"
67412,1,1,1,2,8,15,3,8,8,"2024-12-14 08:36:37.173395","40000.00"
67413,1,1,1,2,8,15,2,8,8,"2024-10-05 17:29:45.268395","42000.00"
67414,1,1,1,2,8,15,1,8,8,"2024-10-10 14:57:02.570592","20000.00"
67419,1,1,1,2,8,16,3,4,4,"2024-11-28 17:30:44.668798","40000.00"
67420,1,1,1,2,8,16,2,4,4,"2025-02-07 10:10:37.502233","42000.00"
67421,1,1,1,2,8,16,1,4,4,"2024-10-04 06:14:58.031586","20000.00"
67427,1,1,1,2,9,17,2,5,5,"2025-05-14 05:00:21.392614","42000.00"
67428,1,1,1,2,9,17,1,5,5,"2024-10-22 00:17:11.689858","20000.00"
67434,1,1,1,2,9,18,2,2,2,"2025-06-05 12:13:01.524782","42000.00"
67435,1,1,1,2,9,18,1,2,2,"2024-10-15 18:05:31.202893","20000.00"
67440,1,1,1,2,10,19,3,2,2,"2025-06-03 09:08:28.73609","50000.00"
67441,1,1,1,2,10,19,2,2,2,"2024-10-24 15:56:50.742271","42000.00"
67442,1,1,1,2,10,19,1,2,2,"2024-10-21 22:42:47.248121","20000.00"
67447,1,1,1,2,10,20,3,9,9,"2025-01-11 03:48:18.671952","50000.00"
67448,1,1,1,2,10,20,2,9,9,"2024-11-08 22:35:20.61172","42000.00"
67449,1,1,1,2,10,20,1,9,9,"2024-10-04 05:14:18.307111","20000.00"
67453,1,1,1,3,11,21,4,6,6,"2025-01-10 02:06:26.572114","5000.00"
67455,1,1,1,3,11,21,2,6,6,"2025-01-07 13:09:55.115258","70000.00"
67456,1,1,1,3,11,21,1,6,6,"2024-10-18 23:45:18.172188","20000.00"
67460,1,1,1,3,11,22,4,1,1,"2025-04-15 19:52:22.480446","5000.00"
67462,1,1,1,3,11,22,2,1,1,"2025-03-01 14:55:21.053103","42000.00"
67463,1,1,1,3,11,22,1,1,1,"2024-10-08 03:33:46.029928","20000.00"
67469,1,1,1,3,12,23,2,8,8,"2024-12-20 02:52:49.857773","70000.00"
67470,1,1,1,3,12,23,1,8,8,"2024-10-23 08:32:14.184662","20000.00"
67476,1,1,1,3,12,24,2,8,8,"2025-06-01 21:17:09.750593","70000.00"
67477,1,1,1,3,12,24,1,8,8,"2024-10-08 03:18:24.403346","20000.00"
67481,1,1,1,3,13,25,4,7,7,"2025-04-06 09:32:20.021886","5000.00"
67483,1,1,1,3,13,25,2,7,7,"2025-02-12 01:15:30.923921","42000.00"
67484,1,1,1,3,13,25,1,7,7,"2024-10-30 11:32:43.798566","20000.00"
67488,1,1,1,3,13,26,4,5,5,"2025-04-01 20:47:07.331509","5000.00"
67490,1,1,1,3,13,26,2,5,5,"2025-02-08 18:57:48.735994","42000.00"
67491,1,1,1,3,13,26,1,5,5,"2024-10-05 07:38:53.02631","20000.00"
67495,1,1,1,3,14,27,4,10,10,"2025-04-16 15:28:02.565929","5000.00"
67497,1,1,1,3,14,27,2,10,10,"2025-02-18 15:59:51.088201","70000.00"
67498,1,1,1,3,14,27,1,10,10,"2024-10-19 19:31:28.330691","20000.00"
67502,1,1,1,3,14,28,4,2,2,"2025-02-24 11:10:51.809279","5000.00"
67504,1,1,1,3,14,28,2,2,2,"2025-02-27 03:45:08.715261","42000.00"
67505,1,1,1,3,14,28,1,2,2,"2024-10-22 03:21:57.139238","20000.00"
67507,1,1,1,3,15,29,6,9,9,"2025-05-16 18:14:50.174161","3000.00"
67511,1,1,1,3,15,29,2,9,9,"2025-03-30 00:44:45.216677","42000.00"
67512,1,1,1,3,15,29,1,9,9,"2024-10-23 03:36:52.31497","20000.00"
67514,1,1,1,3,15,30,6,8,8,"2024-12-03 08:59:20.41174","3000.00"
67518,1,1,1,3,15,30,2,8,8,"2025-01-06 11:38:22.298352","70000.00"
67519,1,1,1,3,15,30,1,8,8,"2024-10-17 17:59:11.538629","20000.00"
67524,1,1,1,4,16,31,3,4,4,"2025-06-22 18:41:08.848867","40000.00"
67525,1,1,1,4,16,31,2,4,4,"2025-06-20 09:10:13.450785","70000.00"
67526,1,1,1,4,16,31,1,4,4,"2024-10-10 03:06:47.018692","20000.00"
67531,1,1,1,4,16,32,3,10,10,"2025-04-30 05:52:14.605372","40000.00"
67532,1,1,1,4,16,32,2,10,10,"2025-02-24 22:30:42.046724","70000.00"
67533,1,1,1,4,16,32,1,10,10,"2024-10-27 17:11:59.849271","20000.00"
67537,1,1,1,4,17,33,4,9,9,"2024-10-04 21:15:18.794973","5000.00"
67539,1,1,1,4,17,33,2,9,9,"2025-04-21 19:34:58.689525","42000.00"
67540,1,1,1,4,17,33,1,9,9,"2024-10-01 21:28:19.151734","20000.00"
67544,1,1,1,4,17,34,4,1,1,"2025-01-27 11:36:00.975326","5000.00"
67546,1,1,1,4,17,34,2,1,1,"2025-02-11 19:49:28.765642","70000.00"
67547,1,1,1,4,17,34,1,1,1,"2024-10-24 11:40:36.641764","20000.00"
67550,1,1,1,4,18,35,5,8,8,"2025-02-18 17:35:48.488025","10000.00"
67551,1,1,1,4,18,35,4,8,8,"2025-05-31 10:14:39.011047","5000.00"
67552,1,1,1,4,18,35,3,8,8,"2025-02-27 09:01:09.928782","50000.00"
67553,1,1,1,4,18,35,2,8,8,"2024-12-28 18:57:08.955454","90000.00"
67554,1,1,1,4,18,35,1,8,8,"2024-10-31 07:10:37.560827","30000.00"
67557,1,1,1,4,18,36,5,3,3,"2024-10-08 04:17:09.833391","10000.00"
67558,1,1,1,4,18,36,4,3,3,"2024-11-24 10:00:43.529003","5000.00"
67559,1,1,1,4,18,36,3,3,3,"2024-11-08 21:18:14.094766","50000.00"
67560,1,1,1,4,18,36,2,3,3,"2025-05-11 17:09:50.73354","90000.00"
67561,1,1,1,4,18,36,1,3,3,"2024-10-26 11:07:31.502918","30000.00"
67563,1,1,1,4,19,37,6,4,4,"2024-10-19 19:48:27.910288","3000.00"
67565,1,1,1,4,19,37,4,4,4,"2025-01-03 23:11:50.759923","5000.00"
67567,1,1,1,4,19,37,2,4,4,"2025-06-25 19:01:30.368746","48000.00"
67568,1,1,1,4,19,37,1,4,4,"2024-10-11 21:05:55.213081","20000.00"
67570,1,1,1,4,19,38,6,5,5,"2025-01-11 14:27:09.210776","3000.00"
67572,1,1,1,4,19,38,4,5,5,"2024-11-10 11:31:40.057892","5000.00"
67574,1,1,1,4,19,38,2,5,5,"2024-12-30 08:35:07.343527","48000.00"
67575,1,1,1,4,19,38,1,5,5,"2024-10-19 13:45:31.011575","20000.00"
67579,1,1,1,4,20,39,4,2,2,"2025-03-14 04:01:54.584849","5000.00"
67581,1,1,1,4,20,39,2,2,2,"2024-10-23 23:32:10.15179","54000.00"
67582,1,1,1,4,20,39,1,2,2,"2024-10-01 17:30:33.115747","20000.00"
67586,1,1,1,4,20,40,4,9,9,"2024-11-01 14:58:10.192789","5000.00"
67588,1,1,1,4,20,40,2,9,9,"2025-03-16 03:03:36.565086","54000.00"
67589,1,1,1,4,20,40,1,9,9,"2024-10-18 04:59:46.291291","20000.00"
67593,1,1,2,5,21,41,4,6,6,"2024-11-26 12:08:15.062206","5000.00"
67595,1,1,2,5,21,41,2,6,6,"2024-12-31 02:41:15.306578","80000.00"
67596,1,1,2,5,21,41,1,6,6,"2024-10-21 06:11:59.539735","20000.00"
67600,1,1,2,5,21,42,4,7,7,"2024-10-31 01:16:41.754003","5000.00"
67602,1,1,2,5,21,42,2,7,7,"2025-05-11 06:29:57.816549","48000.00"
67603,1,1,2,5,21,42,1,7,7,"2024-10-14 23:58:41.12649","20000.00"
67608,1,1,2,5,22,43,3,7,7,"2024-11-02 10:28:05.737719","50000.00"
67609,1,1,2,5,22,43,2,7,7,"2024-10-30 23:55:58.146184","48000.00"
67610,1,1,2,5,22,43,1,7,7,"2024-10-15 13:39:13.970511","20000.00"
67615,1,1,2,5,22,44,3,9,9,"2025-03-04 06:48:39.897094","50000.00"
67616,1,1,2,5,22,44,2,9,9,"2025-05-18 20:51:34.414608","48000.00"
67617,1,1,2,5,22,44,1,9,9,"2024-10-13 08:42:57.353752","20000.00"
67621,1,1,2,5,23,45,4,10,10,"2025-06-22 03:12:40.960875","5000.00"
67623,1,1,2,5,23,45,2,10,10,"2025-06-16 07:58:49.139386","48000.00"
67624,1,1,2,5,23,45,1,10,10,"2024-10-24 05:45:30.191437","20000.00"
67628,1,1,2,5,23,46,4,9,9,"2025-02-28 04:15:50.644662","5000.00"
67630,1,1,2,5,23,46,2,9,9,"2025-01-27 01:49:51.258302","80000.00"
67631,1,1,2,5,23,46,1,9,9,"2024-10-02 06:43:47.507775","20000.00"
67636,1,1,2,5,24,47,3,10,10,"2025-03-28 16:26:41.426932","60000.00"
67637,1,1,2,5,24,47,2,10,10,"2025-02-07 11:56:51.139831","100000.00"
67638,1,1,2,5,24,47,1,10,10,"2024-10-14 08:31:36.048867","20000.00"
67643,1,1,2,5,24,48,3,7,7,"2024-10-30 09:03:18.15791","60000.00"
67644,1,1,2,5,24,48,2,7,7,"2025-01-13 22:17:35.742516","100000.00"
67645,1,1,2,5,24,48,1,7,7,"2024-10-22 18:51:32.530281","20000.00"
67649,1,1,2,5,25,49,4,6,6,"2025-04-14 22:38:17.118601","5000.00"
67651,1,1,2,5,25,49,2,6,6,"2025-03-05 22:47:17.547702","72000.00"
67652,1,1,2,5,25,49,1,6,6,"2024-10-22 22:54:00.674935","25000.00"
67656,1,1,2,5,25,50,4,6,6,"2025-05-17 17:51:04.030457","5000.00"
67658,1,1,2,5,25,50,2,6,6,"2024-10-02 14:17:38.483381","120000.00"
67659,1,1,2,5,25,50,1,6,6,"2024-10-03 00:41:42.707486","25000.00"
67664,1,1,2,6,26,51,3,8,8,"2024-10-08 13:31:35.235522","50000.00"
67665,1,1,2,6,26,51,2,8,8,"2024-10-09 04:09:15.857065","72000.00"
67666,1,1,2,6,26,51,1,8,8,"2024-10-07 14:49:01.210188","25000.00"
67671,1,1,2,6,26,52,3,7,7,"2024-11-20 02:48:01.801578","50000.00"
67672,1,1,2,6,26,52,2,7,7,"2025-03-29 18:16:55.025632","120000.00"
67673,1,1,2,6,26,52,1,7,7,"2024-10-20 20:14:20.17382","25000.00"
67677,1,1,2,6,27,53,4,1,1,"2025-01-21 03:13:33.110048","5000.00"
67679,1,1,2,6,27,53,2,1,1,"2025-01-13 03:17:33.765169","42000.00"
67680,1,1,2,6,27,53,1,1,1,"2024-10-10 04:28:00.846179","20000.00"
67684,1,1,2,6,27,54,4,1,1,"2025-06-09 08:45:45.893925","5000.00"
67686,1,1,2,6,27,54,2,1,1,"2025-04-16 12:59:01.320306","42000.00"
67687,1,1,2,6,27,54,1,1,1,"2024-10-16 20:54:05.487105","20000.00"
67692,1,1,2,6,28,55,3,10,10,"2025-01-02 03:37:57.628171","40000.00"
67693,1,1,2,6,28,55,2,10,10,"2024-10-18 08:08:51.856159","70000.00"
67694,1,1,2,6,28,55,1,10,10,"2024-10-01 23:21:38.440077","20000.00"
67699,1,1,2,6,28,56,3,10,10,"2024-12-16 21:03:09.203873","40000.00"
67700,1,1,2,6,28,56,2,10,10,"2024-10-18 03:16:22.554558","42000.00"
67701,1,1,2,6,28,56,1,10,10,"2024-10-14 05:13:50.52566","20000.00"
67705,1,1,2,6,29,57,4,2,2,"2024-12-12 01:37:14.412898","5000.00"
67707,1,1,2,6,29,57,2,2,2,"2025-02-05 07:19:28.418493","42000.00"
67708,1,1,2,6,29,57,1,2,2,"2024-10-07 22:14:41.344059","20000.00"
67712,1,1,2,6,29,58,4,6,6,"2024-12-19 16:44:13.497552","5000.00"
67714,1,1,2,6,29,58,2,6,6,"2025-05-11 20:04:29.65812","42000.00"
67715,1,1,2,6,29,58,1,6,6,"2024-10-26 06:38:56.550624","20000.00"
67720,1,1,2,6,30,59,3,1,1,"2025-04-03 07:22:43.964717","50000.00"
67721,1,1,2,6,30,59,2,1,1,"2025-04-26 10:45:23.128937","42000.00"
67722,1,1,2,6,30,59,1,1,1,"2024-10-10 09:21:13.933094","20000.00"
67727,1,1,2,6,30,60,3,8,8,"2025-05-10 16:50:43.011895","50000.00"
67728,1,1,2,6,30,60,2,8,8,"2025-04-06 01:41:49.793356","70000.00"
67729,1,1,2,6,30,60,1,8,8,"2024-10-03 16:05:55.97506","20000.00"
67733,1,1,2,7,31,61,4,6,6,"2025-02-05 09:25:17.23059","5000.00"
67735,1,1,2,7,31,61,2,6,6,"2025-04-14 13:51:53.871536","70000.00"
67736,1,1,2,7,31,61,1,6,6,"2024-10-08 23:47:07.577122","20000.00"
67740,1,1,2,7,31,62,4,4,4,"2025-05-08 07:41:03.658042","5000.00"
67742,1,1,2,7,31,62,2,4,4,"2025-01-10 02:39:31.278374","42000.00"
67743,1,1,2,7,31,62,1,4,4,"2024-10-15 08:19:19.149013","20000.00"
67748,1,1,2,7,32,63,3,5,5,"2024-12-13 22:50:18.491928","50000.00"
67749,1,1,2,7,32,63,2,5,5,"2024-11-24 11:45:48.137687","70000.00"
67750,1,1,2,7,32,63,1,5,5,"2024-10-18 15:47:16.776167","20000.00"
67755,1,1,2,7,32,64,3,10,10,"2025-02-28 15:55:51.165659","50000.00"
67756,1,1,2,7,32,64,2,10,10,"2025-06-23 16:30:58.578345","42000.00"
67757,1,1,2,7,32,64,1,10,10,"2024-10-18 19:33:08.852961","20000.00"
67761,1,1,2,7,33,65,4,3,3,"2025-04-27 23:20:17.052784","5000.00"
67763,1,1,2,7,33,65,2,3,3,"2025-04-09 09:31:25.08784","70000.00"
67764,1,1,2,7,33,65,1,3,3,"2024-10-27 09:40:46.039561","20000.00"
67768,1,1,2,7,33,66,4,5,5,"2025-06-25 07:07:23.372313","5000.00"
67770,1,1,2,7,33,66,2,5,5,"2024-12-10 21:38:03.79602","42000.00"
67771,1,1,2,7,33,66,1,5,5,"2024-10-16 18:30:28.776628","20000.00"
67776,1,1,2,7,34,67,3,5,5,"2025-01-08 05:21:46.038542","40000.00"
67777,1,1,2,7,34,67,2,5,5,"2025-06-23 10:21:52.754299","70000.00"
67778,1,1,2,7,34,67,1,5,5,"2024-10-16 13:15:48.421056","20000.00"
67783,1,1,2,7,34,68,3,9,9,"2025-06-05 05:53:04.419708","40000.00"
67784,1,1,2,7,34,68,2,9,9,"2025-06-07 05:33:29.023346","70000.00"
67785,1,1,2,7,34,68,1,9,9,"2024-10-17 14:17:01.601495","20000.00"
67789,1,1,2,7,35,69,4,4,4,"2025-05-15 21:21:12.682824","5000.00"
67791,1,1,2,7,35,69,2,4,4,"2024-12-14 22:25:30.611318","42000.00"
67792,1,1,2,7,35,69,1,4,4,"2024-10-28 09:01:27.107133","20000.00"
67796,1,1,2,7,35,70,4,4,4,"2025-02-03 17:57:09.843702","5000.00"
67798,1,1,2,7,35,70,2,4,4,"2025-03-18 15:17:02.156748","70000.00"
67799,1,1,2,7,35,70,1,4,4,"2024-10-18 18:52:47.683572","20000.00"
67804,5,5,15,47,36,71,3,4,4,"2025-05-03 13:06:44.728061","40000.00"
67805,5,5,15,47,36,71,2,4,4,"2024-10-24 01:35:45.916047","42000.00"
67806,5,5,15,47,36,71,1,4,4,"2024-10-30 10:33:02.041682","20000.00"
67811,5,5,15,47,36,72,3,2,2,"2025-05-16 17:36:30.451749","40000.00"
67812,5,5,15,47,36,72,2,2,2,"2025-03-04 21:21:17.121847","42000.00"
67813,5,5,15,47,36,72,1,2,2,"2024-10-28 03:21:16.059742","20000.00"
67817,5,5,15,47,37,73,4,7,7,"2024-10-06 10:51:47.42336","5000.00"
67819,5,5,15,47,37,73,2,7,7,"2025-02-15 04:10:33.24303","70000.00"
67820,5,5,15,47,37,73,1,7,7,"2024-10-08 01:18:05.35365","20000.00"
67824,5,5,15,47,37,74,4,2,2,"2024-12-27 12:28:29.191282","5000.00"
67826,5,5,15,47,37,74,2,2,2,"2025-01-11 11:43:07.922953","42000.00"
67827,5,5,15,47,37,74,1,2,2,"2024-10-20 22:03:20.545026","20000.00"
67829,5,5,15,47,38,75,6,2,2,"2024-11-03 08:59:35.660539","3000.00"
67833,5,5,15,47,38,75,2,2,2,"2025-04-06 04:21:18.452955","70000.00"
67834,5,5,15,47,38,75,1,2,2,"2024-10-19 01:33:02.045434","20000.00"
67836,5,5,15,47,38,76,6,5,5,"2025-01-10 03:56:08.346462","3000.00"
67840,5,5,15,47,38,76,2,5,5,"2025-02-26 10:25:04.36394","70000.00"
67841,5,5,15,47,38,76,1,5,5,"2024-10-14 15:31:03.802653","20000.00"
67846,5,5,15,47,39,77,3,8,8,"2025-01-01 13:18:26.938373","40000.00"
67847,5,5,15,47,39,77,2,8,8,"2024-10-31 06:26:06.607353","42000.00"
67848,5,5,15,47,39,77,1,8,8,"2024-10-29 13:31:08.957468","20000.00"
67853,5,5,15,47,39,78,3,6,6,"2025-01-02 09:04:53.248886","40000.00"
67854,5,5,15,47,39,78,2,6,6,"2024-10-14 00:26:16.702573","70000.00"
67855,5,5,15,47,39,78,1,6,6,"2024-10-22 00:08:08.139371","20000.00"
67859,5,5,15,47,40,79,4,9,9,"2025-02-12 04:38:55.889614","5000.00"
67861,5,5,15,47,40,79,2,9,9,"2025-01-20 14:06:54.081718","90000.00"
67862,5,5,15,47,40,79,1,9,9,"2024-10-01 19:58:23.376803","20000.00"
67866,5,5,15,47,40,80,4,8,8,"2025-01-31 08:43:02.994743","5000.00"
67868,5,5,15,47,40,80,2,8,8,"2025-02-21 10:22:35.126882","90000.00"
67869,5,5,15,47,40,80,1,8,8,"2024-10-11 15:59:49.040861","20000.00"
67873,1,1,3,9,41,81,4,7,7,"2025-01-24 01:42:53.016566","5000.00"
67875,1,1,3,9,41,81,2,7,7,"2025-03-18 05:08:11.266121","70000.00"
67876,1,1,3,9,41,81,1,7,7,"2024-10-15 16:32:33.466634","20000.00"
67880,1,1,3,9,41,82,4,3,3,"2025-05-21 09:04:38.15978","5000.00"
67882,1,1,3,9,41,82,2,3,3,"2025-05-10 06:41:06.902641","42000.00"
67883,1,1,3,9,41,82,1,3,3,"2024-10-28 07:41:44.14286","20000.00"
67888,1,1,3,9,42,83,3,1,1,"2025-03-11 21:49:16.820945","50000.00"
67889,1,1,3,9,42,83,2,1,1,"2024-12-03 17:03:17.517799","70000.00"
67890,1,1,3,9,42,83,1,1,1,"2024-10-05 18:10:01.329239","20000.00"
67895,1,1,3,9,42,84,3,10,10,"2024-12-24 14:33:58.496949","50000.00"
67896,1,1,3,9,42,84,2,10,10,"2025-04-22 05:59:55.334861","42000.00"
67897,1,1,3,9,42,84,1,10,10,"2024-10-27 19:33:31.164813","20000.00"
67901,1,1,3,9,43,85,4,3,3,"2024-10-11 20:46:18.472274","5000.00"
67903,1,1,3,9,43,85,2,3,3,"2025-01-29 06:25:02.959284","70000.00"
67904,1,1,3,9,43,85,1,3,3,"2024-10-17 13:16:21.171474","20000.00"
67908,1,1,3,9,43,86,4,7,7,"2025-03-30 11:51:06.749874","5000.00"
67910,1,1,3,9,43,86,2,7,7,"2025-05-10 10:34:39.831328","42000.00"
67911,1,1,3,9,43,86,1,7,7,"2024-10-30 04:24:30.087088","20000.00"
67916,1,1,3,9,44,87,3,3,3,"2024-12-20 12:36:01.863037","60000.00"
67917,1,1,3,9,44,87,2,3,3,"2025-02-17 11:28:46.918609","60000.00"
67918,1,1,3,9,44,87,1,3,3,"2024-10-22 04:41:51.207461","20000.00"
67923,1,1,3,9,44,88,3,4,4,"2024-11-24 02:36:58.739481","60000.00"
67924,1,1,3,9,44,88,2,4,4,"2025-06-03 00:22:16.58628","100000.00"
67925,1,1,3,9,44,88,1,4,4,"2024-10-24 08:58:10.840204","20000.00"
67929,1,1,3,9,45,89,4,8,8,"2025-03-22 08:54:47.027163","5000.00"
67931,1,1,3,9,45,89,2,8,8,"2024-11-20 17:55:00.278606","72000.00"
67932,1,1,3,9,45,89,1,8,8,"2024-10-09 07:42:25.839376","25000.00"
67936,1,1,3,9,45,90,4,8,8,"2025-01-31 10:42:16.497614","5000.00"
67938,1,1,3,9,45,90,2,8,8,"2025-01-26 05:40:29.007707","120000.00"
67939,1,1,3,9,45,90,1,8,8,"2024-10-30 11:26:04.302311","25000.00"
67944,1,1,3,10,46,91,3,5,5,"2024-10-14 21:11:34.190838","40000.00"
67945,1,1,3,10,46,91,2,5,5,"2025-05-01 10:50:39.737166","70000.00"
67946,1,1,3,10,46,91,1,5,5,"2024-10-28 12:46:21.974688","20000.00"
67951,1,1,3,10,46,92,3,10,10,"2025-06-03 01:50:42.288051","40000.00"
67952,1,1,3,10,46,92,2,10,10,"2024-12-02 12:15:46.646564","42000.00"
67953,1,1,3,10,46,92,1,10,10,"2024-10-03 10:18:58.839411","20000.00"
67957,1,1,3,10,47,93,4,3,3,"2025-04-06 19:05:15.582277","5000.00"
67959,1,1,3,10,47,93,2,3,3,"2025-05-13 09:38:07.696351","70000.00"
67960,1,1,3,10,47,93,1,3,3,"2024-10-06 23:16:17.82593","20000.00"
67964,1,1,3,10,47,94,4,2,2,"2025-05-11 13:48:39.199111","5000.00"
67966,1,1,3,10,47,94,2,2,2,"2025-01-07 15:18:22.918042","70000.00"
67967,1,1,3,10,47,94,1,2,2,"2024-10-27 19:37:27.761231","20000.00"
67972,1,1,3,10,48,95,3,6,6,"2025-03-22 12:39:29.1291","50000.00"
67973,1,1,3,10,48,95,2,6,6,"2025-03-03 09:59:44.787995","42000.00"
67974,1,1,3,10,48,95,1,6,6,"2024-10-14 05:51:10.894335","20000.00"
67979,1,1,3,10,48,96,3,4,4,"2024-12-26 12:19:06.854629","50000.00"
67980,1,1,3,10,48,96,2,4,4,"2025-03-16 20:48:48.048555","42000.00"
67981,1,1,3,10,48,96,1,4,4,"2024-10-13 18:48:27.875287","20000.00"
67987,1,1,3,10,49,97,2,2,2,"2025-03-19 20:58:07.380145","42000.00"
67988,1,1,3,10,49,97,1,2,2,"2024-10-09 19:43:30.67862","20000.00"
67994,1,1,3,10,49,98,2,2,2,"2024-11-03 12:05:44.004941","42000.00"
67995,1,1,3,10,49,98,1,2,2,"2024-10-19 03:40:35.043758","20000.00"
68711,5,5,14,42,1,201,6,1,1,"2025-05-09 06:16:06.690706","3000.00"
68713,5,5,14,42,1,201,4,1,1,"2025-06-22 21:48:21.120859","5000.00"
68715,5,5,14,42,1,201,2,1,1,"2025-06-13 12:09:14.674226","80000.00"
68716,5,5,14,42,1,201,1,1,1,"2024-10-20 05:25:23.628474","20000.00"
68718,5,5,14,42,1,202,6,2,2,"2025-02-23 09:01:21.544187","3000.00"
68720,5,5,14,42,1,202,4,2,2,"2025-04-06 17:26:55.926648","5000.00"
68722,5,5,14,42,1,202,2,2,2,"2024-10-31 12:39:34.862843","80000.00"
68723,5,5,14,42,1,202,1,2,2,"2024-10-21 22:06:30.568126","20000.00"
68726,5,5,14,42,2,203,5,6,6,"2025-01-31 01:54:52.291689","10000.00"
68727,5,5,14,42,2,203,4,6,6,"2025-02-12 13:04:16.580264","5000.00"
68728,5,5,14,42,2,203,3,6,6,"2025-02-13 06:21:55.568548","50000.00"
68729,5,5,14,42,2,203,2,6,6,"2025-03-09 13:34:56.024151","80000.00"
68730,5,5,14,42,2,203,1,6,6,"2024-10-25 21:15:08.323857","20000.00"
68733,5,5,14,42,2,204,5,1,1,"2025-01-20 23:18:21.175981","10000.00"
68734,5,5,14,42,2,204,4,1,1,"2025-06-16 08:46:26.614247","5000.00"
68735,5,5,14,42,2,204,3,1,1,"2025-04-28 23:50:06.833048","50000.00"
68736,5,5,14,42,2,204,2,1,1,"2025-01-16 09:00:08.743095","48000.00"
68737,5,5,14,42,2,204,1,1,1,"2024-10-06 01:58:01.531157","20000.00"
68741,5,5,14,42,3,205,4,10,10,"2025-02-08 13:16:30.827711","5000.00"
68743,5,5,14,42,3,205,2,10,10,"2025-01-03 12:04:14.074844","48000.00"
68744,5,5,14,42,3,205,1,10,10,"2024-10-12 19:49:17.850782","20000.00"
68748,5,5,14,42,3,206,4,6,6,"2025-04-09 17:17:41.121591","5000.00"
68750,5,5,14,42,3,206,2,6,6,"2024-10-02 16:52:42.178483","48000.00"
68751,5,5,14,42,3,206,1,6,6,"2024-10-23 21:52:35.933269","20000.00"
68756,5,5,14,42,4,207,3,1,1,"2025-02-17 07:16:27.109023","60000.00"
68757,5,5,14,42,4,207,2,1,1,"2024-12-05 08:08:53.500402","100000.00"
68758,5,5,14,42,4,207,1,1,1,"2024-10-13 07:27:18.286818","20000.00"
68763,5,5,14,42,4,208,3,1,1,"2024-10-02 03:32:16.201023","60000.00"
68764,5,5,14,42,4,208,2,1,1,"2025-05-02 09:43:02.407756","60000.00"
68765,5,5,14,42,4,208,1,1,1,"2024-10-28 23:52:51.810808","20000.00"
68769,5,5,14,42,5,209,4,10,10,"2025-04-10 11:30:19.119522","5000.00"
68771,5,5,14,42,5,209,2,10,10,"2025-05-30 23:19:43.784592","72000.00"
68772,5,5,14,42,5,209,1,10,10,"2024-10-06 21:26:46.602794","25000.00"
68776,5,5,14,42,5,210,4,3,3,"2025-06-29 16:33:24.275406","5000.00"
68778,5,5,14,42,5,210,2,3,3,"2025-03-12 09:37:49.474998","120000.00"
68779,5,5,14,42,5,210,1,3,3,"2024-10-20 11:35:51.776625","25000.00"
68784,1,1,1,2,6,211,3,3,3,"2025-01-21 04:03:41.413115","50000.00"
68785,1,1,1,2,6,211,2,3,3,"2025-06-29 23:58:34.329548","120000.00"
68786,1,1,1,2,6,211,1,3,3,"2024-10-21 09:08:42.723452","25000.00"
68791,1,1,1,2,6,212,3,7,7,"2025-05-27 21:21:42.516026","50000.00"
68792,1,1,1,2,6,212,2,7,7,"2024-12-20 20:17:01.443639","72000.00"
68793,1,1,1,2,6,212,1,7,7,"2024-10-12 04:00:09.39982","25000.00"
68797,1,1,1,2,7,213,4,7,7,"2025-04-19 10:09:16.258199","5000.00"
68799,1,1,1,2,7,213,2,7,7,"2024-12-14 06:25:42.373092","42000.00"
68800,1,1,1,2,7,213,1,7,7,"2024-10-21 13:03:41.356092","20000.00"
68804,1,1,1,2,7,214,4,10,10,"2025-01-27 07:52:15.383023","5000.00"
68806,1,1,1,2,7,214,2,10,10,"2024-10-31 17:23:40.20646","70000.00"
68807,1,1,1,2,7,214,1,10,10,"2024-10-27 11:58:59.594548","20000.00"
68812,1,1,1,2,8,215,3,1,1,"2025-05-24 21:15:39.162969","40000.00"
68813,1,1,1,2,8,215,2,1,1,"2025-02-08 18:38:57.014864","42000.00"
68814,1,1,1,2,8,215,1,1,1,"2024-10-05 20:12:08.466662","20000.00"
68819,1,1,1,2,8,216,3,9,9,"2025-04-24 16:31:15.352716","40000.00"
68820,1,1,1,2,8,216,2,9,9,"2025-04-25 07:23:03.509958","42000.00"
68821,1,1,1,2,8,216,1,9,9,"2024-10-16 17:29:51.22382","20000.00"
68827,1,1,1,2,9,217,2,9,9,"2025-02-05 19:00:11.761175","42000.00"
68828,1,1,1,2,9,217,1,9,9,"2024-10-22 05:57:36.328437","20000.00"
68834,1,1,1,2,9,218,2,8,8,"2024-10-21 16:21:38.167203","70000.00"
68835,1,1,1,2,9,218,1,8,8,"2024-10-17 02:38:17.026344","20000.00"
68840,1,1,1,2,10,219,3,10,10,"2025-01-28 12:53:12.62187","50000.00"
68841,1,1,1,2,10,219,2,10,10,"2025-01-17 19:16:22.086281","42000.00"
68842,1,1,1,2,10,219,1,10,10,"2024-10-12 12:28:17.779695","20000.00"
68847,1,1,1,2,10,220,3,2,2,"2025-06-18 17:02:04.336451","50000.00"
68848,1,1,1,2,10,220,2,2,2,"2025-06-23 00:28:34.575557","70000.00"
68849,1,1,1,2,10,220,1,2,2,"2024-10-26 13:23:29.283146","20000.00"
68853,1,1,1,3,11,221,4,4,4,"2024-10-31 05:25:23.262078","5000.00"
68855,1,1,1,3,11,221,2,4,4,"2025-04-17 19:04:19.896655","70000.00"
68856,1,1,1,3,11,221,1,4,4,"2024-10-23 01:57:34.867992","20000.00"
68860,1,1,1,3,11,222,4,6,6,"2024-12-31 19:50:57.510595","5000.00"
68862,1,1,1,3,11,222,2,6,6,"2025-01-27 04:06:38.994589","42000.00"
68863,1,1,1,3,11,222,1,6,6,"2024-10-30 19:43:58.959635","20000.00"
68869,1,1,1,3,12,223,2,6,6,"2025-06-03 21:26:37.042433","70000.00"
68870,1,1,1,3,12,223,1,6,6,"2024-10-18 13:05:05.766527","20000.00"
68876,1,1,1,3,12,224,2,9,9,"2024-11-26 00:24:16.467584","70000.00"
68877,1,1,1,3,12,224,1,9,9,"2024-10-08 11:09:36.785159","20000.00"
68881,1,1,1,3,13,225,4,8,8,"2025-01-30 11:35:49.430944","5000.00"
68883,1,1,1,3,13,225,2,8,8,"2025-01-04 13:47:58.929389","42000.00"
68884,1,1,1,3,13,225,1,8,8,"2024-10-26 16:34:55.895017","20000.00"
68888,1,1,1,3,13,226,4,10,10,"2024-10-12 01:30:19.510541","5000.00"
68890,1,1,1,3,13,226,2,10,10,"2024-12-28 21:26:30.163871","42000.00"
68891,1,1,1,3,13,226,1,10,10,"2024-10-12 22:28:24.247083","20000.00"
68895,1,1,1,3,14,227,4,4,4,"2024-11-28 11:24:18.486675","5000.00"
68897,1,1,1,3,14,227,2,4,4,"2025-04-29 12:37:20.936779","70000.00"
68898,1,1,1,3,14,227,1,4,4,"2024-10-15 16:02:52.713318","20000.00"
68902,1,1,1,3,14,228,4,10,10,"2024-11-13 15:49:20.907232","5000.00"
68904,1,1,1,3,14,228,2,10,10,"2025-04-04 08:57:07.813658","42000.00"
68905,1,1,1,3,14,228,1,10,10,"2024-10-08 18:20:07.468772","20000.00"
68907,1,1,1,3,15,229,6,8,8,"2025-04-10 07:05:13.599743","3000.00"
68911,1,1,1,3,15,229,2,8,8,"2025-02-28 12:39:58.548136","42000.00"
68912,1,1,1,3,15,229,1,8,8,"2024-10-19 22:41:29.055037","20000.00"
68914,1,1,1,3,15,230,6,8,8,"2024-10-19 11:50:29.766717","3000.00"
68918,1,1,1,3,15,230,2,8,8,"2025-04-23 17:15:33.901019","70000.00"
68919,1,1,1,3,15,230,1,8,8,"2024-10-03 21:37:34.213456","20000.00"
68924,1,1,1,4,16,231,3,5,5,"2024-10-19 13:56:55.894937","40000.00"
68925,1,1,1,4,16,231,2,5,5,"2025-01-10 09:22:44.172307","70000.00"
68926,1,1,1,4,16,231,1,5,5,"2024-10-02 10:25:19.568229","20000.00"
68931,1,1,1,4,16,232,3,5,5,"2025-02-08 01:05:14.097552","40000.00"
68932,1,1,1,4,16,232,2,5,5,"2024-10-12 03:51:17.659355","42000.00"
68933,1,1,1,4,16,232,1,5,5,"2024-10-19 21:46:08.89405","20000.00"
68937,1,1,1,4,17,233,4,8,8,"2024-10-13 21:12:29.302312","5000.00"
68939,1,1,1,4,17,233,2,8,8,"2025-04-20 09:42:59.0914","70000.00"
68940,1,1,1,4,17,233,1,8,8,"2024-10-28 12:15:48.811747","20000.00"
68944,1,1,1,4,17,234,4,1,1,"2025-05-04 05:38:54.364433","5000.00"
68946,1,1,1,4,17,234,2,1,1,"2025-06-20 01:18:00.036207","42000.00"
68947,1,1,1,4,17,234,1,1,1,"2024-10-09 23:02:15.566024","20000.00"
68950,1,1,1,4,18,235,5,1,1,"2025-05-27 08:26:57.526734","10000.00"
68951,1,1,1,4,18,235,4,1,1,"2024-12-16 01:57:15.471367","5000.00"
68952,1,1,1,4,18,235,3,1,1,"2024-12-01 17:48:14.570324","50000.00"
68953,1,1,1,4,18,235,2,1,1,"2025-01-19 20:32:46.261471","150000.00"
68954,1,1,1,4,18,235,1,1,1,"2024-10-06 05:38:43.998114","30000.00"
68957,1,1,1,4,18,236,5,9,9,"2025-04-17 13:11:44.395207","10000.00"
68958,1,1,1,4,18,236,4,9,9,"2024-11-02 23:24:03.509826","5000.00"
68959,1,1,1,4,18,236,3,9,9,"2025-01-14 07:34:48.835417","50000.00"
68960,1,1,1,4,18,236,2,9,9,"2024-11-02 15:59:19.451662","90000.00"
68961,1,1,1,4,18,236,1,9,9,"2024-10-22 19:21:48.56801","30000.00"
68963,1,1,1,4,19,237,6,3,3,"2025-03-11 17:22:17.966531","3000.00"
68965,1,1,1,4,19,237,4,3,3,"2025-01-24 13:09:58.416101","5000.00"
68967,1,1,1,4,19,237,2,3,3,"2025-03-31 19:23:59.65644","48000.00"
68968,1,1,1,4,19,237,1,3,3,"2024-10-04 00:13:37.205521","20000.00"
68970,1,1,1,4,19,238,6,1,1,"2025-05-01 17:23:55.085354","3000.00"
68972,1,1,1,4,19,238,4,1,1,"2024-12-15 11:08:12.27755","5000.00"
68974,1,1,1,4,19,238,2,1,1,"2024-10-07 04:00:18.807836","80000.00"
68975,1,1,1,4,19,238,1,1,1,"2024-10-22 02:09:43.138196","20000.00"
68979,1,1,1,4,20,239,4,9,9,"2025-04-23 00:41:32.391335","5000.00"
68981,1,1,1,4,20,239,2,9,9,"2024-12-10 01:47:37.069295","90000.00"
68982,1,1,1,4,20,239,1,9,9,"2024-10-17 03:30:00.557989","20000.00"
68986,1,1,1,4,20,240,4,1,1,"2025-02-24 17:43:58.711012","5000.00"
68988,1,1,1,4,20,240,2,1,1,"2025-04-26 05:30:09.817068","54000.00"
68989,1,1,1,4,20,240,1,1,1,"2024-10-17 18:12:54.925958","20000.00"
68993,1,1,2,5,21,241,4,1,1,"2024-11-09 11:21:55.51008","5000.00"
68995,1,1,2,5,21,241,2,1,1,"2024-12-11 12:30:16.646061","80000.00"
68996,1,1,2,5,21,241,1,1,1,"2024-10-31 00:50:45.20585","20000.00"
69000,1,1,2,5,21,242,4,9,9,"2024-12-16 18:02:28.279328","5000.00"
69002,1,1,2,5,21,242,2,9,9,"2025-03-08 01:08:32.026815","48000.00"
69003,1,1,2,5,21,242,1,9,9,"2024-10-21 07:15:19.819696","20000.00"
69008,1,1,2,5,22,243,3,7,7,"2025-01-19 10:01:07.427","50000.00"
69009,1,1,2,5,22,243,2,7,7,"2025-04-02 03:19:42.774101","48000.00"
69010,1,1,2,5,22,243,1,7,7,"2024-10-18 12:59:34.100684","20000.00"
69015,1,1,2,5,22,244,3,6,6,"2024-12-17 08:53:46.441145","50000.00"
69016,1,1,2,5,22,244,2,6,6,"2025-03-27 03:09:49.910685","48000.00"
69017,1,1,2,5,22,244,1,6,6,"2024-10-11 06:41:32.880709","20000.00"
69021,1,1,2,5,23,245,4,2,2,"2025-05-27 17:34:46.374449","5000.00"
69023,1,1,2,5,23,245,2,2,2,"2025-01-07 14:20:14.240269","80000.00"
69024,1,1,2,5,23,245,1,2,2,"2024-10-15 12:31:48.891472","20000.00"
69028,1,1,2,5,23,246,4,7,7,"2025-01-21 15:27:50.434538","5000.00"
69030,1,1,2,5,23,246,2,7,7,"2025-03-11 20:36:33.499519","80000.00"
69031,1,1,2,5,23,246,1,7,7,"2024-10-03 12:10:01.866176","20000.00"
69036,1,1,2,5,24,247,3,9,9,"2025-06-21 13:52:28.227272","60000.00"
69037,1,1,2,5,24,247,2,9,9,"2024-10-21 01:28:30.940306","100000.00"
69038,1,1,2,5,24,247,1,9,9,"2024-10-03 22:35:15.998839","20000.00"
69043,1,1,2,5,24,248,3,2,2,"2024-10-26 20:03:15.570873","60000.00"
69044,1,1,2,5,24,248,2,2,2,"2025-04-16 05:03:57.528917","100000.00"
69045,1,1,2,5,24,248,1,2,2,"2024-10-11 09:31:25.24493","20000.00"
69049,1,1,2,5,25,249,4,5,5,"2025-06-09 02:51:23.929988","5000.00"
69051,1,1,2,5,25,249,2,5,5,"2025-06-20 17:09:33.520898","72000.00"
69052,1,1,2,5,25,249,1,5,5,"2024-10-04 04:05:06.575908","25000.00"
69056,1,1,2,5,25,250,4,1,1,"2024-10-07 01:32:06.335757","5000.00"
69058,1,1,2,5,25,250,2,1,1,"2025-06-02 00:29:21.878735","72000.00"
69059,1,1,2,5,25,250,1,1,1,"2024-10-28 05:31:00.117709","25000.00"
69064,1,1,2,6,26,251,3,9,9,"2025-03-12 01:20:21.169789","50000.00"
69065,1,1,2,6,26,251,2,9,9,"2025-01-23 23:33:44.38102","72000.00"
69066,1,1,2,6,26,251,1,9,9,"2024-10-11 09:00:31.661132","25000.00"
69071,1,1,2,6,26,252,3,3,3,"2025-04-07 05:28:00.914684","50000.00"
69072,1,1,2,6,26,252,2,3,3,"2025-04-27 18:27:31.072597","120000.00"
69073,1,1,2,6,26,252,1,3,3,"2024-10-29 19:51:35.158107","25000.00"
69077,1,1,2,6,27,253,4,3,3,"2025-04-22 16:51:05.633456","5000.00"
69079,1,1,2,6,27,253,2,3,3,"2025-03-17 16:00:22.63358","42000.00"
69080,1,1,2,6,27,253,1,3,3,"2024-10-13 22:36:03.204704","20000.00"
69084,1,1,2,6,27,254,4,1,1,"2024-11-26 05:33:05.054223","5000.00"
69086,1,1,2,6,27,254,2,1,1,"2025-03-11 04:07:09.505778","70000.00"
69087,1,1,2,6,27,254,1,1,1,"2024-10-29 18:10:21.060832","20000.00"
69092,1,1,2,6,28,255,3,3,3,"2025-01-07 20:24:17.469177","40000.00"
69093,1,1,2,6,28,255,2,3,3,"2025-02-27 09:19:07.830339","42000.00"
69094,1,1,2,6,28,255,1,3,3,"2024-10-24 22:14:56.304337","20000.00"
69099,1,1,2,6,28,256,3,5,5,"2025-03-31 17:05:58.82171","40000.00"
69100,1,1,2,6,28,256,2,5,5,"2025-04-09 15:55:24.994326","42000.00"
69101,1,1,2,6,28,256,1,5,5,"2024-10-04 21:24:29.131438","20000.00"
69105,1,1,2,6,29,257,4,2,2,"2025-02-05 10:18:30.499526","5000.00"
69107,1,1,2,6,29,257,2,2,2,"2025-01-10 05:47:27.105491","70000.00"
69108,1,1,2,6,29,257,1,2,2,"2024-10-18 07:34:22.381483","20000.00"
69112,1,1,2,6,29,258,4,3,3,"2024-11-11 01:07:43.453277","5000.00"
69114,1,1,2,6,29,258,2,3,3,"2025-06-21 22:34:47.116733","70000.00"
69115,1,1,2,6,29,258,1,3,3,"2024-10-27 02:49:08.56553","20000.00"
69120,1,1,2,6,30,259,3,8,8,"2024-12-20 17:58:27.675284","50000.00"
69121,1,1,2,6,30,259,2,8,8,"2024-11-14 12:25:29.238999","70000.00"
69122,1,1,2,6,30,259,1,8,8,"2024-10-22 10:53:55.982168","20000.00"
69127,1,1,2,6,30,260,3,10,10,"2025-01-31 05:45:00.596505","50000.00"
69128,1,1,2,6,30,260,2,10,10,"2025-04-28 09:31:21.886521","70000.00"
69129,1,1,2,6,30,260,1,10,10,"2024-10-05 08:49:51.490533","20000.00"
69133,1,1,2,7,31,261,4,7,7,"2025-02-05 15:39:16.889344","5000.00"
69135,1,1,2,7,31,261,2,7,7,"2024-12-19 22:46:20.979478","70000.00"
69136,1,1,2,7,31,261,1,7,7,"2024-10-23 20:49:17.164289","20000.00"
69140,1,1,2,7,31,262,4,3,3,"2025-06-08 08:56:10.474031","5000.00"
69142,1,1,2,7,31,262,2,3,3,"2024-12-01 08:02:02.099114","42000.00"
69143,1,1,2,7,31,262,1,3,3,"2024-10-20 11:18:36.452415","20000.00"
69148,1,1,2,7,32,263,3,9,9,"2025-04-17 03:35:39.242926","50000.00"
69149,1,1,2,7,32,263,2,9,9,"2024-12-19 22:48:06.185668","70000.00"
69150,1,1,2,7,32,263,1,9,9,"2024-10-14 11:59:51.258447","20000.00"
69155,1,1,2,7,32,264,3,2,2,"2024-11-20 05:21:53.530162","50000.00"
69156,1,1,2,7,32,264,2,2,2,"2025-05-23 05:58:21.635453","42000.00"
69157,1,1,2,7,32,264,1,2,2,"2024-10-09 16:02:11.046513","20000.00"
69161,1,1,2,7,33,265,4,1,1,"2024-10-26 19:18:33.193403","5000.00"
69163,1,1,2,7,33,265,2,1,1,"2025-03-29 08:23:47.173292","42000.00"
69164,1,1,2,7,33,265,1,1,1,"2024-10-20 16:54:23.454782","20000.00"
69168,1,1,2,7,33,266,4,3,3,"2024-11-10 20:38:43.900515","5000.00"
69170,1,1,2,7,33,266,2,3,3,"2025-05-25 10:29:14.317863","42000.00"
69171,1,1,2,7,33,266,1,3,3,"2024-10-07 02:27:56.13774","20000.00"
69176,1,1,2,7,34,267,3,3,3,"2025-05-26 18:23:58.865359","40000.00"
69177,1,1,2,7,34,267,2,3,3,"2025-06-11 22:10:51.379864","70000.00"
69178,1,1,2,7,34,267,1,3,3,"2024-10-21 09:22:56.437173","20000.00"
69183,1,1,2,7,34,268,3,2,2,"2025-01-19 18:39:36.993046","40000.00"
69184,1,1,2,7,34,268,2,2,2,"2025-04-13 04:45:18.721417","70000.00"
69185,1,1,2,7,34,268,1,2,2,"2024-10-29 21:23:46.810864","20000.00"
69189,1,1,2,7,35,269,4,10,10,"2025-01-10 17:03:21.245874","5000.00"
69191,1,1,2,7,35,269,2,10,10,"2025-02-27 05:45:24.378689","42000.00"
69192,1,1,2,7,35,269,1,10,10,"2024-10-16 11:40:48.52592","20000.00"
69196,1,1,2,7,35,270,4,1,1,"2025-01-14 06:09:24.763287","5000.00"
69198,1,1,2,7,35,270,2,1,1,"2024-11-26 05:35:24.179616","70000.00"
69199,1,1,2,7,35,270,1,1,1,"2024-10-05 05:26:45.248488","20000.00"
69204,5,5,15,47,36,271,3,6,6,"2024-12-03 08:21:32.380196","40000.00"
69205,5,5,15,47,36,271,2,6,6,"2025-04-14 09:53:03.799729","70000.00"
69206,5,5,15,47,36,271,1,6,6,"2024-10-28 11:15:00.07404","20000.00"
69211,5,5,15,47,36,272,3,6,6,"2024-10-31 16:08:22.993567","40000.00"
69212,5,5,15,47,36,272,2,6,6,"2025-02-20 04:37:53.782964","42000.00"
69213,5,5,15,47,36,272,1,6,6,"2024-10-16 06:58:59.01945","20000.00"
69217,5,5,15,47,37,273,4,1,1,"2025-04-21 16:45:00.488372","5000.00"
69219,5,5,15,47,37,273,2,1,1,"2025-03-25 03:25:04.920602","42000.00"
69220,5,5,15,47,37,273,1,1,1,"2024-10-27 23:37:32.168275","20000.00"
69224,5,5,15,47,37,274,4,3,3,"2025-06-23 14:02:00.371271","5000.00"
69226,5,5,15,47,37,274,2,3,3,"2024-12-05 07:18:09.713676","42000.00"
69227,5,5,15,47,37,274,1,3,3,"2024-10-19 15:42:18.946571","20000.00"
69229,5,5,15,47,38,275,6,7,7,"2025-03-10 02:57:55.975479","3000.00"
69233,5,5,15,47,38,275,2,7,7,"2024-12-29 16:05:53.812402","70000.00"
69234,5,5,15,47,38,275,1,7,7,"2024-10-22 21:17:53.526623","20000.00"
69236,5,5,15,47,38,276,6,3,3,"2025-02-14 16:05:07.396175","3000.00"
69240,5,5,15,47,38,276,2,3,3,"2025-02-09 03:13:30.138306","70000.00"
69241,5,5,15,47,38,276,1,3,3,"2024-10-28 15:02:16.19098","20000.00"
69246,5,5,15,47,39,277,3,5,5,"2024-10-20 08:33:36.487318","40000.00"
69247,5,5,15,47,39,277,2,5,5,"2024-10-05 17:25:59.855946","70000.00"
69248,5,5,15,47,39,277,1,5,5,"2024-10-06 22:42:09.20727","20000.00"
69253,5,5,15,47,39,278,3,2,2,"2025-04-03 09:52:13.777285","40000.00"
69254,5,5,15,47,39,278,2,2,2,"2025-01-12 16:04:07.034082","70000.00"
69255,5,5,15,47,39,278,1,2,2,"2024-10-28 01:21:10.487329","20000.00"
69259,5,5,15,47,40,279,4,4,4,"2025-04-07 15:44:27.55086","5000.00"
69261,5,5,15,47,40,279,2,4,4,"2025-05-11 14:56:43.284326","54000.00"
69262,5,5,15,47,40,279,1,4,4,"2024-10-26 23:54:09.278435","20000.00"
69266,5,5,15,47,40,280,4,2,2,"2024-10-09 09:06:16.699103","5000.00"
69268,5,5,15,47,40,280,2,2,2,"2025-06-13 03:08:47.911861","54000.00"
69269,5,5,15,47,40,280,1,2,2,"2024-10-04 00:34:11.060312","20000.00"
69273,1,1,3,9,41,281,4,10,10,"2024-10-07 19:44:38.182649","5000.00"
69275,1,1,3,9,41,281,2,10,10,"2025-05-20 03:37:14.14541","42000.00"
69276,1,1,3,9,41,281,1,10,10,"2024-10-03 20:27:42.768696","20000.00"
69280,1,1,3,9,41,282,4,10,10,"2024-10-24 14:01:49.164606","5000.00"
69282,1,1,3,9,41,282,2,10,10,"2024-11-03 15:40:52.239388","70000.00"
69283,1,1,3,9,41,282,1,10,10,"2024-10-09 10:37:41.475088","20000.00"
69288,1,1,3,9,42,283,3,1,1,"2025-06-06 10:33:20.88854","50000.00"
69289,1,1,3,9,42,283,2,1,1,"2025-05-16 10:43:40.499602","42000.00"
69290,1,1,3,9,42,283,1,1,1,"2024-10-15 17:08:50.030323","20000.00"
69295,1,1,3,9,42,284,3,6,6,"2025-05-24 18:05:03.097698","50000.00"
69296,1,1,3,9,42,284,2,6,6,"2025-01-13 01:12:40.446349","42000.00"
69297,1,1,3,9,42,284,1,6,6,"2024-10-23 18:38:34.437948","20000.00"
69301,1,1,3,9,43,285,4,5,5,"2025-04-28 09:30:10.500697","5000.00"
69303,1,1,3,9,43,285,2,5,5,"2025-03-18 02:54:11.849172","70000.00"
69304,1,1,3,9,43,285,1,5,5,"2024-10-24 10:10:51.529458","20000.00"
69308,1,1,3,9,43,286,4,6,6,"2025-02-01 00:08:57.258984","5000.00"
69310,1,1,3,9,43,286,2,6,6,"2024-11-02 04:44:12.286455","70000.00"
69311,1,1,3,9,43,286,1,6,6,"2024-10-13 04:28:53.230444","20000.00"
69316,1,1,3,9,44,287,3,8,8,"2025-03-09 16:21:16.251935","60000.00"
69317,1,1,3,9,44,287,2,8,8,"2025-01-22 23:22:17.37435","60000.00"
69318,1,1,3,9,44,287,1,8,8,"2024-10-04 09:04:37.0475","20000.00"
69323,1,1,3,9,44,288,3,7,7,"2025-06-19 15:31:56.766786","60000.00"
69324,1,1,3,9,44,288,2,7,7,"2025-06-08 09:03:32.723038","60000.00"
69325,1,1,3,9,44,288,1,7,7,"2024-10-21 10:00:50.987878","20000.00"
69329,1,1,3,9,45,289,4,2,2,"2024-11-21 06:00:20.818645","5000.00"
69331,1,1,3,9,45,289,2,2,2,"2025-03-18 05:40:56.578843","120000.00"
69332,1,1,3,9,45,289,1,2,2,"2024-10-16 04:32:23.701794","25000.00"
69336,1,1,3,9,45,290,4,8,8,"2025-05-19 19:44:40.024887","5000.00"
69338,1,1,3,9,45,290,2,8,8,"2024-11-10 22:39:38.205266","120000.00"
69339,1,1,3,9,45,290,1,8,8,"2024-10-30 18:30:56.733814","25000.00"
69344,1,1,3,10,46,291,3,4,4,"2025-06-23 11:12:15.400328","40000.00"
69345,1,1,3,10,46,291,2,4,4,"2025-06-27 05:07:33.516302","42000.00"
69346,1,1,3,10,46,291,1,4,4,"2024-10-27 09:00:20.721032","20000.00"
69351,1,1,3,10,46,292,3,3,3,"2024-10-02 09:58:56.491184","40000.00"
69352,1,1,3,10,46,292,2,3,3,"2025-02-08 15:41:47.407744","42000.00"
69353,1,1,3,10,46,292,1,3,3,"2024-10-26 21:38:49.651095","20000.00"
69357,1,1,3,10,47,293,4,9,9,"2025-02-01 20:40:29.122551","5000.00"
69359,1,1,3,10,47,293,2,9,9,"2025-05-28 21:22:09.859133","42000.00"
69360,1,1,3,10,47,293,1,9,9,"2024-10-17 12:37:30.439678","20000.00"
69364,1,1,3,10,47,294,4,6,6,"2024-12-24 15:29:28.883748","5000.00"
69366,1,1,3,10,47,294,2,6,6,"2025-03-21 18:07:38.623566","70000.00"
69367,1,1,3,10,47,294,1,6,6,"2024-10-22 07:53:59.485079","20000.00"
69372,1,1,3,10,48,295,3,4,4,"2025-02-25 13:56:42.638216","50000.00"
69373,1,1,3,10,48,295,2,4,4,"2025-06-16 12:32:57.201587","42000.00"
69374,1,1,3,10,48,295,1,4,4,"2024-10-26 07:50:07.140154","20000.00"
69379,1,1,3,10,48,296,3,3,3,"2024-10-30 00:07:46.078038","50000.00"
69380,1,1,3,10,48,296,2,3,3,"2024-12-02 09:45:18.578053","70000.00"
69381,1,1,3,10,48,296,1,3,3,"2024-10-19 08:16:30.291445","20000.00"
69387,1,1,3,10,49,297,2,10,10,"2025-03-19 01:57:42.540006","42000.00"
69388,1,1,3,10,49,297,1,10,10,"2024-10-21 16:52:02.626081","20000.00"
69394,1,1,3,10,49,298,2,9,9,"2025-04-01 06:23:11.358796","42000.00"
69395,1,1,3,10,49,298,1,9,9,"2024-10-02 03:01:46.264998","20000.00"
70111,5,5,14,42,1,401,6,2,2,"2024-11-26 12:27:04.484939","3000.00"
70113,5,5,14,42,1,401,4,2,2,"2024-11-03 16:26:42.222622","5000.00"
70115,5,5,14,42,1,401,2,2,2,"2025-03-19 00:20:27.559589","48000.00"
70116,5,5,14,42,1,401,1,2,2,"2024-10-31 07:14:15.804092","20000.00"
70118,5,5,14,42,1,402,6,6,6,"2025-06-03 23:35:47.421676","3000.00"
70120,5,5,14,42,1,402,4,6,6,"2024-11-23 19:54:40.629073","5000.00"
70122,5,5,14,42,1,402,2,6,6,"2025-01-05 16:09:45.004836","48000.00"
70123,5,5,14,42,1,402,1,6,6,"2024-10-10 05:46:23.474537","20000.00"
70126,5,5,14,42,2,403,5,3,3,"2024-11-14 05:38:54.396378","10000.00"
70127,5,5,14,42,2,403,4,3,3,"2024-10-04 22:57:35.205687","5000.00"
70128,5,5,14,42,2,403,3,3,3,"2024-10-21 00:04:38.218743","50000.00"
70129,5,5,14,42,2,403,2,3,3,"2025-01-09 05:00:02.481006","80000.00"
70130,5,5,14,42,2,403,1,3,3,"2024-10-24 04:55:24.541709","20000.00"
70133,5,5,14,42,2,404,5,4,4,"2024-12-30 22:19:10.798693","10000.00"
70134,5,5,14,42,2,404,4,4,4,"2024-10-25 04:17:39.953658","5000.00"
70135,5,5,14,42,2,404,3,4,4,"2025-05-29 11:38:49.644834","50000.00"
70136,5,5,14,42,2,404,2,4,4,"2024-11-23 03:13:04.626917","80000.00"
70137,5,5,14,42,2,404,1,4,4,"2024-10-27 06:13:51.049104","20000.00"
70141,5,5,14,42,3,405,4,3,3,"2025-03-13 23:39:44.28163","5000.00"
70143,5,5,14,42,3,405,2,3,3,"2024-12-29 02:20:33.542154","48000.00"
70144,5,5,14,42,3,405,1,3,3,"2024-10-24 19:27:02.362433","20000.00"
70148,5,5,14,42,3,406,4,5,5,"2025-01-07 07:22:34.587409","5000.00"
70150,5,5,14,42,3,406,2,5,5,"2025-02-24 08:01:15.819859","48000.00"
70151,5,5,14,42,3,406,1,5,5,"2024-10-27 03:53:46.025204","20000.00"
70156,5,5,14,42,4,407,3,5,5,"2025-05-23 21:53:48.401687","60000.00"
70157,5,5,14,42,4,407,2,5,5,"2024-11-28 01:28:43.094244","60000.00"
70158,5,5,14,42,4,407,1,5,5,"2024-10-20 08:48:25.537371","20000.00"
70163,5,5,14,42,4,408,3,5,5,"2025-02-18 13:47:06.968132","60000.00"
70164,5,5,14,42,4,408,2,5,5,"2025-04-11 07:19:02.268257","100000.00"
70165,5,5,14,42,4,408,1,5,5,"2024-10-12 18:42:02.179035","20000.00"
70169,5,5,14,42,5,409,4,8,8,"2025-02-22 06:37:59.173856","5000.00"
70171,5,5,14,42,5,409,2,8,8,"2025-03-30 00:29:40.928862","120000.00"
70172,5,5,14,42,5,409,1,8,8,"2024-10-12 20:23:29.838991","25000.00"
70176,5,5,14,42,5,410,4,1,1,"2025-06-26 21:15:01.271734","5000.00"
70178,5,5,14,42,5,410,2,1,1,"2024-10-14 09:15:20.852609","120000.00"
70179,5,5,14,42,5,410,1,1,1,"2024-10-21 14:44:13.828224","25000.00"
70184,1,1,1,2,6,411,3,2,2,"2025-04-15 10:46:57.838341","50000.00"
70185,1,1,1,2,6,411,2,2,2,"2024-11-05 00:03:34.95369","120000.00"
70186,1,1,1,2,6,411,1,2,2,"2024-10-08 08:28:06.812088","25000.00"
70191,1,1,1,2,6,412,3,8,8,"2024-12-01 05:24:18.440239","50000.00"
70192,1,1,1,2,6,412,2,8,8,"2025-02-23 02:51:32.076533","72000.00"
70193,1,1,1,2,6,412,1,8,8,"2024-10-29 12:47:34.517067","25000.00"
70197,1,1,1,2,7,413,4,1,1,"2025-03-31 15:03:12.025039","5000.00"
70199,1,1,1,2,7,413,2,1,1,"2025-03-22 07:23:08.125274","70000.00"
70200,1,1,1,2,7,413,1,1,1,"2024-10-07 02:54:16.373454","20000.00"
70204,1,1,1,2,7,414,4,3,3,"2024-12-04 12:24:08.026958","5000.00"
70206,1,1,1,2,7,414,2,3,3,"2025-04-13 11:52:32.051035","70000.00"
70207,1,1,1,2,7,414,1,3,3,"2024-10-05 17:46:53.872041","20000.00"
70212,1,1,1,2,8,415,3,9,9,"2024-10-25 23:52:49.283424","40000.00"
70213,1,1,1,2,8,415,2,9,9,"2025-02-21 00:33:34.173212","70000.00"
70214,1,1,1,2,8,415,1,9,9,"2024-10-22 20:04:56.726348","20000.00"
70219,1,1,1,2,8,416,3,8,8,"2024-11-26 04:51:06.918247","40000.00"
70220,1,1,1,2,8,416,2,8,8,"2024-10-04 14:20:21.365816","70000.00"
70221,1,1,1,2,8,416,1,8,8,"2024-10-23 14:36:25.769672","20000.00"
70227,1,1,1,2,9,417,2,6,6,"2025-06-27 20:23:20.421019","70000.00"
70228,1,1,1,2,9,417,1,6,6,"2024-10-29 09:56:14.900475","20000.00"
70234,1,1,1,2,9,418,2,9,9,"2025-06-27 10:58:11.65104","70000.00"
70235,1,1,1,2,9,418,1,9,9,"2024-10-07 23:57:29.404209","20000.00"
70240,1,1,1,2,10,419,3,3,3,"2024-12-11 20:27:30.824139","50000.00"
70241,1,1,1,2,10,419,2,3,3,"2024-10-28 10:40:20.193921","70000.00"
70242,1,1,1,2,10,419,1,3,3,"2024-10-26 05:54:36.55755","20000.00"
70247,1,1,1,2,10,420,3,9,9,"2025-03-29 21:07:30.799431","50000.00"
70248,1,1,1,2,10,420,2,9,9,"2024-11-16 03:55:59.266878","70000.00"
70249,1,1,1,2,10,420,1,9,9,"2024-10-18 23:48:23.750431","20000.00"
70253,1,1,1,3,11,421,4,9,9,"2024-12-11 22:58:37.773421","5000.00"
70255,1,1,1,3,11,421,2,9,9,"2025-03-21 08:30:11.608684","70000.00"
70256,1,1,1,3,11,421,1,9,9,"2024-10-23 13:10:19.389655","20000.00"
70260,1,1,1,3,11,422,4,6,6,"2024-11-13 23:43:40.725953","5000.00"
70262,1,1,1,3,11,422,2,6,6,"2025-04-30 19:31:58.964251","42000.00"
70263,1,1,1,3,11,422,1,6,6,"2024-10-30 16:43:22.221954","20000.00"
70269,1,1,1,3,12,423,2,3,3,"2024-12-07 15:20:29.77115","42000.00"
70270,1,1,1,3,12,423,1,3,3,"2024-10-22 22:08:29.93508","20000.00"
70276,1,1,1,3,12,424,2,6,6,"2025-05-09 03:47:12.278176","42000.00"
70277,1,1,1,3,12,424,1,6,6,"2024-10-07 15:13:39.70159","20000.00"
70281,1,1,1,3,13,425,4,3,3,"2024-10-02 06:26:26.15333","5000.00"
70283,1,1,1,3,13,425,2,3,3,"2025-05-15 12:11:30.358033","70000.00"
70284,1,1,1,3,13,425,1,3,3,"2024-10-13 03:54:31.783298","20000.00"
70288,1,1,1,3,13,426,4,7,7,"2025-05-01 01:08:06.076828","5000.00"
70290,1,1,1,3,13,426,2,7,7,"2025-01-17 18:18:06.491072","42000.00"
70291,1,1,1,3,13,426,1,7,7,"2024-10-05 05:33:17.741493","20000.00"
70295,1,1,1,3,14,427,4,10,10,"2025-04-08 06:32:57.3281","5000.00"
70297,1,1,1,3,14,427,2,10,10,"2025-06-01 10:36:07.537902","70000.00"
70298,1,1,1,3,14,427,1,10,10,"2024-10-04 01:27:53.899644","20000.00"
70302,1,1,1,3,14,428,4,4,4,"2024-10-18 09:17:54.890798","5000.00"
70304,1,1,1,3,14,428,2,4,4,"2025-06-04 17:35:40.621596","70000.00"
70305,1,1,1,3,14,428,1,4,4,"2024-10-01 16:01:06.98913","20000.00"
70307,1,1,1,3,15,429,6,10,10,"2025-06-17 06:45:11.884159","3000.00"
70311,1,1,1,3,15,429,2,10,10,"2024-11-24 08:20:15.603652","42000.00"
70312,1,1,1,3,15,429,1,10,10,"2024-10-26 02:45:15.318123","20000.00"
70314,1,1,1,3,15,430,6,7,7,"2025-03-17 00:10:54.059881","3000.00"
70318,1,1,1,3,15,430,2,7,7,"2025-05-13 19:03:58.926221","42000.00"
70319,1,1,1,3,15,430,1,7,7,"2024-10-10 16:22:48.428626","20000.00"
70324,1,1,1,4,16,431,3,10,10,"2024-10-18 23:44:41.19164","40000.00"
70325,1,1,1,4,16,431,2,10,10,"2025-03-28 08:59:07.528165","70000.00"
70326,1,1,1,4,16,431,1,10,10,"2024-10-17 04:09:53.349749","20000.00"
70331,1,1,1,4,16,432,3,3,3,"2025-01-30 22:03:02.447051","40000.00"
70332,1,1,1,4,16,432,2,3,3,"2025-04-23 16:47:39.104581","42000.00"
70333,1,1,1,4,16,432,1,3,3,"2024-10-16 19:41:38.565896","20000.00"
70337,1,1,1,4,17,433,4,9,9,"2025-03-31 04:51:14.724289","5000.00"
70339,1,1,1,4,17,433,2,9,9,"2025-06-24 01:50:17.688371","42000.00"
70340,1,1,1,4,17,433,1,9,9,"2024-10-28 22:11:37.865856","20000.00"
70344,1,1,1,4,17,434,4,1,1,"2025-02-20 22:09:43.085274","5000.00"
70346,1,1,1,4,17,434,2,1,1,"2024-11-20 03:29:19.993967","42000.00"
70347,1,1,1,4,17,434,1,1,1,"2024-10-24 10:39:15.606587","20000.00"
70350,1,1,1,4,18,435,5,4,4,"2024-11-14 16:31:04.537389","10000.00"
70351,1,1,1,4,18,435,4,4,4,"2025-01-27 20:37:33.666435","5000.00"
70352,1,1,1,4,18,435,3,4,4,"2024-12-29 12:48:38.692756","50000.00"
70353,1,1,1,4,18,435,2,4,4,"2025-02-05 22:00:57.474148","150000.00"
70354,1,1,1,4,18,435,1,4,4,"2024-10-21 11:56:47.032502","30000.00"
70357,1,1,1,4,18,436,5,2,2,"2025-03-17 04:33:25.825862","10000.00"
70358,1,1,1,4,18,436,4,2,2,"2024-12-06 23:13:23.814415","5000.00"
70359,1,1,1,4,18,436,3,2,2,"2025-01-09 16:37:42.933667","50000.00"
70360,1,1,1,4,18,436,2,2,2,"2025-02-27 01:33:33.060871","90000.00"
70361,1,1,1,4,18,436,1,2,2,"2024-10-05 12:25:35.692389","30000.00"
70363,1,1,1,4,19,437,6,5,5,"2025-03-14 19:57:03.58335","3000.00"
70365,1,1,1,4,19,437,4,5,5,"2025-02-03 10:26:39.281955","5000.00"
70367,1,1,1,4,19,437,2,5,5,"2024-12-20 05:10:56.379341","48000.00"
70368,1,1,1,4,19,437,1,5,5,"2024-10-08 20:22:21.225657","20000.00"
70370,1,1,1,4,19,438,6,7,7,"2024-11-22 13:35:51.13821","3000.00"
70372,1,1,1,4,19,438,4,7,7,"2025-06-27 04:45:23.998732","5000.00"
70374,1,1,1,4,19,438,2,7,7,"2025-06-28 05:25:06.102805","80000.00"
70375,1,1,1,4,19,438,1,7,7,"2024-10-29 13:08:15.184708","20000.00"
70379,1,1,1,4,20,439,4,8,8,"2024-10-31 04:03:44.103202","5000.00"
70381,1,1,1,4,20,439,2,8,8,"2025-06-12 07:13:48.255681","90000.00"
70382,1,1,1,4,20,439,1,8,8,"2024-10-15 06:47:40.15962","20000.00"
70386,1,1,1,4,20,440,4,1,1,"2025-03-15 22:16:36.963199","5000.00"
70388,1,1,1,4,20,440,2,1,1,"2025-05-25 15:48:10.410176","54000.00"
70389,1,1,1,4,20,440,1,1,1,"2024-10-25 03:34:15.593247","20000.00"
70393,1,1,2,5,21,441,4,8,8,"2024-12-13 06:58:57.466232","5000.00"
70395,1,1,2,5,21,441,2,8,8,"2025-02-18 17:01:15.245843","80000.00"
70396,1,1,2,5,21,441,1,8,8,"2024-10-08 04:41:26.213487","20000.00"
70400,1,1,2,5,21,442,4,9,9,"2025-06-11 21:30:32.600226","5000.00"
70402,1,1,2,5,21,442,2,9,9,"2025-03-10 20:55:31.762424","80000.00"
70403,1,1,2,5,21,442,1,9,9,"2024-10-04 21:53:38.145669","20000.00"
70408,1,1,2,5,22,443,3,7,7,"2024-12-26 05:28:04.937465","50000.00"
70409,1,1,2,5,22,443,2,7,7,"2025-02-20 13:07:23.340146","48000.00"
70410,1,1,2,5,22,443,1,7,7,"2024-10-02 20:03:08.846382","20000.00"
70415,1,1,2,5,22,444,3,2,2,"2025-01-20 11:56:54.026396","50000.00"
70416,1,1,2,5,22,444,2,2,2,"2025-03-09 13:33:51.074969","80000.00"
70417,1,1,2,5,22,444,1,2,2,"2024-10-28 10:30:26.500991","20000.00"
70421,1,1,2,5,23,445,4,8,8,"2025-02-06 19:48:14.357228","5000.00"
70423,1,1,2,5,23,445,2,8,8,"2025-02-15 11:30:21.700246","48000.00"
70424,1,1,2,5,23,445,1,8,8,"2024-10-31 03:00:45.712488","20000.00"
70428,1,1,2,5,23,446,4,3,3,"2025-02-26 06:26:04.06867","5000.00"
70430,1,1,2,5,23,446,2,3,3,"2025-04-29 16:06:51.084855","48000.00"
70431,1,1,2,5,23,446,1,3,3,"2024-10-12 19:12:06.832312","20000.00"
70436,1,1,2,5,24,447,3,2,2,"2025-05-03 19:36:52.670551","60000.00"
70437,1,1,2,5,24,447,2,2,2,"2025-01-18 01:14:03.980686","100000.00"
70438,1,1,2,5,24,447,1,2,2,"2024-10-12 11:12:11.221704","20000.00"
70443,1,1,2,5,24,448,3,3,3,"2025-04-30 04:23:50.762536","60000.00"
70444,1,1,2,5,24,448,2,3,3,"2024-12-13 01:10:38.327971","60000.00"
70445,1,1,2,5,24,448,1,3,3,"2024-10-25 20:54:04.075207","20000.00"
70449,1,1,2,5,25,449,4,5,5,"2025-05-26 21:51:46.967506","5000.00"
70451,1,1,2,5,25,449,2,5,5,"2025-05-16 05:52:25.792887","72000.00"
70452,1,1,2,5,25,449,1,5,5,"2024-10-30 03:14:50.114432","25000.00"
70456,1,1,2,5,25,450,4,9,9,"2025-01-21 08:54:58.254358","5000.00"
70458,1,1,2,5,25,450,2,9,9,"2025-05-03 19:48:19.453047","120000.00"
70459,1,1,2,5,25,450,1,9,9,"2024-10-22 01:02:51.753588","25000.00"
70464,1,1,2,6,26,451,3,6,6,"2025-02-13 04:49:25.369029","50000.00"
70465,1,1,2,6,26,451,2,6,6,"2024-10-06 03:58:49.646208","120000.00"
70466,1,1,2,6,26,451,1,6,6,"2024-10-15 05:09:10.370588","25000.00"
70471,1,1,2,6,26,452,3,2,2,"2025-02-28 22:30:52.863655","50000.00"
70472,1,1,2,6,26,452,2,2,2,"2025-01-02 22:25:30.935116","120000.00"
70473,1,1,2,6,26,452,1,2,2,"2024-10-14 02:50:27.145125","25000.00"
70477,1,1,2,6,27,453,4,3,3,"2025-04-30 10:11:50.857391","5000.00"
70479,1,1,2,6,27,453,2,3,3,"2025-01-03 11:27:58.057266","42000.00"
70480,1,1,2,6,27,453,1,3,3,"2024-10-05 22:53:36.349394","20000.00"
70484,1,1,2,6,27,454,4,4,4,"2024-10-28 13:12:52.800941","5000.00"
70486,1,1,2,6,27,454,2,4,4,"2025-03-26 08:03:12.108176","70000.00"
70487,1,1,2,6,27,454,1,4,4,"2024-10-02 03:52:04.95078","20000.00"
70492,1,1,2,6,28,455,3,9,9,"2024-10-27 13:14:51.927231","40000.00"
70493,1,1,2,6,28,455,2,9,9,"2024-10-08 02:34:20.208223","42000.00"
70494,1,1,2,6,28,455,1,9,9,"2024-10-30 20:45:20.147024","20000.00"
70499,1,1,2,6,28,456,3,6,6,"2024-12-29 00:03:45.841707","40000.00"
70500,1,1,2,6,28,456,2,6,6,"2025-05-23 18:29:14.863551","42000.00"
70501,1,1,2,6,28,456,1,6,6,"2024-10-05 05:16:32.199733","20000.00"
70505,1,1,2,6,29,457,4,6,6,"2025-05-28 19:29:41.099154","5000.00"
70507,1,1,2,6,29,457,2,6,6,"2025-03-15 10:53:56.573958","70000.00"
70508,1,1,2,6,29,457,1,6,6,"2024-10-04 12:29:15.42286","20000.00"
70512,1,1,2,6,29,458,4,7,7,"2025-05-14 20:13:39.772792","5000.00"
70514,1,1,2,6,29,458,2,7,7,"2025-05-13 23:33:59.720652","42000.00"
70515,1,1,2,6,29,458,1,7,7,"2024-10-26 08:13:49.424033","20000.00"
70520,1,1,2,6,30,459,3,6,6,"2025-03-31 12:44:32.660836","50000.00"
70521,1,1,2,6,30,459,2,6,6,"2025-05-01 10:04:24.869163","70000.00"
70522,1,1,2,6,30,459,1,6,6,"2024-10-10 09:32:51.862727","20000.00"
70527,1,1,2,6,30,460,3,6,6,"2024-11-10 21:19:10.06135","50000.00"
70528,1,1,2,6,30,460,2,6,6,"2024-12-24 03:58:10.28734","42000.00"
70529,1,1,2,6,30,460,1,6,6,"2024-10-20 17:49:44.395325","20000.00"
70533,1,1,2,7,31,461,4,8,8,"2025-03-11 03:24:37.979588","5000.00"
70535,1,1,2,7,31,461,2,8,8,"2025-06-21 15:54:50.608752","70000.00"
70536,1,1,2,7,31,461,1,8,8,"2024-10-15 21:35:57.640772","20000.00"
70540,1,1,2,7,31,462,4,8,8,"2025-01-30 16:15:52.661168","5000.00"
70542,1,1,2,7,31,462,2,8,8,"2025-03-15 15:09:11.841272","42000.00"
70543,1,1,2,7,31,462,1,8,8,"2024-10-11 23:13:07.522082","20000.00"
70548,1,1,2,7,32,463,3,1,1,"2025-01-01 13:31:11.008019","50000.00"
70549,1,1,2,7,32,463,2,1,1,"2024-12-12 20:48:04.520798","42000.00"
70550,1,1,2,7,32,463,1,1,1,"2024-10-03 06:24:06.180226","20000.00"
70555,1,1,2,7,32,464,3,2,2,"2024-12-25 05:03:29.31723","50000.00"
70556,1,1,2,7,32,464,2,2,2,"2025-06-13 17:57:38.435116","42000.00"
70557,1,1,2,7,32,464,1,2,2,"2024-10-09 05:59:47.631381","20000.00"
70561,1,1,2,7,33,465,4,4,4,"2025-03-05 15:50:01.297816","5000.00"
70563,1,1,2,7,33,465,2,4,4,"2025-01-30 18:32:10.167522","42000.00"
70564,1,1,2,7,33,465,1,4,4,"2024-10-08 05:13:01.172052","20000.00"
70568,1,1,2,7,33,466,4,1,1,"2025-01-05 03:46:31.485879","5000.00"
70570,1,1,2,7,33,466,2,1,1,"2025-01-06 15:27:45.582089","70000.00"
70571,1,1,2,7,33,466,1,1,1,"2024-10-23 21:21:19.218838","20000.00"
70576,1,1,2,7,34,467,3,9,9,"2025-05-11 06:47:12.149971","40000.00"
70577,1,1,2,7,34,467,2,9,9,"2025-06-12 07:00:55.419324","42000.00"
70578,1,1,2,7,34,467,1,9,9,"2024-10-07 22:11:55.490923","20000.00"
70583,1,1,2,7,34,468,3,3,3,"2025-02-07 10:08:02.682685","40000.00"
70584,1,1,2,7,34,468,2,3,3,"2024-11-05 15:28:39.594983","42000.00"
70585,1,1,2,7,34,468,1,3,3,"2024-10-23 14:45:59.640123","20000.00"
70589,1,1,2,7,35,469,4,8,8,"2025-06-22 07:11:10.766406","5000.00"
70591,1,1,2,7,35,469,2,8,8,"2025-05-31 03:34:09.752181","42000.00"
70592,1,1,2,7,35,469,1,8,8,"2024-10-27 21:58:09.508888","20000.00"
70596,1,1,2,7,35,470,4,5,5,"2024-11-08 23:33:58.820534","5000.00"
70598,1,1,2,7,35,470,2,5,5,"2025-01-17 13:15:34.749215","70000.00"
70599,1,1,2,7,35,470,1,5,5,"2024-10-23 07:08:33.881774","20000.00"
70604,5,5,15,47,36,471,3,6,6,"2025-04-06 06:36:44.609284","40000.00"
70605,5,5,15,47,36,471,2,6,6,"2024-12-20 21:05:26.108881","42000.00"
70606,5,5,15,47,36,471,1,6,6,"2024-10-20 00:27:25.224492","20000.00"
70611,5,5,15,47,36,472,3,6,6,"2024-12-12 06:30:01.438577","40000.00"
70612,5,5,15,47,36,472,2,6,6,"2025-03-03 06:31:01.940406","42000.00"
70613,5,5,15,47,36,472,1,6,6,"2024-10-23 14:58:20.1637","20000.00"
70617,5,5,15,47,37,473,4,8,8,"2025-01-02 11:08:41.852512","5000.00"
70619,5,5,15,47,37,473,2,8,8,"2024-10-13 15:07:55.208839","42000.00"
70620,5,5,15,47,37,473,1,8,8,"2024-10-12 09:48:14.531165","20000.00"
70624,5,5,15,47,37,474,4,3,3,"2025-01-08 07:29:52.456825","5000.00"
70626,5,5,15,47,37,474,2,3,3,"2025-06-17 11:58:07.544803","42000.00"
70627,5,5,15,47,37,474,1,3,3,"2024-10-02 07:09:47.73858","20000.00"
70629,5,5,15,47,38,475,6,5,5,"2025-01-08 10:44:15.189315","3000.00"
70633,5,5,15,47,38,475,2,5,5,"2025-02-27 12:46:07.840246","42000.00"
70634,5,5,15,47,38,475,1,5,5,"2024-10-22 15:48:51.205603","20000.00"
70636,5,5,15,47,38,476,6,1,1,"2025-02-02 01:21:35.160502","3000.00"
70640,5,5,15,47,38,476,2,1,1,"2025-04-27 14:34:57.537623","42000.00"
70641,5,5,15,47,38,476,1,1,1,"2024-10-03 18:44:18.566797","20000.00"
70646,5,5,15,47,39,477,3,10,10,"2025-02-01 15:03:29.373671","40000.00"
70647,5,5,15,47,39,477,2,10,10,"2025-04-23 07:52:48.071651","42000.00"
70648,5,5,15,47,39,477,1,10,10,"2024-10-19 00:53:57.646199","20000.00"
70653,5,5,15,47,39,478,3,9,9,"2025-05-22 09:07:42.731874","40000.00"
70654,5,5,15,47,39,478,2,9,9,"2025-02-13 22:53:39.591291","42000.00"
70655,5,5,15,47,39,478,1,9,9,"2024-10-25 03:26:40.829036","20000.00"
70659,5,5,15,47,40,479,4,10,10,"2025-04-19 17:27:07.856992","5000.00"
70661,5,5,15,47,40,479,2,10,10,"2024-12-15 00:22:57.710627","90000.00"
70662,5,5,15,47,40,479,1,10,10,"2024-10-05 19:56:07.346811","20000.00"
70666,5,5,15,47,40,480,4,1,1,"2025-05-18 01:39:27.726982","5000.00"
70668,5,5,15,47,40,480,2,1,1,"2025-04-29 17:28:00.818795","90000.00"
70669,5,5,15,47,40,480,1,1,1,"2024-10-03 11:36:43.819474","20000.00"
70673,1,1,3,9,41,481,4,7,7,"2024-12-19 11:53:25.331746","5000.00"
70675,1,1,3,9,41,481,2,7,7,"2025-02-01 14:52:55.077731","42000.00"
70676,1,1,3,9,41,481,1,7,7,"2024-10-23 10:19:43.103331","20000.00"
70680,1,1,3,9,41,482,4,7,7,"2025-01-26 22:59:41.259376","5000.00"
70682,1,1,3,9,41,482,2,7,7,"2025-02-26 09:44:15.020068","42000.00"
70683,1,1,3,9,41,482,1,7,7,"2024-10-14 06:43:27.66506","20000.00"
70688,1,1,3,9,42,483,3,7,7,"2025-05-23 13:33:28.899125","50000.00"
70689,1,1,3,9,42,483,2,7,7,"2025-06-06 19:56:55.972287","70000.00"
70690,1,1,3,9,42,483,1,7,7,"2024-10-15 20:09:56.431574","20000.00"
70695,1,1,3,9,42,484,3,2,2,"2025-04-17 15:57:23.527545","50000.00"
70696,1,1,3,9,42,484,2,2,2,"2025-06-24 09:12:57.602774","42000.00"
70697,1,1,3,9,42,484,1,2,2,"2024-10-14 06:39:34.591635","20000.00"
70701,1,1,3,9,43,485,4,1,1,"2025-03-31 21:39:21.177081","5000.00"
70703,1,1,3,9,43,485,2,1,1,"2024-12-25 19:02:59.810048","70000.00"
70704,1,1,3,9,43,485,1,1,1,"2024-10-01 21:34:08.785809","20000.00"
70708,1,1,3,9,43,486,4,6,6,"2025-04-21 05:42:23.106907","5000.00"
70710,1,1,3,9,43,486,2,6,6,"2025-01-18 21:39:16.981444","42000.00"
70711,1,1,3,9,43,486,1,6,6,"2024-10-16 10:36:15.791787","20000.00"
70716,1,1,3,9,44,487,3,6,6,"2025-06-19 16:10:11.876481","60000.00"
70717,1,1,3,9,44,487,2,6,6,"2025-02-14 06:46:04.03308","100000.00"
70718,1,1,3,9,44,487,1,6,6,"2024-10-30 18:27:20.969856","20000.00"
70723,1,1,3,9,44,488,3,2,2,"2024-12-07 21:19:23.274094","60000.00"
70724,1,1,3,9,44,488,2,2,2,"2024-11-19 05:29:40.570734","60000.00"
70725,1,1,3,9,44,488,1,2,2,"2024-10-28 05:40:34.955576","20000.00"
70729,1,1,3,9,45,489,4,5,5,"2025-03-23 08:35:45.879432","5000.00"
70731,1,1,3,9,45,489,2,5,5,"2025-01-03 09:20:52.654945","120000.00"
70732,1,1,3,9,45,489,1,5,5,"2024-10-16 15:05:56.131676","25000.00"
70736,1,1,3,9,45,490,4,4,4,"2025-01-21 18:31:07.926213","5000.00"
70738,1,1,3,9,45,490,2,4,4,"2025-06-19 20:14:27.812974","120000.00"
70739,1,1,3,9,45,490,1,4,4,"2024-10-04 03:45:53.967073","25000.00"
70744,1,1,3,10,46,491,3,10,10,"2025-05-29 18:37:41.503542","40000.00"
70745,1,1,3,10,46,491,2,10,10,"2025-02-23 04:13:55.563092","70000.00"
70746,1,1,3,10,46,491,1,10,10,"2024-10-27 17:00:08.479891","20000.00"
70751,1,1,3,10,46,492,3,7,7,"2025-05-03 08:52:11.104502","40000.00"
70752,1,1,3,10,46,492,2,7,7,"2025-06-10 02:36:10.568445","70000.00"
70753,1,1,3,10,46,492,1,7,7,"2024-10-31 07:35:46.617055","20000.00"
70757,1,1,3,10,47,493,4,6,6,"2025-01-19 11:45:33.057073","5000.00"
70759,1,1,3,10,47,493,2,6,6,"2025-01-04 09:09:41.808745","42000.00"
70760,1,1,3,10,47,493,1,6,6,"2024-10-05 14:28:10.073039","20000.00"
70764,1,1,3,10,47,494,4,2,2,"2024-10-05 10:37:06.491281","5000.00"
70766,1,1,3,10,47,494,2,2,2,"2025-06-27 00:05:35.274142","42000.00"
70767,1,1,3,10,47,494,1,2,2,"2024-10-21 06:34:37.16996","20000.00"
70772,1,1,3,10,48,495,3,1,1,"2024-11-28 10:56:55.392138","50000.00"
70773,1,1,3,10,48,495,2,1,1,"2024-12-21 17:59:15.851563","42000.00"
70774,1,1,3,10,48,495,1,1,1,"2024-10-04 03:52:00.557018","20000.00"
70779,1,1,3,10,48,496,3,9,9,"2025-04-07 11:07:50.767198","50000.00"
70780,1,1,3,10,48,496,2,9,9,"2025-04-15 02:55:29.866493","42000.00"
70781,1,1,3,10,48,496,1,9,9,"2024-10-29 17:38:27.317265","20000.00"
70787,1,1,3,10,49,497,2,7,7,"2025-05-21 08:50:11.189072","70000.00"
70788,1,1,3,10,49,497,1,7,7,"2024-10-22 15:50:33.305473","20000.00"
70794,1,1,3,10,49,498,2,3,3,"2025-04-29 23:08:54.554526","70000.00"
70795,1,1,3,10,49,498,1,3,3,"2024-10-17 01:36:38.36342","20000.00"
71518,5,5,14,42,1,602,6,8,8,"2025-06-11 08:55:41.829202","3000.00"
71520,5,5,14,42,1,602,4,8,8,"2025-02-26 18:48:04.097911","5000.00"
71522,5,5,14,42,1,602,2,8,8,"2024-12-14 17:20:57.943521","48000.00"
71523,5,5,14,42,1,602,1,8,8,"2024-10-05 16:51:29.08254","20000.00"
71525,5,5,14,42,1,603,6,2,2,"2025-06-29 01:40:49.318405","3000.00"
71527,5,5,14,42,1,603,4,2,2,"2024-11-02 08:50:04.142841","5000.00"
71529,5,5,14,42,1,603,2,2,2,"2025-04-02 22:06:54.086376","48000.00"
71530,5,5,14,42,1,603,1,2,2,"2024-10-07 20:18:24.786118","20000.00"
71533,5,5,14,42,2,604,5,7,7,"2025-04-26 04:58:34.024159","10000.00"
71534,5,5,14,42,2,604,4,7,7,"2024-12-06 21:45:23.777985","5000.00"
71535,5,5,14,42,2,604,3,7,7,"2025-04-17 19:00:17.044833","50000.00"
71536,5,5,14,42,2,604,2,7,7,"2024-11-24 05:18:26.516615","80000.00"
71537,5,5,14,42,2,604,1,7,7,"2024-10-11 05:44:08.096741","20000.00"
71540,5,5,14,42,2,605,5,10,10,"2025-06-20 05:26:44.570988","10000.00"
71541,5,5,14,42,2,605,4,10,10,"2025-06-07 20:27:42.61189","5000.00"
71542,5,5,14,42,2,605,3,10,10,"2025-06-14 08:10:17.504118","50000.00"
71543,5,5,14,42,2,605,2,10,10,"2025-01-07 16:30:21.524772","80000.00"
71544,5,5,14,42,2,605,1,10,10,"2024-10-21 18:18:49.084315","20000.00"
71548,5,5,14,42,3,606,4,5,5,"2025-05-22 15:00:05.625666","5000.00"
71550,5,5,14,42,3,606,2,5,5,"2025-01-01 09:54:29.967857","48000.00"
71551,5,5,14,42,3,606,1,5,5,"2024-10-20 15:39:41.826373","20000.00"
71555,5,5,14,42,3,607,4,9,9,"2025-04-10 05:02:23.194141","5000.00"
71557,5,5,14,42,3,607,2,9,9,"2024-11-11 02:40:46.387748","48000.00"
71558,5,5,14,42,3,607,1,9,9,"2024-10-29 22:16:04.067478","20000.00"
71563,5,5,14,42,4,608,3,8,8,"2024-12-17 13:52:31.38821","60000.00"
71564,5,5,14,42,4,608,2,8,8,"2025-04-13 18:28:18.290393","60000.00"
71565,5,5,14,42,4,608,1,8,8,"2024-10-17 15:41:36.811393","20000.00"
71570,5,5,14,42,4,609,3,8,8,"2025-04-04 14:15:33.814234","60000.00"
71571,5,5,14,42,4,609,2,8,8,"2024-10-25 10:01:37.164583","100000.00"
71572,5,5,14,42,4,609,1,8,8,"2024-10-03 00:07:10.144204","20000.00"
71576,5,5,14,42,5,610,4,1,1,"2025-03-07 13:31:00.126548","5000.00"
71578,5,5,14,42,5,610,2,1,1,"2025-03-31 13:39:45.492883","120000.00"
71579,5,5,14,42,5,610,1,1,1,"2024-10-05 23:20:23.72824","25000.00"
71583,5,5,14,42,5,611,4,4,4,"2024-11-20 09:40:12.383939","5000.00"
71585,5,5,14,42,5,611,2,4,4,"2025-03-04 08:04:34.416539","120000.00"
71586,5,5,14,42,5,611,1,4,4,"2024-10-05 15:26:27.247303","25000.00"
71591,1,1,1,2,6,612,3,4,4,"2025-01-18 22:16:08.704261","50000.00"
71592,1,1,1,2,6,612,2,4,4,"2024-11-15 22:19:18.139027","120000.00"
71593,1,1,1,2,6,612,1,4,4,"2024-10-29 14:56:24.125649","25000.00"
71598,1,1,1,2,6,613,3,8,8,"2025-06-25 06:06:43.68987","50000.00"
71599,1,1,1,2,6,613,2,8,8,"2024-11-16 07:05:22.38701","72000.00"
71600,1,1,1,2,6,613,1,8,8,"2024-10-23 19:31:02.177784","25000.00"
71604,1,1,1,2,7,614,4,4,4,"2025-03-01 20:09:09.407018","5000.00"
71606,1,1,1,2,7,614,2,4,4,"2024-12-19 17:43:28.233519","42000.00"
71607,1,1,1,2,7,614,1,4,4,"2024-10-06 08:25:52.788068","20000.00"
71611,1,1,1,2,7,615,4,8,8,"2024-10-26 14:15:11.429757","5000.00"
71613,1,1,1,2,7,615,2,8,8,"2025-06-02 19:47:39.934887","70000.00"
71614,1,1,1,2,7,615,1,8,8,"2024-10-28 17:53:18.966636","20000.00"
71619,1,1,1,2,8,616,3,9,9,"2025-02-10 13:23:27.327493","40000.00"
71620,1,1,1,2,8,616,2,9,9,"2024-10-08 15:49:05.456355","70000.00"
71621,1,1,1,2,8,616,1,9,9,"2024-10-20 14:25:56.752166","20000.00"
71626,1,1,1,2,8,617,3,7,7,"2024-10-29 09:07:14.556525","40000.00"
71627,1,1,1,2,8,617,2,7,7,"2024-10-30 08:32:49.568621","42000.00"
71628,1,1,1,2,8,617,1,7,7,"2024-10-14 09:55:43.630325","20000.00"
71634,1,1,1,2,9,618,2,10,10,"2025-02-18 12:32:16.987105","70000.00"
71635,1,1,1,2,9,618,1,10,10,"2024-10-09 08:40:08.847122","20000.00"
71641,1,1,1,2,9,619,2,8,8,"2024-11-18 12:49:47.469767","70000.00"
71642,1,1,1,2,9,619,1,8,8,"2024-10-11 14:46:14.501793","20000.00"
71647,1,1,1,2,10,620,3,5,5,"2025-02-11 08:35:08.561095","50000.00"
71648,1,1,1,2,10,620,2,5,5,"2025-06-01 16:26:37.407644","42000.00"
71649,1,1,1,2,10,620,1,5,5,"2024-10-27 15:26:11.773177","20000.00"
71654,1,1,1,2,10,621,3,3,3,"2025-04-25 01:57:37.122523","50000.00"
71655,1,1,1,2,10,621,2,3,3,"2024-10-24 03:49:16.194538","42000.00"
71656,1,1,1,2,10,621,1,3,3,"2024-10-24 06:40:01.312245","20000.00"
71660,1,1,1,3,11,622,4,4,4,"2025-03-24 03:23:40.248699","5000.00"
71662,1,1,1,3,11,622,2,4,4,"2024-12-15 09:18:15.106611","42000.00"
71663,1,1,1,3,11,622,1,4,4,"2024-10-25 19:52:33.645227","20000.00"
71667,1,1,1,3,11,623,4,1,1,"2024-12-13 10:32:43.707079","5000.00"
71669,1,1,1,3,11,623,2,1,1,"2025-02-25 21:26:43.745201","70000.00"
71670,1,1,1,3,11,623,1,1,1,"2024-10-04 22:47:29.8437","20000.00"
71676,1,1,1,3,12,624,2,1,1,"2025-06-15 12:49:35.519663","70000.00"
71677,1,1,1,3,12,624,1,1,1,"2024-10-02 22:02:37.924739","20000.00"
71683,1,1,1,3,12,625,2,9,9,"2025-04-30 10:06:33.191337","70000.00"
71684,1,1,1,3,12,625,1,9,9,"2024-10-26 13:49:47.847739","20000.00"
71688,1,1,1,3,13,626,4,7,7,"2025-04-09 18:30:10.622437","5000.00"
71690,1,1,1,3,13,626,2,7,7,"2025-02-21 01:46:18.05832","42000.00"
71691,1,1,1,3,13,626,1,7,7,"2024-10-09 22:29:01.018543","20000.00"
71695,1,1,1,3,13,627,4,9,9,"2025-04-11 02:59:38.94587","5000.00"
71697,1,1,1,3,13,627,2,9,9,"2024-12-06 10:04:15.407558","70000.00"
71698,1,1,1,3,13,627,1,9,9,"2024-10-11 09:50:32.741383","20000.00"
71702,1,1,1,3,14,628,4,3,3,"2025-03-04 23:41:31.07592","5000.00"
71704,1,1,1,3,14,628,2,3,3,"2025-01-11 01:36:45.991421","70000.00"
71705,1,1,1,3,14,628,1,3,3,"2024-10-30 00:01:29.551457","20000.00"
71709,1,1,1,3,14,629,4,3,3,"2024-11-26 05:24:26.281158","5000.00"
71711,1,1,1,3,14,629,2,3,3,"2024-11-23 08:09:44.406978","42000.00"
71712,1,1,1,3,14,629,1,3,3,"2024-10-10 22:31:56.539138","20000.00"
71714,1,1,1,3,15,630,6,9,9,"2025-01-29 02:55:53.434056","3000.00"
71718,1,1,1,3,15,630,2,9,9,"2025-02-19 21:48:02.187479","70000.00"
71719,1,1,1,3,15,630,1,9,9,"2024-10-10 19:11:26.584667","20000.00"
71721,1,1,1,3,15,631,6,2,2,"2024-10-11 15:23:46.895335","3000.00"
71725,1,1,1,3,15,631,2,2,2,"2025-06-11 00:34:53.807654","42000.00"
71726,1,1,1,3,15,631,1,2,2,"2024-10-07 05:39:50.894038","20000.00"
71731,1,1,1,4,16,632,3,7,7,"2025-01-08 07:02:56.94067","40000.00"
71732,1,1,1,4,16,632,2,7,7,"2024-10-13 00:24:19.314221","42000.00"
71733,1,1,1,4,16,632,1,7,7,"2024-10-24 18:32:50.38809","20000.00"
71738,1,1,1,4,16,633,3,9,9,"2025-06-04 19:39:19.192897","40000.00"
71739,1,1,1,4,16,633,2,9,9,"2025-05-15 01:08:07.708712","70000.00"
71740,1,1,1,4,16,633,1,9,9,"2024-10-23 10:27:58.908075","20000.00"
71744,1,1,1,4,17,634,4,3,3,"2025-04-01 12:42:26.604255","5000.00"
71746,1,1,1,4,17,634,2,3,3,"2025-05-08 00:16:05.859634","42000.00"
71747,1,1,1,4,17,634,1,3,3,"2024-10-17 11:51:34.881812","20000.00"
71751,1,1,1,4,17,635,4,7,7,"2025-02-20 03:31:03.386856","5000.00"
71753,1,1,1,4,17,635,2,7,7,"2024-12-10 19:12:09.334334","70000.00"
71754,1,1,1,4,17,635,1,7,7,"2024-10-18 07:22:59.417873","20000.00"
71757,1,1,1,4,18,636,5,7,7,"2025-06-02 23:47:38.225242","10000.00"
71758,1,1,1,4,18,636,4,7,7,"2025-03-01 17:57:38.97519","5000.00"
71759,1,1,1,4,18,636,3,7,7,"2025-05-09 06:05:50.20932","50000.00"
71760,1,1,1,4,18,636,2,7,7,"2024-11-07 10:26:58.084129","150000.00"
71761,1,1,1,4,18,636,1,7,7,"2024-10-04 05:12:27.071405","30000.00"
71764,1,1,1,4,18,637,5,8,8,"2025-05-08 05:39:36.634952","10000.00"
71765,1,1,1,4,18,637,4,8,8,"2025-04-12 06:51:24.285","5000.00"
71766,1,1,1,4,18,637,3,8,8,"2025-06-29 18:32:06.986062","50000.00"
71767,1,1,1,4,18,637,2,8,8,"2025-02-22 03:51:53.561134","150000.00"
71768,1,1,1,4,18,637,1,8,8,"2024-10-19 06:04:31.988789","30000.00"
71770,1,1,1,4,19,638,6,7,7,"2025-06-29 17:08:03.427656","3000.00"
71772,1,1,1,4,19,638,4,7,7,"2025-04-28 08:03:49.826004","5000.00"
71774,1,1,1,4,19,638,2,7,7,"2025-03-07 04:41:08.864653","48000.00"
71775,1,1,1,4,19,638,1,7,7,"2024-10-05 15:12:34.277792","20000.00"
71777,1,1,1,4,19,639,6,5,5,"2025-05-21 20:38:44.004666","3000.00"
71779,1,1,1,4,19,639,4,5,5,"2025-05-11 10:10:43.945917","5000.00"
71781,1,1,1,4,19,639,2,5,5,"2024-12-01 11:13:21.098745","48000.00"
71782,1,1,1,4,19,639,1,5,5,"2024-10-18 04:34:21.714902","20000.00"
71786,1,1,1,4,20,640,4,5,5,"2024-11-17 12:09:52.383931","5000.00"
71788,1,1,1,4,20,640,2,5,5,"2025-03-29 08:10:54.450444","54000.00"
71789,1,1,1,4,20,640,1,5,5,"2024-10-16 22:28:25.029701","20000.00"
71793,1,1,1,4,20,641,4,6,6,"2025-05-07 14:53:59.079638","5000.00"
71795,1,1,1,4,20,641,2,6,6,"2025-02-22 16:36:34.824659","54000.00"
71796,1,1,1,4,20,641,1,6,6,"2024-10-24 21:05:47.305605","20000.00"
71800,1,1,2,5,21,642,4,5,5,"2024-10-13 19:37:47.168406","5000.00"
71802,1,1,2,5,21,642,2,5,5,"2024-12-23 02:55:30.758435","80000.00"
71803,1,1,2,5,21,642,1,5,5,"2024-10-17 09:02:21.546057","20000.00"
71807,1,1,2,5,21,643,4,2,2,"2024-10-16 07:33:20.237853","5000.00"
71809,1,1,2,5,21,643,2,2,2,"2024-12-01 15:17:29.474073","48000.00"
71810,1,1,2,5,21,643,1,2,2,"2024-10-26 07:07:28.143063","20000.00"
71815,1,1,2,5,22,644,3,7,7,"2025-03-16 07:15:30.41401","50000.00"
71816,1,1,2,5,22,644,2,7,7,"2024-11-05 18:58:10.565545","80000.00"
71817,1,1,2,5,22,644,1,7,7,"2024-10-02 07:06:51.203809","20000.00"
71822,1,1,2,5,22,645,3,4,4,"2025-04-12 17:48:42.714708","50000.00"
71823,1,1,2,5,22,645,2,4,4,"2024-11-28 02:05:55.479132","80000.00"
71824,1,1,2,5,22,645,1,4,4,"2024-10-30 20:28:51.894498","20000.00"
71828,1,1,2,5,23,646,4,1,1,"2025-03-16 04:40:37.752723","5000.00"
71830,1,1,2,5,23,646,2,1,1,"2025-01-15 07:49:04.929966","48000.00"
71831,1,1,2,5,23,646,1,1,1,"2024-10-19 04:52:20.248621","20000.00"
71835,1,1,2,5,23,647,4,8,8,"2025-03-03 13:04:54.268989","5000.00"
71837,1,1,2,5,23,647,2,8,8,"2024-10-28 00:41:14.101802","48000.00"
71838,1,1,2,5,23,647,1,8,8,"2024-10-15 20:14:00.909176","20000.00"
71843,1,1,2,5,24,648,3,5,5,"2025-04-24 16:27:09.614044","60000.00"
71844,1,1,2,5,24,648,2,5,5,"2024-10-25 13:53:15.11616","100000.00"
71845,1,1,2,5,24,648,1,5,5,"2024-10-18 09:25:14.223066","20000.00"
71850,1,1,2,5,24,649,3,10,10,"2024-10-01 22:14:08.906921","60000.00"
71851,1,1,2,5,24,649,2,10,10,"2025-05-09 22:06:01.374339","100000.00"
71852,1,1,2,5,24,649,1,10,10,"2024-10-16 05:20:27.575989","20000.00"
71856,1,1,2,5,25,650,4,5,5,"2025-01-05 17:08:48.877228","5000.00"
71858,1,1,2,5,25,650,2,5,5,"2024-12-12 20:33:00.034018","72000.00"
71859,1,1,2,5,25,650,1,5,5,"2024-10-04 09:39:31.454677","25000.00"
71863,2,2,7,21,101,651,4,6,6,"2025-03-18 11:21:37.458264","5000.00"
71865,2,2,7,21,101,651,2,6,6,"2025-04-18 09:14:31.274874","80000.00"
71866,2,2,7,21,101,651,1,6,6,"2024-10-10 09:23:09.065426","20000.00"
71870,2,2,7,21,101,652,4,1,1,"2025-05-26 08:07:07.153576","5000.00"
71872,2,2,7,21,101,652,2,1,1,"2025-04-02 14:37:21.279222","80000.00"
71873,2,2,7,21,101,652,1,1,1,"2024-10-08 00:54:47.824687","20000.00"
71877,2,2,7,21,101,653,4,3,3,"2025-03-30 08:42:33.835913","5000.00"
71879,2,2,7,21,101,653,2,3,3,"2024-10-29 06:30:53.368983","80000.00"
71880,2,2,7,21,101,653,1,3,3,"2024-10-16 07:48:26.858112","20000.00"
71884,2,2,7,21,101,654,4,9,9,"2025-02-19 13:36:12.587568","5000.00"
71886,2,2,7,21,101,654,2,9,9,"2024-12-24 06:23:33.433186","48000.00"
71887,2,2,7,21,101,654,1,9,9,"2024-10-16 18:34:56.808109","20000.00"
71891,2,2,7,21,101,655,4,8,8,"2025-06-23 14:47:29.993581","5000.00"
71893,2,2,7,21,101,655,2,8,8,"2025-05-05 10:05:35.431052","80000.00"
71894,2,2,7,21,101,655,1,8,8,"2024-10-21 06:33:04.112995","20000.00"
71898,2,2,7,21,101,656,4,10,10,"2025-05-16 14:22:03.402402","5000.00"
71900,2,2,7,21,101,656,2,10,10,"2024-12-26 01:32:54.245647","80000.00"
71901,2,2,7,21,101,656,1,10,10,"2024-10-11 23:41:31.46631","20000.00"
71905,2,2,7,21,101,657,4,10,10,"2025-04-25 10:23:04.236636","5000.00"
71907,2,2,7,21,101,657,2,10,10,"2025-06-06 02:46:03.665351","80000.00"
71908,2,2,7,21,101,657,1,10,10,"2024-10-23 07:35:56.909169","20000.00"
71912,2,2,7,21,101,658,4,8,8,"2024-12-07 01:49:20.118013","5000.00"
71914,2,2,7,21,101,658,2,8,8,"2025-02-05 00:04:38.605085","48000.00"
71915,2,2,7,21,101,658,1,8,8,"2024-10-09 13:02:57.987918","20000.00"
71919,2,2,7,21,101,659,4,3,3,"2025-03-29 13:14:41.067444","5000.00"
71921,2,2,7,21,101,659,2,3,3,"2025-01-11 22:44:39.472261","80000.00"
71922,2,2,7,21,101,659,1,3,3,"2024-10-03 01:04:05.773505","20000.00"
71926,2,2,7,21,101,660,4,7,7,"2024-10-24 02:59:58.497274","5000.00"
71928,2,2,7,21,101,660,2,7,7,"2025-01-26 05:36:26.186995","80000.00"
71929,2,2,7,21,101,660,1,7,7,"2024-10-12 01:36:31.110811","20000.00"
71933,2,2,7,21,102,661,4,1,1,"2025-01-03 02:18:45.771571","5000.00"
71935,2,2,7,21,102,661,2,1,1,"2025-01-08 07:14:22.228105","80000.00"
71936,2,2,7,21,102,661,1,1,1,"2024-10-11 21:26:19.850607","20000.00"
71940,2,2,7,21,102,662,4,5,5,"2025-03-27 03:45:09.805901","5000.00"
71942,2,2,7,21,102,662,2,5,5,"2024-11-11 06:31:02.343671","48000.00"
71943,2,2,7,21,102,662,1,5,5,"2024-10-09 13:58:46.631189","20000.00"
71947,2,2,7,21,102,663,4,7,7,"2024-11-22 02:23:19.173367","5000.00"
71949,2,2,7,21,102,663,2,7,7,"2025-02-11 13:25:05.792678","48000.00"
71950,2,2,7,21,102,663,1,7,7,"2024-10-06 13:09:40.436546","20000.00"
71954,2,2,7,21,102,664,4,6,6,"2024-12-02 19:16:11.633592","5000.00"
71956,2,2,7,21,102,664,2,6,6,"2025-01-29 08:34:18.899037","80000.00"
71957,2,2,7,21,102,664,1,6,6,"2024-10-29 17:43:11.890169","20000.00"
71961,2,2,7,21,102,665,4,3,3,"2024-11-03 21:06:35.475959","5000.00"
71963,2,2,7,21,102,665,2,3,3,"2025-04-21 08:24:34.340061","80000.00"
71964,2,2,7,21,102,665,1,3,3,"2024-10-15 23:52:46.423767","20000.00"
71968,2,2,7,21,102,666,4,5,5,"2025-03-21 18:32:20.537415","5000.00"
71970,2,2,7,21,102,666,2,5,5,"2025-04-27 07:17:24.283345","80000.00"
71971,2,2,7,21,102,666,1,5,5,"2024-10-04 00:15:46.400003","20000.00"
71975,2,2,7,21,102,667,4,7,7,"2025-03-17 12:46:16.172437","5000.00"
71977,2,2,7,21,102,667,2,7,7,"2025-02-13 04:51:37.576256","48000.00"
71978,2,2,7,21,102,667,1,7,7,"2024-10-29 00:11:20.824563","20000.00"
71982,2,2,7,21,102,668,4,8,8,"2024-12-07 20:16:42.244086","5000.00"
71984,2,2,7,21,102,668,2,8,8,"2025-01-22 14:27:34.687361","80000.00"
71985,2,2,7,21,102,668,1,8,8,"2024-10-30 10:40:19.255586","20000.00"
71989,2,2,7,21,102,669,4,6,6,"2025-02-23 13:19:02.858289","5000.00"
71991,2,2,7,21,102,669,2,6,6,"2025-06-04 06:13:07.28414","48000.00"
71992,2,2,7,21,102,669,1,6,6,"2024-10-22 01:20:08.404031","20000.00"
71996,2,2,7,21,102,670,4,2,2,"2024-11-01 19:23:55.664301","5000.00"
71998,2,2,7,21,102,670,2,2,2,"2025-06-09 21:17:49.959791","48000.00"
71999,2,2,7,21,102,670,1,2,2,"2024-10-23 08:35:04.587885","20000.00"
72003,2,2,7,21,103,671,4,9,9,"2025-05-04 19:52:36.644428","5000.00"
72005,2,2,7,21,103,671,2,9,9,"2025-02-05 13:38:41.396812","48000.00"
72006,2,2,7,21,103,671,1,9,9,"2024-10-08 21:12:40.375595","20000.00"
72010,2,2,7,21,103,672,4,4,4,"2024-11-07 12:25:44.988885","5000.00"
72012,2,2,7,21,103,672,2,4,4,"2024-12-06 23:39:34.34759","48000.00"
72013,2,2,7,21,103,672,1,4,4,"2024-10-28 06:06:22.559743","20000.00"
72017,2,2,7,21,103,673,4,9,9,"2024-10-18 22:25:14.052382","5000.00"
72019,2,2,7,21,103,673,2,9,9,"2024-10-10 02:22:21.95104","80000.00"
72020,2,2,7,21,103,673,1,9,9,"2024-10-20 05:00:38.544917","20000.00"
72024,2,2,7,21,103,674,4,1,1,"2025-02-18 03:26:24.069757","5000.00"
72026,2,2,7,21,103,674,2,1,1,"2025-03-17 22:34:01.1702","48000.00"
72027,2,2,7,21,103,674,1,1,1,"2024-10-25 19:19:52.722028","20000.00"
72031,2,2,7,21,103,675,4,2,2,"2025-01-24 22:19:19.034219","5000.00"
72033,2,2,7,21,103,675,2,2,2,"2024-12-16 01:44:50.542149","80000.00"
72034,2,2,7,21,103,675,1,2,2,"2024-10-21 00:42:25.955041","20000.00"
72038,2,2,7,21,103,676,4,7,7,"2025-01-09 10:38:32.08008","5000.00"
72040,2,2,7,21,103,676,2,7,7,"2025-05-26 01:22:45.021867","80000.00"
72041,2,2,7,21,103,676,1,7,7,"2024-10-20 11:11:31.460681","20000.00"
72045,2,2,7,21,103,677,4,6,6,"2025-04-15 09:43:06.190808","5000.00"
72047,2,2,7,21,103,677,2,6,6,"2025-03-02 10:24:09.703816","80000.00"
72048,2,2,7,21,103,677,1,6,6,"2024-10-26 01:59:23.672814","20000.00"
72052,2,2,7,21,103,678,4,9,9,"2025-01-23 12:50:10.679695","5000.00"
72054,2,2,7,21,103,678,2,9,9,"2025-01-27 21:28:57.650433","80000.00"
72055,2,2,7,21,103,678,1,9,9,"2024-10-06 11:58:36.311401","20000.00"
72059,2,2,7,21,103,679,4,2,2,"2025-01-29 15:59:18.532712","5000.00"
72061,2,2,7,21,103,679,2,2,2,"2024-10-22 14:00:10.193423","80000.00"
72062,2,2,7,21,103,679,1,2,2,"2024-10-02 10:27:38.565218","20000.00"
72066,2,2,7,21,103,680,4,8,8,"2024-12-10 06:33:03.030942","5000.00"
72068,2,2,7,21,103,680,2,8,8,"2025-04-27 07:44:07.785078","80000.00"
72069,2,2,7,21,103,680,1,8,8,"2024-10-03 18:44:44.217036","20000.00"
72073,2,2,7,22,104,681,4,8,8,"2025-05-01 06:35:52.124639","5000.00"
72075,2,2,7,22,104,681,2,8,8,"2025-03-10 23:38:03.674486","48000.00"
72076,2,2,7,22,104,681,1,8,8,"2024-10-12 16:02:11.106448","20000.00"
72080,2,2,7,22,104,682,4,9,9,"2024-10-07 04:03:29.284741","5000.00"
72082,2,2,7,22,104,682,2,9,9,"2024-12-25 17:13:55.858415","48000.00"
72083,2,2,7,22,104,682,1,9,9,"2024-10-29 23:02:22.354005","20000.00"
72087,2,2,7,22,104,683,4,3,3,"2024-12-25 12:23:23.687652","5000.00"
72089,2,2,7,22,104,683,2,3,3,"2025-02-02 10:19:54.7896","80000.00"
72090,2,2,7,22,104,683,1,3,3,"2024-10-26 15:09:20.4553","20000.00"
72094,2,2,7,22,104,684,4,2,2,"2025-06-12 04:24:50.275185","5000.00"
72096,2,2,7,22,104,684,2,2,2,"2025-01-12 12:39:49.385373","80000.00"
72097,2,2,7,22,104,684,1,2,2,"2024-10-30 09:28:13.315829","20000.00"
72101,2,2,7,22,104,685,4,8,8,"2025-06-25 09:21:55.296832","5000.00"
72103,2,2,7,22,104,685,2,8,8,"2025-05-11 05:16:02.760232","48000.00"
72104,2,2,7,22,104,685,1,8,8,"2024-10-03 08:35:31.026868","20000.00"
72108,2,2,7,22,104,686,4,6,6,"2025-01-13 04:19:55.345684","5000.00"
72110,2,2,7,22,104,686,2,6,6,"2025-03-26 16:28:51.065026","48000.00"
72111,2,2,7,22,104,686,1,6,6,"2024-10-26 23:01:42.947805","20000.00"
72115,2,2,7,22,104,687,4,8,8,"2025-04-14 20:28:25.939895","5000.00"
72117,2,2,7,22,104,687,2,8,8,"2025-06-20 21:54:43.119857","80000.00"
72118,2,2,7,22,104,687,1,8,8,"2024-10-30 15:51:41.513565","20000.00"
72122,2,2,7,22,104,688,4,8,8,"2024-12-15 20:14:01.151154","5000.00"
72124,2,2,7,22,104,688,2,8,8,"2025-01-21 19:28:09.225109","48000.00"
72125,2,2,7,22,104,688,1,8,8,"2024-10-28 09:58:11.990933","20000.00"
72129,2,2,7,22,104,689,4,10,10,"2025-03-29 21:42:52.565581","5000.00"
72131,2,2,7,22,104,689,2,10,10,"2025-05-20 09:36:54.243832","48000.00"
72132,2,2,7,22,104,689,1,10,10,"2024-10-01 19:07:30.074319","20000.00"
72136,2,2,7,22,104,690,4,5,5,"2025-05-21 19:57:27.786664","5000.00"
72138,2,2,7,22,104,690,2,5,5,"2025-06-24 19:34:16.36984","48000.00"
72139,2,2,7,22,104,690,1,5,5,"2024-10-19 09:36:46.301278","20000.00"
72143,2,2,7,22,105,691,4,2,2,"2025-01-31 21:28:47.032109","5000.00"
72145,2,2,7,22,105,691,2,2,2,"2025-05-26 05:19:31.575594","48000.00"
72146,2,2,7,22,105,691,1,2,2,"2024-10-09 00:49:11.178591","20000.00"
72150,2,2,7,22,105,692,4,8,8,"2024-11-15 21:43:08.377941","5000.00"
72152,2,2,7,22,105,692,2,8,8,"2025-06-13 17:09:49.347933","80000.00"
72153,2,2,7,22,105,692,1,8,8,"2024-10-22 05:06:43.598166","20000.00"
72157,2,2,7,22,105,693,4,8,8,"2025-02-06 16:50:23.549582","5000.00"
72159,2,2,7,22,105,693,2,8,8,"2024-12-05 17:37:18.337966","80000.00"
72160,2,2,7,22,105,693,1,8,8,"2024-10-08 16:46:19.863566","20000.00"
72164,2,2,7,22,105,694,4,3,3,"2024-11-20 00:59:53.545811","5000.00"
72166,2,2,7,22,105,694,2,3,3,"2025-06-27 09:31:27.838824","48000.00"
72167,2,2,7,22,105,694,1,3,3,"2024-10-20 05:41:13.754657","20000.00"
72171,2,2,7,22,105,695,4,8,8,"2025-04-04 19:08:55.486702","5000.00"
72173,2,2,7,22,105,695,2,8,8,"2025-03-20 02:39:45.262111","80000.00"
72174,2,2,7,22,105,695,1,8,8,"2024-10-26 19:37:48.326691","20000.00"
72178,2,2,7,22,105,696,4,5,5,"2025-04-15 07:25:52.363607","5000.00"
72180,2,2,7,22,105,696,2,5,5,"2025-04-14 16:56:52.618373","48000.00"
72181,2,2,7,22,105,696,1,5,5,"2024-10-29 13:35:28.651701","20000.00"
72185,2,2,7,22,105,697,4,4,4,"2025-01-30 09:57:54.781744","5000.00"
72187,2,2,7,22,105,697,2,4,4,"2025-05-05 06:36:17.9645","80000.00"
72188,2,2,7,22,105,697,1,4,4,"2024-10-23 23:26:32.677298","20000.00"
72192,2,2,7,22,105,698,4,4,4,"2025-01-30 01:02:48.260756","5000.00"
72194,2,2,7,22,105,698,2,4,4,"2024-11-20 19:49:44.307337","48000.00"
72195,2,2,7,22,105,698,1,4,4,"2024-10-22 14:33:15.564962","20000.00"
72199,2,2,7,22,105,699,4,8,8,"2024-11-17 13:55:07.314392","5000.00"
72201,2,2,7,22,105,699,2,8,8,"2025-04-20 08:14:25.138643","48000.00"
72202,2,2,7,22,105,699,1,8,8,"2024-10-03 08:04:47.420338","20000.00"
72206,2,2,7,22,105,700,4,9,9,"2025-02-07 10:42:59.862433","5000.00"
72208,2,2,7,22,105,700,2,9,9,"2025-03-21 01:56:39.387377","48000.00"
72209,2,2,7,22,105,700,1,9,9,"2024-10-29 19:48:13.278211","20000.00"
72213,2,2,7,22,106,701,4,7,7,"2025-01-23 03:06:56.945673","5000.00"
72215,2,2,7,22,106,701,2,7,7,"2024-11-13 23:13:01.874252","80000.00"
72216,2,2,7,22,106,701,1,7,7,"2024-10-29 18:11:05.51365","20000.00"
72220,2,2,7,22,106,702,4,1,1,"2025-02-15 08:29:54.917579","5000.00"
72222,2,2,7,22,106,702,2,1,1,"2025-03-16 02:50:09.924668","80000.00"
72223,2,2,7,22,106,702,1,1,1,"2024-10-03 14:33:29.820202","20000.00"
72227,2,2,7,22,106,703,4,5,5,"2025-04-05 02:26:09.131783","5000.00"
72229,2,2,7,22,106,703,2,5,5,"2024-11-19 15:00:03.440271","80000.00"
72230,2,2,7,22,106,703,1,5,5,"2024-10-01 17:52:26.720417","20000.00"
72234,2,2,7,22,106,704,4,5,5,"2025-03-21 11:22:47.02067","5000.00"
72236,2,2,7,22,106,704,2,5,5,"2025-02-14 16:55:40.390183","80000.00"
72237,2,2,7,22,106,704,1,5,5,"2024-10-25 04:48:06.644611","20000.00"
72241,2,2,7,22,106,705,4,6,6,"2025-06-27 10:55:50.324281","5000.00"
72243,2,2,7,22,106,705,2,6,6,"2025-03-19 11:22:21.337376","48000.00"
72244,2,2,7,22,106,705,1,6,6,"2024-10-11 13:13:46.423658","20000.00"
72248,2,2,7,22,106,706,4,6,6,"2024-11-16 13:42:23.072097","5000.00"
72250,2,2,7,22,106,706,2,6,6,"2025-03-23 13:49:45.823052","80000.00"
72251,2,2,7,22,106,706,1,6,6,"2024-10-30 01:01:31.383239","20000.00"
72255,2,2,7,22,106,707,4,3,3,"2025-01-23 00:49:01.223002","5000.00"
72257,2,2,7,22,106,707,2,3,3,"2025-05-10 15:51:27.676446","48000.00"
72258,2,2,7,22,106,707,1,3,3,"2024-10-05 04:25:27.595058","20000.00"
72262,2,2,7,22,106,708,4,10,10,"2024-12-06 20:29:00.279829","5000.00"
72264,2,2,7,22,106,708,2,10,10,"2024-10-03 23:27:04.683038","80000.00"
72265,2,2,7,22,106,708,1,10,10,"2024-10-06 05:11:54.203763","20000.00"
72269,2,2,7,22,106,709,4,3,3,"2025-06-27 05:59:15.869452","5000.00"
72271,2,2,7,22,106,709,2,3,3,"2025-04-06 23:42:50.581527","48000.00"
72272,2,2,7,22,106,709,1,3,3,"2024-10-15 18:45:20.198812","20000.00"
72276,2,2,7,22,106,710,4,8,8,"2025-03-21 16:54:15.11217","5000.00"
72278,2,2,7,22,106,710,2,8,8,"2025-02-08 17:15:55.050047","80000.00"
72279,2,2,7,22,106,710,1,8,8,"2024-10-06 01:08:23.9949","20000.00"
72283,2,2,7,23,107,711,4,10,10,"2024-11-04 22:37:51.041508","5000.00"
72285,2,2,7,23,107,711,2,10,10,"2024-10-16 10:57:30.47294","70000.00"
72286,2,2,7,23,107,711,1,10,10,"2024-10-06 10:32:24.353905","20000.00"
72290,2,2,7,23,107,712,4,5,5,"2024-10-19 14:01:25.30619","5000.00"
72292,2,2,7,23,107,712,2,5,5,"2024-10-26 06:35:16.567373","70000.00"
72293,2,2,7,23,107,712,1,5,5,"2024-10-24 17:12:02.470767","20000.00"
72297,2,2,7,23,107,713,4,8,8,"2024-12-22 05:02:54.227422","5000.00"
72299,2,2,7,23,107,713,2,8,8,"2025-01-31 18:12:32.201152","42000.00"
72300,2,2,7,23,107,713,1,8,8,"2024-10-16 00:22:31.80591","20000.00"
72304,2,2,7,23,107,714,4,1,1,"2025-05-11 23:46:06.41865","5000.00"
72306,2,2,7,23,107,714,2,1,1,"2025-02-03 14:54:06.54518","70000.00"
72307,2,2,7,23,107,714,1,1,1,"2024-10-10 01:31:54.44008","20000.00"
72311,2,2,7,23,107,715,4,10,10,"2025-05-10 03:25:17.431597","5000.00"
72313,2,2,7,23,107,715,2,10,10,"2025-06-03 05:57:10.98345","70000.00"
72314,2,2,7,23,107,715,1,10,10,"2024-10-21 22:20:32.329981","20000.00"
72318,2,2,7,23,107,716,4,9,9,"2025-03-01 13:50:09.087562","5000.00"
72320,2,2,7,23,107,716,2,9,9,"2024-10-23 13:26:42.027606","70000.00"
72321,2,2,7,23,107,716,1,9,9,"2024-10-04 02:57:19.185705","20000.00"
72325,2,2,7,23,107,717,4,2,2,"2025-02-21 12:33:48.348138","5000.00"
72327,2,2,7,23,107,717,2,2,2,"2024-10-14 21:53:19.870843","42000.00"
72328,2,2,7,23,107,717,1,2,2,"2024-10-17 23:36:09.944764","20000.00"
72332,2,2,7,23,107,718,4,4,4,"2025-02-18 12:29:13.188929","5000.00"
72334,2,2,7,23,107,718,2,4,4,"2024-10-03 17:54:05.65341","42000.00"
72335,2,2,7,23,107,718,1,4,4,"2024-10-10 03:25:27.036371","20000.00"
72339,2,2,7,23,107,719,4,10,10,"2025-06-28 20:58:41.129323","5000.00"
72341,2,2,7,23,107,719,2,10,10,"2025-03-23 20:51:47.470403","70000.00"
72342,2,2,7,23,107,719,1,10,10,"2024-10-07 22:04:06.429588","20000.00"
72346,2,2,7,23,107,720,4,5,5,"2025-04-11 02:45:47.160652","5000.00"
72348,2,2,7,23,107,720,2,5,5,"2025-04-01 14:13:34.508082","42000.00"
72349,2,2,7,23,107,720,1,5,5,"2024-10-15 04:36:41.404964","20000.00"
72353,2,2,7,21,101,721,4,9,9,"2025-04-25 06:17:57.0675","5000.00"
72355,2,2,7,21,101,721,2,9,9,"2025-05-14 02:45:15.452934","48000.00"
72356,2,2,7,21,101,721,1,9,9,"2024-10-12 17:41:43.134049","20000.00"
72360,2,2,7,21,102,722,4,6,6,"2024-10-18 19:50:22.871515","5000.00"
72362,2,2,7,21,102,722,2,6,6,"2025-03-04 20:51:02.691829","80000.00"
72363,2,2,7,21,102,722,1,6,6,"2024-10-21 12:35:10.207335","20000.00"
72367,2,2,7,21,103,723,4,9,9,"2024-11-01 08:22:03.548854","5000.00"
72369,2,2,7,21,103,723,2,9,9,"2025-05-27 06:31:56.417302","48000.00"
72370,2,2,7,21,103,723,1,9,9,"2024-10-03 21:59:18.343338","20000.00"
72374,2,2,7,22,104,724,4,9,9,"2025-04-21 10:51:14.821085","5000.00"
72376,2,2,7,22,104,724,2,9,9,"2025-01-21 13:10:41.355704","80000.00"
72377,2,2,7,22,104,724,1,9,9,"2024-10-27 11:47:25.915283","20000.00"
72381,2,2,7,22,105,725,4,9,9,"2025-04-12 11:19:22.041385","5000.00"
72383,2,2,7,22,105,725,2,9,9,"2025-05-25 00:09:59.967588","80000.00"
72384,2,2,7,22,105,725,1,9,9,"2024-10-22 06:40:28.993857","20000.00"
72388,2,2,7,22,106,726,4,1,1,"2025-03-03 14:26:46.007822","5000.00"
72390,2,2,7,22,106,726,2,1,1,"2025-05-22 02:13:47.903215","48000.00"
72391,2,2,7,22,106,726,1,1,1,"2024-10-02 05:07:05.707221","20000.00"
72395,2,2,7,23,107,727,4,1,1,"2025-05-31 04:38:56.135932","5000.00"
72397,2,2,7,23,107,727,2,1,1,"2024-12-19 08:57:12.568053","42000.00"
72398,2,2,7,23,107,727,1,1,1,"2024-10-15 02:58:21.601407","20000.00"
72402,2,2,7,23,108,728,4,9,9,"2025-04-16 03:11:19.163014","5000.00"
72404,2,2,7,23,108,728,2,9,9,"2025-04-27 06:35:32.358833","42000.00"
72405,2,2,7,23,108,728,1,9,9,"2024-10-30 03:56:57.43832","20000.00"
72409,2,2,7,23,109,729,4,6,6,"2025-01-12 07:32:56.921404","5000.00"
72411,2,2,7,23,109,729,2,6,6,"2025-01-24 05:59:17.651599","70000.00"
72412,2,2,7,23,109,729,1,6,6,"2024-10-12 21:56:25.401933","20000.00"
72416,3,3,8,25,113,730,4,3,3,"2025-02-26 15:04:34.758456","5000.00"
72418,3,3,8,25,113,730,2,3,3,"2025-03-04 08:03:29.620787","120000.00"
72419,3,3,8,25,113,730,1,3,3,"2024-10-09 10:19:00.928409","25000.00"
72423,3,3,8,25,114,731,4,6,6,"2025-02-12 19:03:47.121029","5000.00"
72425,3,3,8,25,114,731,2,6,6,"2024-12-09 09:06:02.270784","72000.00"
72426,3,3,8,25,114,731,1,6,6,"2024-10-02 16:39:08.601054","25000.00"
72430,3,3,8,25,115,732,4,7,7,"2025-05-14 10:07:19.28724","5000.00"
72432,3,3,8,25,115,732,2,7,7,"2025-02-02 18:11:51.073531","120000.00"
72433,3,3,8,25,115,732,1,7,7,"2024-10-05 02:40:12.282629","25000.00"
72438,3,3,8,26,116,733,3,7,7,"2025-02-27 16:49:43.761577","40000.00"
72439,3,3,8,26,116,733,2,7,7,"2024-10-20 19:04:02.914654","70000.00"
72440,3,3,8,26,116,733,1,7,7,"2024-10-20 22:23:20.641015","20000.00"
72445,3,3,8,26,117,734,3,7,7,"2025-03-23 16:25:57.662132","40000.00"
72446,3,3,8,26,117,734,2,7,7,"2025-06-15 00:09:46.918321","70000.00"
72447,3,3,8,26,117,734,1,7,7,"2024-10-11 17:20:42.148496","20000.00"
72452,3,3,8,26,118,735,3,5,5,"2025-05-14 00:44:23.444364","40000.00"
72453,3,3,8,26,118,735,2,5,5,"2025-05-21 16:04:30.623376","42000.00"
72454,3,3,8,26,118,735,1,5,5,"2024-10-27 18:36:21.476656","20000.00"
72458,4,4,10,30,128,736,4,10,10,"2025-01-01 23:52:44.532149","5000.00"
72460,4,4,10,30,128,736,2,10,10,"2025-05-07 17:14:10.092972","42000.00"
72461,4,4,10,30,128,736,1,10,10,"2024-10-27 10:27:31.416791","20000.00"
72465,4,4,10,30,129,737,4,3,3,"2025-06-14 06:11:13.17351","5000.00"
72467,4,4,10,30,129,737,2,3,3,"2025-04-21 05:25:31.439063","42000.00"
72468,4,4,10,30,129,737,1,3,3,"2024-10-27 08:08:56.050683","20000.00"
72472,4,4,10,30,130,738,4,5,5,"2024-11-30 22:00:01.25868","5000.00"
72474,4,4,10,30,130,738,2,5,5,"2024-11-21 11:15:21.376485","70000.00"
72475,4,4,10,30,130,738,1,5,5,"2024-10-12 00:47:10.010284","20000.00"
72479,4,4,10,31,131,739,4,4,4,"2025-01-13 03:40:22.873519","5000.00"
72481,4,4,10,31,131,739,2,4,4,"2025-06-25 22:12:34.587458","70000.00"
72482,4,4,10,31,131,739,1,4,4,"2024-10-22 15:19:03.953491","20000.00"
72486,4,4,10,31,132,740,4,9,9,"2024-10-15 20:55:41.922825","5000.00"
72488,4,4,10,31,132,740,2,9,9,"2024-10-30 08:25:25.19828","42000.00"
72489,4,4,10,31,132,740,1,9,9,"2024-10-03 09:10:55.537311","20000.00"
72493,4,4,10,31,133,741,4,6,6,"2025-05-09 09:55:32.935801","5000.00"
72495,4,4,10,31,133,741,2,6,6,"2024-12-23 05:08:23.757905","70000.00"
72496,4,4,10,31,133,741,1,6,6,"2024-10-22 08:14:51.106117","20000.00"
72499,4,4,10,32,134,742,5,7,7,"2025-02-17 08:52:55.196176","10000.00"
72500,4,4,10,32,134,742,4,7,7,"2025-05-05 17:22:52.278668","5000.00"
72501,4,4,10,32,134,742,3,7,7,"2025-03-23 17:02:11.66506","50000.00"
72502,4,4,10,32,134,742,2,7,7,"2025-03-04 08:18:57.455606","150000.00"
72503,4,4,10,32,134,742,1,7,7,"2024-10-01 11:40:12.490793","30000.00"
72507,4,4,10,32,135,743,4,6,6,"2025-03-29 20:49:53.239142","5000.00"
72509,4,4,10,32,135,743,2,6,6,"2024-12-30 11:27:32.054057","90000.00"
72510,4,4,10,32,135,743,1,6,6,"2024-10-20 00:31:24.340727","20000.00"
72513,4,4,10,32,136,744,5,8,8,"2025-05-13 05:29:22.542352","10000.00"
72514,4,4,10,32,136,744,4,8,8,"2025-02-23 07:39:01.954382","5000.00"
72515,4,4,10,32,136,744,3,8,8,"2025-03-28 01:18:01.135359","50000.00"
72516,4,4,10,32,136,744,2,8,8,"2024-10-01 11:37:54.018228","150000.00"
72517,4,4,10,32,136,744,1,8,8,"2024-10-07 10:39:30.728497","20000.00"
72520,4,4,10,32,137,745,5,8,8,"2025-02-09 05:31:41.297961","10000.00"
72521,4,4,10,32,137,745,4,8,8,"2025-03-17 12:10:24.48486","5000.00"
72522,4,4,10,32,137,745,3,8,8,"2025-03-12 18:49:02.882151","50000.00"
72523,4,4,10,32,137,745,2,8,8,"2025-05-09 08:13:24.095052","90000.00"
72524,4,4,10,32,137,745,1,8,8,"2024-10-15 00:19:26.078099","20000.00"
72527,4,4,10,32,138,746,5,2,2,"2025-05-01 00:20:22.765542","10000.00"
72528,4,4,10,32,138,746,4,2,2,"2024-12-08 02:51:46.432447","5000.00"
72529,4,4,10,32,138,746,3,2,2,"2024-10-29 16:26:20.432529","50000.00"
72530,4,4,10,32,138,746,2,2,2,"2025-06-12 10:48:06.165443","90000.00"
72531,4,4,10,32,138,746,1,2,2,"2024-10-19 00:07:58.715993","20000.00"
72535,4,4,11,33,139,747,4,6,6,"2025-02-21 22:00:24.916799","5000.00"
72537,4,4,11,33,139,747,2,6,6,"2025-01-31 10:20:42.358796","70000.00"
72538,4,4,11,33,139,747,1,6,6,"2024-10-29 04:12:29.259593","20000.00"
72542,4,4,11,33,140,748,4,8,8,"2025-05-30 10:47:57.765168","5000.00"
72544,4,4,11,33,140,748,2,8,8,"2024-10-01 11:02:13.953092","42000.00"
72545,4,4,11,33,140,748,1,8,8,"2024-10-05 19:05:11.566402","20000.00"
72549,4,4,11,33,141,749,4,4,4,"2025-01-07 15:47:54.744008","5000.00"
72551,4,4,11,33,141,749,2,4,4,"2025-02-02 07:34:45.291508","42000.00"
72552,4,4,11,33,141,749,1,4,4,"2024-10-12 16:59:46.535057","20000.00"
72556,3,3,9,27,119,750,4,8,8,"2025-04-07 16:23:27.589116","5000.00"
72558,3,3,9,27,119,750,2,8,8,"2024-12-09 22:45:42.331537","42000.00"
72559,3,3,9,27,119,750,1,8,8,"2024-10-09 04:06:47.231005","20000.00"
72563,3,3,8,24,110,751,4,8,8,"2025-03-04 11:56:07.969252","5000.00"
72565,3,3,8,24,110,751,2,8,8,"2025-03-27 18:42:41.824627","42000.00"
72566,3,3,8,24,110,751,1,8,8,"2024-10-20 03:33:06.770495","20000.00"
72570,3,3,8,24,111,752,4,3,3,"2025-06-14 11:04:17.276566","5000.00"
72572,3,3,8,24,111,752,2,3,3,"2025-06-20 06:34:28.796821","42000.00"
72573,3,3,8,24,111,752,1,3,3,"2024-10-29 17:57:59.91018","20000.00"
72577,3,3,8,24,112,753,4,8,8,"2025-01-21 06:17:33.624759","5000.00"
72579,3,3,8,24,112,753,2,8,8,"2025-04-06 17:31:20.074297","70000.00"
72580,3,3,8,24,112,753,1,8,8,"2024-10-11 17:58:47.170625","20000.00"
72584,3,3,8,25,113,754,4,6,6,"2025-05-03 18:40:38.851074","5000.00"
72586,3,3,8,25,113,754,2,6,6,"2025-05-22 21:59:13.393388","120000.00"
72587,3,3,8,25,113,754,1,6,6,"2024-10-10 21:54:27.064928","25000.00"
72591,3,3,8,25,114,755,4,6,6,"2025-06-16 00:50:43.652813","5000.00"
72593,3,3,8,25,114,755,2,6,6,"2025-02-06 17:09:42.431297","72000.00"
72594,3,3,8,25,114,755,1,6,6,"2024-10-13 20:57:51.271187","25000.00"
72598,3,3,8,25,115,756,4,8,8,"2025-05-22 13:51:52.351898","5000.00"
72600,3,3,8,25,115,756,2,8,8,"2025-06-15 09:04:22.829197","120000.00"
72601,3,3,8,25,115,756,1,8,8,"2024-10-27 05:58:36.830507","25000.00"
72606,3,3,8,26,116,757,3,3,3,"2024-12-21 13:27:16.825179","40000.00"
72607,3,3,8,26,116,757,2,3,3,"2025-05-02 06:09:07.783806","42000.00"
72608,3,3,8,26,116,757,1,3,3,"2024-10-14 02:29:20.217988","20000.00"
72613,3,3,8,26,117,758,3,1,1,"2025-04-06 00:07:45.328937","40000.00"
72614,3,3,8,26,117,758,2,1,1,"2025-01-22 17:40:36.622545","42000.00"
72615,3,3,8,26,117,758,1,1,1,"2024-10-04 11:12:35.084368","20000.00"
72620,3,3,8,26,118,759,3,7,7,"2024-12-23 07:40:29.942294","40000.00"
72621,3,3,8,26,118,759,2,7,7,"2024-10-14 16:33:09.777959","42000.00"
72622,3,3,8,26,118,759,1,7,7,"2024-10-15 17:30:23.756643","20000.00"
72626,4,4,10,30,128,760,4,10,10,"2024-10-20 06:07:24.535809","5000.00"
72628,4,4,10,30,128,760,2,10,10,"2025-05-15 02:11:18.260517","70000.00"
72629,4,4,10,30,128,760,1,10,10,"2024-10-20 07:26:45.345945","20000.00"
72633,2,2,7,23,108,761,4,10,10,"2024-12-12 22:54:38.298048","5000.00"
72635,2,2,7,23,108,761,2,10,10,"2025-01-10 14:24:41.294873","42000.00"
72636,2,2,7,23,108,761,1,10,10,"2024-10-18 19:02:51.385417","20000.00"
72640,2,2,7,23,108,762,4,2,2,"2025-03-28 18:23:20.57361","5000.00"
72642,2,2,7,23,108,762,2,2,2,"2025-02-21 10:43:13.810234","42000.00"
72643,2,2,7,23,108,762,1,2,2,"2024-10-03 22:11:05.053008","20000.00"
72647,2,2,7,23,108,763,4,2,2,"2025-06-05 05:02:02.073586","5000.00"
72649,2,2,7,23,108,763,2,2,2,"2025-04-13 00:14:00.795872","42000.00"
72650,2,2,7,23,108,763,1,2,2,"2024-10-14 07:48:12.099128","20000.00"
72654,2,2,7,23,108,764,4,3,3,"2025-04-14 20:56:26.667988","5000.00"
72656,2,2,7,23,108,764,2,3,3,"2025-03-20 20:02:17.011226","70000.00"
72657,2,2,7,23,108,764,1,3,3,"2024-10-06 12:52:37.394081","20000.00"
72661,2,2,7,23,108,765,4,5,5,"2025-01-12 21:48:24.28836","5000.00"
72663,2,2,7,23,108,765,2,5,5,"2024-11-11 05:07:30.610247","70000.00"
72664,2,2,7,23,108,765,1,5,5,"2024-10-03 14:17:22.812975","20000.00"
72668,2,2,7,23,108,766,4,2,2,"2024-12-30 06:30:59.848352","5000.00"
72670,2,2,7,23,108,766,2,2,2,"2024-10-31 05:50:09.147151","70000.00"
72671,2,2,7,23,108,766,1,2,2,"2024-10-13 13:01:45.379021","20000.00"
72675,2,2,7,23,108,767,4,8,8,"2025-01-24 23:48:20.623356","5000.00"
72677,2,2,7,23,108,767,2,8,8,"2025-03-10 23:06:28.198109","70000.00"
72678,2,2,7,23,108,767,1,8,8,"2024-10-13 16:56:11.732083","20000.00"
72682,2,2,7,23,108,768,4,7,7,"2024-10-20 14:16:39.232173","5000.00"
72684,2,2,7,23,108,768,2,7,7,"2024-10-21 21:58:40.115611","70000.00"
72685,2,2,7,23,108,768,1,7,7,"2024-10-04 21:28:42.635802","20000.00"
72689,2,2,7,23,108,769,4,10,10,"2025-02-01 15:45:44.779989","5000.00"
72691,2,2,7,23,108,769,2,10,10,"2024-11-06 22:31:13.740279","42000.00"
72692,2,2,7,23,108,769,1,10,10,"2024-10-04 00:19:31.187176","20000.00"
72696,2,2,7,23,108,770,4,9,9,"2024-10-15 18:18:23.060856","5000.00"
72698,2,2,7,23,108,770,2,9,9,"2025-06-16 07:31:19.988508","42000.00"
72699,2,2,7,23,108,770,1,9,9,"2024-10-22 09:40:46.765639","20000.00"
72703,2,2,7,23,109,771,4,6,6,"2025-03-22 13:33:34.054007","5000.00"
72705,2,2,7,23,109,771,2,6,6,"2025-04-07 23:55:42.73576","70000.00"
72706,2,2,7,23,109,771,1,6,6,"2024-10-05 04:30:33.119047","20000.00"
72710,2,2,7,23,109,772,4,10,10,"2025-04-13 12:38:40.381385","5000.00"
72712,2,2,7,23,109,772,2,10,10,"2025-04-05 12:13:53.256288","42000.00"
72713,2,2,7,23,109,772,1,10,10,"2024-10-12 22:32:53.581879","20000.00"
72717,2,2,7,23,109,773,4,8,8,"2025-04-22 03:40:38.474201","5000.00"
72719,2,2,7,23,109,773,2,8,8,"2025-03-12 02:38:39.118562","70000.00"
72720,2,2,7,23,109,773,1,8,8,"2024-10-02 16:49:42.913652","20000.00"
72724,2,2,7,23,109,774,4,7,7,"2024-10-01 11:37:46.374262","5000.00"
72726,2,2,7,23,109,774,2,7,7,"2024-11-22 10:30:25.64769","42000.00"
72727,2,2,7,23,109,774,1,7,7,"2024-10-16 03:15:58.91696","20000.00"
72731,2,2,7,23,109,775,4,8,8,"2024-10-04 01:00:41.414643","5000.00"
72733,2,2,7,23,109,775,2,8,8,"2025-03-30 04:37:43.722265","42000.00"
72734,2,2,7,23,109,775,1,8,8,"2024-10-27 18:11:16.183031","20000.00"
72738,2,2,7,23,109,776,4,2,2,"2025-06-18 17:20:17.441067","5000.00"
72740,2,2,7,23,109,776,2,2,2,"2025-05-19 04:25:11.166559","70000.00"
72741,2,2,7,23,109,776,1,2,2,"2024-10-03 09:55:37.58941","20000.00"
72745,2,2,7,23,109,777,4,6,6,"2025-06-26 01:27:18.439698","5000.00"
72747,2,2,7,23,109,777,2,6,6,"2025-02-08 00:33:45.852631","70000.00"
72748,2,2,7,23,109,777,1,6,6,"2024-10-08 05:18:02.485606","20000.00"
72752,2,2,7,23,109,778,4,3,3,"2025-06-09 01:05:34.449456","5000.00"
72754,2,2,7,23,109,778,2,3,3,"2024-10-10 09:31:57.022542","42000.00"
72755,2,2,7,23,109,778,1,3,3,"2024-10-20 04:51:52.339867","20000.00"
72759,2,2,7,23,109,779,4,4,4,"2025-03-10 03:00:21.622818","5000.00"
72761,2,2,7,23,109,779,2,4,4,"2024-10-08 15:00:58.007124","70000.00"
72762,2,2,7,23,109,779,1,4,4,"2024-10-16 08:42:18.533397","20000.00"
72766,2,2,7,23,109,780,4,8,8,"2025-04-04 00:09:44.597112","5000.00"
72768,2,2,7,23,109,780,2,8,8,"2025-01-07 20:28:05.926143","42000.00"
72769,2,2,7,23,109,780,1,8,8,"2024-10-15 23:16:13.28492","20000.00"
72773,3,3,8,24,110,781,4,10,10,"2025-01-29 22:06:22.922364","5000.00"
72775,3,3,8,24,110,781,2,10,10,"2025-02-19 09:03:19.660261","70000.00"
72776,3,3,8,24,110,781,1,10,10,"2024-10-07 08:28:03.436236","20000.00"
72780,3,3,8,24,110,782,4,4,4,"2025-02-27 15:14:42.972258","5000.00"
72782,3,3,8,24,110,782,2,4,4,"2024-11-13 15:28:58.513522","42000.00"
72783,3,3,8,24,110,782,1,4,4,"2024-10-28 23:49:29.570989","20000.00"
72787,3,3,8,24,110,783,4,8,8,"2025-06-25 17:48:45.251632","5000.00"
72789,3,3,8,24,110,783,2,8,8,"2025-06-01 23:24:44.919651","42000.00"
72790,3,3,8,24,110,783,1,8,8,"2024-10-08 12:30:51.270837","20000.00"
72794,3,3,8,24,110,784,4,3,3,"2025-06-04 17:26:37.273593","5000.00"
72796,3,3,8,24,110,784,2,3,3,"2025-06-16 10:23:41.898347","70000.00"
72797,3,3,8,24,110,784,1,3,3,"2024-10-17 18:39:03.101881","20000.00"
72801,3,3,8,24,110,785,4,2,2,"2025-05-20 21:56:08.612957","5000.00"
72803,3,3,8,24,110,785,2,2,2,"2025-04-07 08:36:35.368679","42000.00"
72804,3,3,8,24,110,785,1,2,2,"2024-10-12 22:36:34.033593","20000.00"
72808,3,3,8,24,110,786,4,5,5,"2025-03-03 03:59:44.169242","5000.00"
72810,3,3,8,24,110,786,2,5,5,"2025-03-02 08:33:08.380808","70000.00"
72811,3,3,8,24,110,786,1,5,5,"2024-10-05 21:20:44.526651","20000.00"
72815,3,3,8,24,110,787,4,2,2,"2024-12-21 18:15:47.830617","5000.00"
72817,3,3,8,24,110,787,2,2,2,"2024-10-01 09:37:03.783462","42000.00"
72818,3,3,8,24,110,787,1,2,2,"2024-10-07 08:02:21.376967","20000.00"
72822,3,3,8,24,110,788,4,7,7,"2025-04-20 06:46:22.331454","5000.00"
72824,3,3,8,24,110,788,2,7,7,"2025-01-03 12:05:15.599124","42000.00"
72825,3,3,8,24,110,788,1,7,7,"2024-10-11 15:00:47.712041","20000.00"
72829,3,3,8,24,110,789,4,5,5,"2025-02-23 13:30:25.446361","5000.00"
72831,3,3,8,24,110,789,2,5,5,"2025-01-21 08:11:55.925846","70000.00"
72832,3,3,8,24,110,789,1,5,5,"2024-10-13 07:43:41.908866","20000.00"
72836,3,3,8,24,110,790,4,8,8,"2024-11-25 12:58:51.290536","5000.00"
72838,3,3,8,24,110,790,2,8,8,"2025-04-15 07:50:00.608896","42000.00"
72839,3,3,8,24,110,790,1,8,8,"2024-10-07 13:25:44.257354","20000.00"
72843,3,3,8,24,111,791,4,5,5,"2025-05-22 15:41:41.797841","5000.00"
72845,3,3,8,24,111,791,2,5,5,"2025-01-11 08:59:54.424554","42000.00"
72846,3,3,8,24,111,791,1,5,5,"2024-10-25 06:30:38.030025","20000.00"
72850,3,3,8,24,111,792,4,5,5,"2025-05-31 03:14:25.080822","5000.00"
72852,3,3,8,24,111,792,2,5,5,"2025-06-11 02:45:06.711955","70000.00"
72853,3,3,8,24,111,792,1,5,5,"2024-10-05 05:16:32.734988","20000.00"
72857,3,3,8,24,111,793,4,6,6,"2025-06-29 11:17:19.084018","5000.00"
72859,3,3,8,24,111,793,2,6,6,"2025-04-26 17:45:15.786566","42000.00"
72860,3,3,8,24,111,793,1,6,6,"2024-10-19 16:29:03.379227","20000.00"
72864,3,3,8,24,111,794,4,3,3,"2024-10-21 18:25:24.980098","5000.00"
72866,3,3,8,24,111,794,2,3,3,"2025-02-01 08:58:16.716259","70000.00"
72867,3,3,8,24,111,794,1,3,3,"2024-10-16 03:54:42.791604","20000.00"
72871,3,3,8,24,111,795,4,6,6,"2024-12-03 18:12:47.159485","5000.00"
72873,3,3,8,24,111,795,2,6,6,"2025-03-25 10:01:21.88171","70000.00"
72874,3,3,8,24,111,795,1,6,6,"2024-10-02 16:07:57.885384","20000.00"
72878,3,3,8,24,111,796,4,1,1,"2025-05-10 03:35:23.165281","5000.00"
72880,3,3,8,24,111,796,2,1,1,"2025-04-06 01:42:55.022031","42000.00"
72881,3,3,8,24,111,796,1,1,1,"2024-10-08 16:12:31.160271","20000.00"
72885,3,3,8,24,111,797,4,8,8,"2025-03-07 19:44:12.182254","5000.00"
72887,3,3,8,24,111,797,2,8,8,"2025-05-22 10:18:31.086738","70000.00"
72888,3,3,8,24,111,797,1,8,8,"2024-10-01 20:09:51.659808","20000.00"
72892,3,3,8,24,111,798,4,8,8,"2025-06-28 03:35:16.098762","5000.00"
72894,3,3,8,24,111,798,2,8,8,"2025-03-04 04:41:35.244544","42000.00"
72895,3,3,8,24,111,798,1,8,8,"2024-10-26 11:05:52.367932","20000.00"
72899,3,3,8,24,111,799,4,7,7,"2025-06-14 09:43:55.975151","5000.00"
72901,3,3,8,24,111,799,2,7,7,"2025-06-15 14:02:26.34426","70000.00"
72902,3,3,8,24,111,799,1,7,7,"2024-10-15 21:25:34.12315","20000.00"
72906,3,3,8,24,111,800,4,5,5,"2024-12-15 03:21:08.471901","5000.00"
72908,3,3,8,24,111,800,2,5,5,"2025-03-07 15:44:05.596985","70000.00"
72909,3,3,8,24,111,800,1,5,5,"2024-10-14 02:16:21.515908","20000.00"
72913,3,3,8,24,112,801,4,4,4,"2025-03-17 07:59:54.34298","5000.00"
72915,3,3,8,24,112,801,2,4,4,"2025-05-18 14:20:37.595245","42000.00"
72916,3,3,8,24,112,801,1,4,4,"2024-10-14 19:03:33.257373","20000.00"
72920,3,3,8,24,112,802,4,8,8,"2025-01-29 01:57:18.54544","5000.00"
72922,3,3,8,24,112,802,2,8,8,"2024-12-15 04:32:04.626023","42000.00"
72923,3,3,8,24,112,802,1,8,8,"2024-10-19 14:23:17.280692","20000.00"
72927,3,3,8,24,112,803,4,4,4,"2024-10-28 21:52:19.466238","5000.00"
72929,3,3,8,24,112,803,2,4,4,"2025-01-18 23:49:40.280077","42000.00"
72930,3,3,8,24,112,803,1,4,4,"2024-10-15 15:11:26.603013","20000.00"
72934,3,3,8,24,112,804,4,4,4,"2025-06-20 08:21:19.235228","5000.00"
72936,3,3,8,24,112,804,2,4,4,"2025-02-23 20:32:20.920138","42000.00"
72937,3,3,8,24,112,804,1,4,4,"2024-10-14 19:58:02.422267","20000.00"
72941,3,3,8,24,112,805,4,9,9,"2024-10-29 19:24:38.388588","5000.00"
72943,3,3,8,24,112,805,2,9,9,"2024-11-29 23:09:38.403925","70000.00"
72944,3,3,8,24,112,805,1,9,9,"2024-10-24 16:55:24.002027","20000.00"
72948,3,3,8,24,112,806,4,4,4,"2025-05-27 15:23:01.308523","5000.00"
72950,3,3,8,24,112,806,2,4,4,"2025-06-22 16:09:44.601016","42000.00"
72951,3,3,8,24,112,806,1,4,4,"2024-10-09 00:47:03.751351","20000.00"
72955,3,3,8,24,112,807,4,2,2,"2025-03-21 23:59:29.212982","5000.00"
72957,3,3,8,24,112,807,2,2,2,"2024-10-05 15:55:03.420362","70000.00"
72958,3,3,8,24,112,807,1,2,2,"2024-10-31 07:26:56.702747","20000.00"
72962,3,3,8,24,112,808,4,1,1,"2025-05-17 00:46:06.841444","5000.00"
72964,3,3,8,24,112,808,2,1,1,"2024-10-21 11:09:07.11569","70000.00"
72965,3,3,8,24,112,808,1,1,1,"2024-10-26 07:54:55.957972","20000.00"
72969,3,3,8,24,112,809,4,2,2,"2025-06-08 20:38:09.832194","5000.00"
72971,3,3,8,24,112,809,2,2,2,"2025-02-14 10:13:50.321632","42000.00"
72972,3,3,8,24,112,809,1,2,2,"2024-10-27 15:00:50.648988","20000.00"
72976,3,3,8,24,112,810,4,3,3,"2025-03-14 08:15:42.478633","5000.00"
72978,3,3,8,24,112,810,2,3,3,"2025-04-02 14:00:40.102627","42000.00"
72979,3,3,8,24,112,810,1,3,3,"2024-10-16 09:46:32.195115","20000.00"
72983,3,3,8,25,113,811,4,3,3,"2024-10-29 05:22:19.349564","5000.00"
72985,3,3,8,25,113,811,2,3,3,"2025-02-18 16:52:13.414625","72000.00"
72986,3,3,8,25,113,811,1,3,3,"2024-10-04 20:30:20.236705","25000.00"
72990,3,3,8,25,113,812,4,5,5,"2025-06-25 03:01:36.120853","5000.00"
72992,3,3,8,25,113,812,2,5,5,"2025-01-02 19:50:12.112516","72000.00"
72993,3,3,8,25,113,812,1,5,5,"2024-10-12 03:37:55.17257","25000.00"
72997,3,3,8,25,113,813,4,6,6,"2025-02-28 03:49:06.667408","5000.00"
72999,3,3,8,25,113,813,2,6,6,"2025-06-24 14:53:55.542414","72000.00"
73000,3,3,8,25,113,813,1,6,6,"2024-10-04 09:44:02.655744","25000.00"
73004,3,3,8,25,113,814,4,8,8,"2025-04-14 10:31:26.567727","5000.00"
73006,3,3,8,25,113,814,2,8,8,"2024-11-23 06:35:42.432396","72000.00"
73007,3,3,8,25,113,814,1,8,8,"2024-10-10 09:49:45.436736","25000.00"
73011,3,3,8,25,113,815,4,5,5,"2025-02-27 14:09:59.131058","5000.00"
73013,3,3,8,25,113,815,2,5,5,"2025-03-21 18:28:53.269236","72000.00"
73014,3,3,8,25,113,815,1,5,5,"2024-10-19 14:46:23.16735","25000.00"
73018,3,3,8,25,113,816,4,10,10,"2025-04-18 20:29:58.594035","5000.00"
73020,3,3,8,25,113,816,2,10,10,"2025-03-27 10:09:33.086249","72000.00"
73021,3,3,8,25,113,816,1,10,10,"2024-10-24 09:02:03.826329","25000.00"
73025,3,3,8,25,113,817,4,3,3,"2025-06-08 06:41:07.3222","5000.00"
73027,3,3,8,25,113,817,2,3,3,"2025-02-09 18:24:41.826955","72000.00"
73028,3,3,8,25,113,817,1,3,3,"2024-10-29 09:44:33.594609","25000.00"
73032,3,3,8,25,113,818,4,8,8,"2025-01-04 16:36:15.606127","5000.00"
73034,3,3,8,25,113,818,2,8,8,"2025-03-10 19:48:38.526899","120000.00"
73035,3,3,8,25,113,818,1,8,8,"2024-10-02 06:13:15.495273","25000.00"
73039,3,3,8,25,113,819,4,8,8,"2024-10-17 22:54:36.531089","5000.00"
73041,3,3,8,25,113,819,2,8,8,"2025-05-02 10:31:30.541832","72000.00"
73042,3,3,8,25,113,819,1,8,8,"2024-10-09 13:08:22.358794","25000.00"
73046,3,3,8,25,113,820,4,10,10,"2025-06-27 01:56:54.58268","5000.00"
73048,3,3,8,25,113,820,2,10,10,"2025-05-04 00:00:15.063456","72000.00"
73049,3,3,8,25,113,820,1,10,10,"2024-10-22 01:36:29.87188","25000.00"
73053,2,2,7,21,101,821,4,10,10,"2025-06-02 15:10:09.030753","5000.00"
73055,2,2,7,21,101,821,2,10,10,"2024-10-13 14:40:09.073068","80000.00"
73056,2,2,7,21,101,821,1,10,10,"2024-10-12 21:35:52.259706","20000.00"
73060,2,2,7,21,102,822,4,1,1,"2025-06-05 16:15:23.868799","5000.00"
73062,2,2,7,21,102,822,2,1,1,"2024-12-26 03:42:44.024969","80000.00"
73063,2,2,7,21,102,822,1,1,1,"2024-10-09 12:37:22.38414","20000.00"
73067,2,2,7,21,103,823,4,10,10,"2025-06-25 20:43:47.402014","5000.00"
73069,2,2,7,21,103,823,2,10,10,"2024-12-01 10:25:17.047278","48000.00"
73070,2,2,7,21,103,823,1,10,10,"2024-10-10 10:01:21.306074","20000.00"
73074,2,2,7,21,101,824,4,3,3,"2025-03-09 01:18:02.96709","5000.00"
73076,2,2,7,21,101,824,2,3,3,"2024-12-01 13:59:17.221665","80000.00"
73077,2,2,7,21,101,824,1,3,3,"2024-10-16 23:38:06.144486","20000.00"
73081,2,2,7,22,104,825,4,10,10,"2025-01-27 12:40:08.461473","5000.00"
73083,2,2,7,22,104,825,2,10,10,"2025-05-09 18:48:53.264416","48000.00"
73084,2,2,7,22,104,825,1,10,10,"2024-10-21 16:20:30.687796","20000.00"
73088,2,2,7,22,105,826,4,7,7,"2025-04-14 04:09:49.881583","5000.00"
73090,2,2,7,22,105,826,2,7,7,"2024-11-16 07:59:35.189835","48000.00"
73091,2,2,7,22,105,826,1,7,7,"2024-10-16 06:15:36.548428","20000.00"
73095,2,2,7,22,106,827,4,10,10,"2025-01-29 15:44:37.888806","5000.00"
73097,2,2,7,22,106,827,2,10,10,"2025-02-08 02:26:08.087141","80000.00"
73098,2,2,7,22,106,827,1,10,10,"2024-10-13 12:01:33.538249","20000.00"
73102,2,2,7,22,104,828,4,2,2,"2025-03-23 06:38:53.638138","5000.00"
73104,2,2,7,22,104,828,2,2,2,"2025-01-30 11:21:30.251328","80000.00"
73105,2,2,7,22,104,828,1,2,2,"2024-10-08 00:57:12.558539","20000.00"
73109,2,2,7,23,107,829,4,4,4,"2025-01-25 17:10:38.145696","5000.00"
73111,2,2,7,23,107,829,2,4,4,"2025-03-29 16:22:00.263155","42000.00"
73112,2,2,7,23,107,829,1,4,4,"2024-10-07 16:58:59.849238","20000.00"
73116,2,2,7,23,108,830,4,6,6,"2025-06-07 04:03:52.314668","5000.00"
73118,2,2,7,23,108,830,2,6,6,"2025-06-14 21:13:12.44367","70000.00"
73119,2,2,7,23,108,830,1,6,6,"2024-10-25 13:23:31.482409","20000.00"
73123,2,2,7,23,109,831,4,8,8,"2025-03-20 12:01:14.573866","5000.00"
73125,2,2,7,23,109,831,2,8,8,"2025-06-26 07:58:52.14241","70000.00"
73126,2,2,7,23,109,831,1,8,8,"2024-10-16 19:39:45.299079","20000.00"
73130,2,2,7,23,107,832,4,7,7,"2024-11-04 03:39:16.614345","5000.00"
73132,2,2,7,23,107,832,2,7,7,"2024-12-17 21:30:00.717485","42000.00"
73133,2,2,7,23,107,832,1,7,7,"2024-10-18 04:51:06.837518","20000.00"
73137,3,3,8,25,113,833,4,9,9,"2024-10-28 13:51:20.245166","5000.00"
73139,3,3,8,25,113,833,2,9,9,"2024-10-23 12:52:25.446909","72000.00"
73140,3,3,8,25,113,833,1,9,9,"2024-10-30 11:51:13.316368","25000.00"
73144,3,3,8,25,114,834,4,9,9,"2024-10-22 14:06:53.209036","5000.00"
73146,3,3,8,25,114,834,2,9,9,"2025-06-16 06:08:22.974193","72000.00"
73147,3,3,8,25,114,834,1,9,9,"2024-10-11 07:09:13.263077","25000.00"
73151,3,3,8,25,115,835,4,9,9,"2025-06-15 22:43:06.487267","5000.00"
73153,3,3,8,25,115,835,2,9,9,"2025-03-27 14:55:09.597777","72000.00"
73154,3,3,8,25,115,835,1,9,9,"2024-10-11 01:26:09.53657","25000.00"
73158,3,3,8,25,113,836,4,1,1,"2025-03-26 12:28:08.013674","5000.00"
73160,3,3,8,25,113,836,2,1,1,"2025-03-26 09:38:02.9775","120000.00"
73161,3,3,8,25,113,836,1,1,1,"2024-10-05 20:03:40.945844","25000.00"
73166,3,3,8,26,116,837,3,9,9,"2024-11-20 07:35:46.780192","40000.00"
73167,3,3,8,26,116,837,2,9,9,"2025-05-16 05:15:38.112858","70000.00"
73168,3,3,8,26,116,837,1,9,9,"2024-10-06 09:47:49.202105","20000.00"
73173,3,3,8,26,117,838,3,8,8,"2025-02-27 22:27:33.72754","40000.00"
73174,3,3,8,26,117,838,2,8,8,"2025-04-27 01:27:04.181145","42000.00"
73175,3,3,8,26,117,838,1,8,8,"2024-10-04 15:30:09.639443","20000.00"
73180,3,3,8,26,118,839,3,3,3,"2025-05-20 18:51:16.540754","40000.00"
73181,3,3,8,26,118,839,2,3,3,"2025-02-28 22:37:19.130153","70000.00"
73182,3,3,8,26,118,839,1,3,3,"2024-10-16 02:15:43.77983","20000.00"
73186,4,4,10,30,128,840,4,9,9,"2025-02-10 18:51:09.110465","5000.00"
73188,4,4,10,30,128,840,2,9,9,"2025-04-19 07:55:14.638052","70000.00"
73189,4,4,10,30,128,840,1,9,9,"2024-10-03 05:02:07.345194","20000.00"
73193,4,4,10,30,129,841,4,3,3,"2025-01-21 16:32:45.098778","5000.00"
73195,4,4,10,30,129,841,2,3,3,"2025-05-23 16:28:42.517296","42000.00"
73196,4,4,10,30,129,841,1,3,3,"2024-10-18 10:49:36.079444","20000.00"
73200,4,4,10,30,130,842,4,6,6,"2025-03-24 15:30:25.42544","5000.00"
73202,4,4,10,30,130,842,2,6,6,"2025-03-19 07:55:21.113484","42000.00"
73203,4,4,10,30,130,842,1,6,6,"2024-10-01 14:22:20.925136","20000.00"
73207,4,4,10,31,131,843,4,2,2,"2024-10-24 05:50:48.067958","5000.00"
73209,4,4,10,31,131,843,2,2,2,"2024-12-19 19:57:36.778221","70000.00"
73210,4,4,10,31,131,843,1,2,2,"2024-10-28 17:39:59.917822","20000.00"
73214,4,4,10,31,132,844,4,7,7,"2025-01-22 12:07:20.416171","5000.00"
73216,4,4,10,31,132,844,2,7,7,"2025-04-25 13:57:15.43175","70000.00"
73217,4,4,10,31,132,844,1,7,7,"2024-10-11 19:13:42.222412","20000.00"
73221,4,4,10,31,133,845,4,6,6,"2025-01-21 11:10:45.361306","5000.00"
73223,4,4,10,31,133,845,2,6,6,"2025-05-05 20:43:12.985391","42000.00"
73224,4,4,10,31,133,845,1,6,6,"2024-10-09 14:34:15.490656","20000.00"
73227,4,4,10,32,134,846,5,1,1,"2024-10-11 01:54:45.507819","10000.00"
73228,4,4,10,32,134,846,4,1,1,"2025-05-10 08:56:51.546672","5000.00"
73229,4,4,10,32,134,846,3,1,1,"2024-11-13 17:36:50.82775","50000.00"
73230,4,4,10,32,134,846,2,1,1,"2025-06-20 08:30:23.007747","150000.00"
73231,4,4,10,32,134,846,1,1,1,"2024-10-02 03:33:01.329034","30000.00"
73235,4,4,10,32,135,847,4,3,3,"2025-06-15 18:04:40.821892","5000.00"
73237,4,4,10,32,135,847,2,3,3,"2025-03-11 13:02:07.08221","90000.00"
73238,4,4,10,32,135,847,1,3,3,"2024-10-03 19:25:47.794689","20000.00"
73241,4,4,10,32,136,848,5,2,2,"2025-02-03 09:19:04.60405","10000.00"
73242,4,4,10,32,136,848,4,2,2,"2025-02-18 03:34:24.277916","5000.00"
73243,4,4,10,32,136,848,3,2,2,"2025-05-29 05:59:44.210106","50000.00"
73244,4,4,10,32,136,848,2,2,2,"2024-10-02 03:33:40.831552","90000.00"
73245,4,4,10,32,136,848,1,2,2,"2024-10-07 12:26:08.810671","20000.00"
73248,4,4,10,32,137,849,5,5,5,"2025-06-20 10:34:29.478865","10000.00"
73249,4,4,10,32,137,849,4,5,5,"2025-01-17 05:17:29.780619","5000.00"
73250,4,4,10,32,137,849,3,5,5,"2025-06-20 21:17:31.760805","50000.00"
73251,4,4,10,32,137,849,2,5,5,"2025-04-15 15:56:22.641372","90000.00"
73252,4,4,10,32,137,849,1,5,5,"2024-10-11 00:14:46.35402","20000.00"
73255,4,4,10,32,138,850,5,6,6,"2024-10-07 11:59:58.020883","10000.00"
73256,4,4,10,32,138,850,4,6,6,"2025-06-23 15:30:02.064028","5000.00"
73257,4,4,10,32,138,850,3,6,6,"2025-02-01 21:36:43.517607","50000.00"
73258,4,4,10,32,138,850,2,6,6,"2025-01-13 11:59:02.51619","90000.00"
73259,4,4,10,32,138,850,1,6,6,"2024-10-26 08:29:44.273552","20000.00"
73263,4,4,11,33,139,851,4,8,8,"2025-04-28 12:43:59.33354","5000.00"
73265,4,4,11,33,139,851,2,8,8,"2025-02-07 22:42:39.526822","70000.00"
73266,4,4,11,33,139,851,1,8,8,"2024-10-05 02:54:57.556457","20000.00"
73270,4,4,11,33,140,852,4,3,3,"2025-02-22 01:26:28.087347","5000.00"
73272,4,4,11,33,140,852,2,3,3,"2024-11-25 06:00:26.599041","42000.00"
73273,4,4,11,33,140,852,1,3,3,"2024-10-27 07:54:39.483166","20000.00"
73277,4,4,11,33,141,853,4,8,8,"2025-02-12 15:41:12.000331","5000.00"
73279,4,4,11,33,141,853,2,8,8,"2024-12-13 03:51:32.69876","42000.00"
73280,4,4,11,33,141,853,1,8,8,"2024-10-29 06:22:42.101793","20000.00"
73284,3,3,9,27,119,854,4,5,5,"2025-06-07 04:33:08.000942","5000.00"
73286,3,3,9,27,119,854,2,5,5,"2025-01-26 10:35:03.212894","42000.00"
73287,3,3,9,27,119,854,1,5,5,"2024-10-25 03:56:47.891859","20000.00"
73291,3,3,8,24,110,855,4,9,9,"2025-01-12 21:06:52.896674","5000.00"
73293,3,3,8,24,110,855,2,9,9,"2025-04-20 15:21:33.998478","70000.00"
73294,3,3,8,24,110,855,1,9,9,"2024-10-06 14:23:46.917685","20000.00"
73298,3,3,8,24,111,856,4,10,10,"2025-01-28 10:56:22.398979","5000.00"
73300,3,3,8,24,111,856,2,10,10,"2025-06-11 17:31:26.830128","42000.00"
73301,3,3,8,24,111,856,1,10,10,"2024-10-25 11:40:31.81791","20000.00"
73305,3,3,8,24,112,857,4,5,5,"2025-01-20 17:27:58.652683","5000.00"
73307,3,3,8,24,112,857,2,5,5,"2025-03-06 06:05:58.556694","42000.00"
73308,3,3,8,24,112,857,1,5,5,"2024-10-16 11:58:45.419133","20000.00"
73312,3,3,8,25,113,858,4,9,9,"2024-12-08 22:04:40.11282","5000.00"
73314,3,3,8,25,113,858,2,9,9,"2025-05-10 05:29:44.365427","72000.00"
73315,3,3,8,25,113,858,1,9,9,"2024-10-16 00:36:48.07608","25000.00"
73319,3,3,8,25,114,859,4,10,10,"2025-06-15 13:34:37.314373","5000.00"
73321,3,3,8,25,114,859,2,10,10,"2025-01-28 12:23:20.678621","120000.00"
73322,3,3,8,25,114,859,1,10,10,"2024-10-06 21:37:15.136279","25000.00"
73326,3,3,8,25,115,860,4,4,4,"2025-01-06 20:08:23.554489","5000.00"
73328,3,3,8,25,115,860,2,4,4,"2025-02-10 18:48:35.077944","120000.00"
73329,3,3,8,25,115,860,1,4,4,"2024-10-20 03:43:59.978241","25000.00"
73333,2,2,7,21,102,861,4,5,5,"2025-03-20 10:58:10.753451","5000.00"
73335,2,2,7,21,102,861,2,5,5,"2024-10-21 09:02:58.949043","48000.00"
73336,2,2,7,21,102,861,1,5,5,"2024-10-08 10:31:41.891753","20000.00"
73340,2,2,7,21,103,862,4,3,3,"2025-05-05 00:32:44.332963","5000.00"
73342,2,2,7,21,103,862,2,3,3,"2024-10-06 04:41:24.984213","80000.00"
73343,2,2,7,21,103,862,1,3,3,"2024-10-02 05:03:14.500863","20000.00"
73347,2,2,7,21,101,863,4,2,2,"2025-05-14 13:53:43.577199","5000.00"
73349,2,2,7,21,101,863,2,2,2,"2024-10-20 00:37:10.271569","80000.00"
73350,2,2,7,21,101,863,1,2,2,"2024-10-09 02:01:44.868142","20000.00"
73354,2,2,7,21,103,864,4,1,1,"2024-11-11 07:30:24.27851","5000.00"
73356,2,2,7,21,103,864,2,1,1,"2024-10-28 01:00:44.910526","80000.00"
73357,2,2,7,21,103,864,1,1,1,"2024-10-11 19:17:25.697792","20000.00"
73361,2,2,7,22,104,865,4,9,9,"2024-11-29 06:20:57.239277","5000.00"
73363,2,2,7,22,104,865,2,9,9,"2025-06-01 14:08:16.524542","80000.00"
73364,2,2,7,22,104,865,1,9,9,"2024-10-24 19:27:10.830568","20000.00"
73368,2,2,7,22,105,866,4,4,4,"2025-02-08 09:27:44.743644","5000.00"
73370,2,2,7,22,105,866,2,4,4,"2024-10-12 12:44:29.211365","48000.00"
73371,2,2,7,22,105,866,1,4,4,"2024-10-25 11:39:51.192602","20000.00"
73375,2,2,7,22,106,867,4,10,10,"2024-11-05 15:28:23.958699","5000.00"
73377,2,2,7,22,106,867,2,10,10,"2024-10-06 17:57:23.798201","48000.00"
73378,2,2,7,22,106,867,1,10,10,"2024-10-07 07:56:42.573268","20000.00"
73382,2,2,7,22,104,868,4,3,3,"2025-02-28 19:06:22.383587","5000.00"
73384,2,2,7,22,104,868,2,3,3,"2025-03-05 05:47:25.294762","80000.00"
73385,2,2,7,22,104,868,1,3,3,"2024-10-27 09:37:14.772809","20000.00"
73389,2,2,7,23,107,869,4,9,9,"2025-06-06 08:51:38.340098","5000.00"
73391,2,2,7,23,107,869,2,9,9,"2025-06-11 21:15:56.262974","70000.00"
73392,2,2,7,23,107,869,1,9,9,"2024-10-15 09:22:12.912294","20000.00"
73396,2,2,7,23,108,870,4,4,4,"2025-05-18 06:37:55.744441","5000.00"
73398,2,2,7,23,108,870,2,4,4,"2025-06-14 19:25:52.436713","70000.00"
73399,2,2,7,23,108,870,1,4,4,"2024-10-16 02:37:33.928441","20000.00"
73403,2,2,7,23,109,871,4,8,8,"2025-01-02 03:34:03.970803","5000.00"
73405,2,2,7,23,109,871,2,8,8,"2025-06-25 17:37:07.079421","70000.00"
73406,2,2,7,23,109,871,1,8,8,"2024-10-07 08:26:50.500204","20000.00"
73410,2,2,7,23,107,872,4,7,7,"2024-10-21 14:43:11.301984","5000.00"
73412,2,2,7,23,107,872,2,7,7,"2025-06-13 02:44:00.755428","70000.00"
73413,2,2,7,23,107,872,1,7,7,"2024-10-29 12:22:26.810172","20000.00"
73417,3,3,8,25,113,873,4,10,10,"2024-12-01 16:49:33.626581","5000.00"
73419,3,3,8,25,113,873,2,10,10,"2024-11-02 22:59:06.531371","120000.00"
73420,3,3,8,25,113,873,1,10,10,"2024-10-10 09:12:21.542235","25000.00"
73424,3,3,8,25,114,874,4,9,9,"2025-01-13 12:19:53.494274","5000.00"
73426,3,3,8,25,114,874,2,9,9,"2024-10-31 15:05:50.505084","72000.00"
73427,3,3,8,25,114,874,1,9,9,"2024-10-20 00:51:36.401021","25000.00"
73431,3,3,8,25,115,875,4,7,7,"2025-06-02 14:22:30.840767","5000.00"
73433,3,3,8,25,115,875,2,7,7,"2024-11-18 09:05:49.382875","120000.00"
73434,3,3,8,25,115,875,1,7,7,"2024-10-29 20:23:37.717923","25000.00"
73438,3,3,8,25,113,876,4,3,3,"2025-04-13 08:58:44.685103","5000.00"
73440,3,3,8,25,113,876,2,3,3,"2025-05-03 16:15:20.002484","72000.00"
73441,3,3,8,25,113,876,1,3,3,"2024-10-14 17:24:49.701872","25000.00"
73446,3,3,8,26,116,877,3,6,6,"2024-12-09 09:36:08.869933","40000.00"
73447,3,3,8,26,116,877,2,6,6,"2025-06-11 04:41:48.843512","42000.00"
73448,3,3,8,26,116,877,1,6,6,"2024-10-26 07:34:31.578828","20000.00"
73453,3,3,8,26,117,878,3,10,10,"2024-10-27 08:10:13.672999","40000.00"
73454,3,3,8,26,117,878,2,10,10,"2024-10-10 10:24:39.826181","70000.00"
73455,3,3,8,26,117,878,1,10,10,"2024-10-22 22:50:51.952626","20000.00"
73460,3,3,8,26,118,879,3,5,5,"2025-06-16 15:31:43.656122","40000.00"
73461,3,3,8,26,118,879,2,5,5,"2024-10-09 14:10:01.431614","42000.00"
73462,3,3,8,26,118,879,1,5,5,"2024-10-07 22:03:36.066644","20000.00"
73466,4,4,10,30,128,880,4,5,5,"2024-11-21 19:51:26.538238","5000.00"
73468,4,4,10,30,128,880,2,5,5,"2025-04-07 17:43:17.108489","42000.00"
73469,4,4,10,30,128,880,1,5,5,"2024-10-23 22:04:13.615836","20000.00"
73473,4,4,10,30,129,881,4,9,9,"2024-11-26 02:06:55.217691","5000.00"
73475,4,4,10,30,129,881,2,9,9,"2024-10-14 23:05:18.79121","70000.00"
73476,4,4,10,30,129,881,1,9,9,"2024-10-12 05:57:22.148049","20000.00"
73480,4,4,10,30,130,882,4,2,2,"2024-11-21 06:43:18.374109","5000.00"
73482,4,4,10,30,130,882,2,2,2,"2025-01-04 05:56:37.476946","42000.00"
73483,4,4,10,30,130,882,1,2,2,"2024-10-12 02:59:05.328473","20000.00"
73487,4,4,10,31,131,883,4,8,8,"2024-12-18 03:47:02.773274","5000.00"
73489,4,4,10,31,131,883,2,8,8,"2024-12-29 09:14:04.532768","70000.00"
73490,4,4,10,31,131,883,1,8,8,"2024-10-05 10:43:51.436787","20000.00"
73494,4,4,10,31,132,884,4,1,1,"2025-05-17 05:37:10.030665","5000.00"
73496,4,4,10,31,132,884,2,1,1,"2025-06-03 15:10:46.993027","42000.00"
73497,4,4,10,31,132,884,1,1,1,"2024-10-08 15:33:15.791357","20000.00"
73501,4,4,10,31,133,885,4,8,8,"2024-11-27 13:31:55.731592","5000.00"
73503,4,4,10,31,133,885,2,8,8,"2024-10-10 01:20:54.693099","42000.00"
73504,4,4,10,31,133,885,1,8,8,"2024-10-06 21:46:00.950192","20000.00"
73507,4,4,10,32,134,886,5,5,5,"2024-11-05 08:42:55.416038","10000.00"
73508,4,4,10,32,134,886,4,5,5,"2025-02-26 06:32:21.190044","5000.00"
73509,4,4,10,32,134,886,3,5,5,"2025-02-03 11:32:45.381037","50000.00"
73510,4,4,10,32,134,886,2,5,5,"2025-06-27 04:22:55.233891","150000.00"
73511,4,4,10,32,134,886,1,5,5,"2024-10-05 11:46:56.234547","30000.00"
73515,4,4,10,32,135,887,4,3,3,"2025-01-15 13:53:35.21089","5000.00"
73517,4,4,10,32,135,887,2,3,3,"2024-12-11 09:59:50.323858","54000.00"
73518,4,4,10,32,135,887,1,3,3,"2024-10-26 12:29:40.912867","20000.00"
73521,4,4,10,32,136,888,5,10,10,"2025-01-23 09:02:42.976944","10000.00"
73522,4,4,10,32,136,888,4,10,10,"2025-04-03 20:18:45.438651","5000.00"
73523,4,4,10,32,136,888,3,10,10,"2024-10-19 00:07:59.226693","50000.00"
73524,4,4,10,32,136,888,2,10,10,"2024-11-16 11:12:41.634931","150000.00"
73525,4,4,10,32,136,888,1,10,10,"2024-10-27 00:51:23.166826","20000.00"
73528,4,4,10,32,137,889,5,9,9,"2025-02-26 22:09:55.445581","10000.00"
73529,4,4,10,32,137,889,4,9,9,"2025-06-17 19:13:21.672474","5000.00"
73530,4,4,10,32,137,889,3,9,9,"2024-12-18 10:49:26.929241","50000.00"
73531,4,4,10,32,137,889,2,9,9,"2025-05-05 20:19:01.711858","90000.00"
73532,4,4,10,32,137,889,1,9,9,"2024-10-18 15:09:53.684905","20000.00"
73535,4,4,10,32,138,890,5,6,6,"2025-06-24 19:17:11.679814","10000.00"
73536,4,4,10,32,138,890,4,6,6,"2025-02-19 11:33:30.253834","5000.00"
73537,4,4,10,32,138,890,3,6,6,"2025-04-08 01:09:29.171489","50000.00"
73538,4,4,10,32,138,890,2,6,6,"2025-05-07 09:37:36.184187","90000.00"
73539,4,4,10,32,138,890,1,6,6,"2024-10-22 08:04:30.517613","20000.00"
73543,4,4,11,33,139,891,4,5,5,"2025-05-20 10:04:45.306119","5000.00"
73545,4,4,11,33,139,891,2,5,5,"2025-06-01 02:45:20.220698","42000.00"
73546,4,4,11,33,139,891,1,5,5,"2024-10-24 17:27:37.211475","20000.00"
73550,4,4,11,33,140,892,4,7,7,"2025-06-17 09:37:29.906206","5000.00"
73552,4,4,11,33,140,892,2,7,7,"2025-03-13 21:38:08.779491","70000.00"
73553,4,4,11,33,140,892,1,7,7,"2024-10-22 10:14:21.791624","20000.00"
73557,4,4,11,33,141,893,4,9,9,"2025-02-27 11:00:12.653184","5000.00"
73559,4,4,11,33,141,893,2,9,9,"2025-04-10 05:54:20.437831","70000.00"
73560,4,4,11,33,141,893,1,9,9,"2024-10-08 19:23:49.290512","20000.00"
73564,3,3,9,27,119,894,4,5,5,"2024-11-26 10:29:48.717547","5000.00"
73566,3,3,9,27,119,894,2,5,5,"2025-04-13 02:26:49.600265","42000.00"
73567,3,3,9,27,119,894,1,5,5,"2024-10-07 11:55:38.195917","20000.00"
73571,3,3,8,24,110,895,4,8,8,"2025-02-22 16:40:42.239397","5000.00"
73573,3,3,8,24,110,895,2,8,8,"2025-01-07 04:03:27.249382","70000.00"
73574,3,3,8,24,110,895,1,8,8,"2024-10-08 01:13:17.039205","20000.00"
73578,3,3,8,24,111,896,4,3,3,"2024-12-20 14:07:38.983738","5000.00"
73580,3,3,8,24,111,896,2,3,3,"2024-10-15 04:32:34.422504","70000.00"
73581,3,3,8,24,111,896,1,3,3,"2024-10-13 12:10:49.214325","20000.00"
73585,3,3,8,24,112,897,4,4,4,"2025-04-10 23:07:28.60486","5000.00"
73587,3,3,8,24,112,897,2,4,4,"2025-02-27 07:42:23.459223","42000.00"
73588,3,3,8,24,112,897,1,4,4,"2024-10-27 12:54:36.059588","20000.00"
73592,3,3,8,25,113,898,4,1,1,"2025-04-20 22:52:43.435188","5000.00"
73594,3,3,8,25,113,898,2,1,1,"2025-04-30 20:29:59.043444","120000.00"
73595,3,3,8,25,113,898,1,1,1,"2024-10-14 20:25:50.56155","25000.00"
73599,3,3,8,25,114,899,4,4,4,"2024-11-14 21:39:50.140347","5000.00"
73601,3,3,8,25,114,899,2,4,4,"2025-06-13 00:45:03.169088","72000.00"
73602,3,3,8,25,114,899,1,4,4,"2024-10-21 00:01:37.517806","25000.00"
73606,3,3,8,25,115,900,4,7,7,"2025-01-12 21:43:00.409905","5000.00"
73608,3,3,8,25,115,900,2,7,7,"2024-12-12 21:58:39.884337","72000.00"
73609,3,3,8,25,115,900,1,7,7,"2024-10-11 11:25:56.378547","25000.00"
73613,2,2,7,21,101,901,4,1,1,"2025-02-15 06:04:10.397379","5000.00"
73615,2,2,7,21,101,901,2,1,1,"2025-05-25 23:00:46.677302","80000.00"
73616,2,2,7,21,101,901,1,1,1,"2024-10-06 14:37:19.352877","20000.00"
73621,3,3,9,28,122,902,3,6,6,"2024-12-19 08:07:13.675361","50000.00"
73622,3,3,9,28,122,902,2,6,6,"2024-12-21 07:58:22.683721","42000.00"
73623,3,3,9,28,122,902,1,6,6,"2024-10-09 17:46:09.584724","20000.00"
73627,3,3,9,27,119,903,4,10,10,"2025-05-03 16:49:26.305182","5000.00"
73629,3,3,9,27,119,903,2,10,10,"2024-12-30 16:59:22.287037","42000.00"
73630,3,3,9,27,119,903,1,10,10,"2024-10-30 15:45:14.15898","20000.00"
73635,3,3,9,28,124,904,3,6,6,"2025-01-27 06:22:56.895679","50000.00"
73636,3,3,9,28,124,904,2,6,6,"2024-11-13 15:27:25.380468","42000.00"
73637,3,3,9,28,124,904,1,6,6,"2024-10-29 03:48:26.533723","20000.00"
73641,2,2,7,22,104,905,4,4,4,"2025-01-08 01:39:33.169859","5000.00"
73643,2,2,7,22,104,905,2,4,4,"2025-01-13 01:34:28.543808","80000.00"
73644,2,2,7,22,104,905,1,4,4,"2024-10-21 01:02:55.480638","20000.00"
73648,3,3,8,24,111,906,4,10,10,"2025-01-31 19:31:37.649314","5000.00"
73650,3,3,8,24,111,906,2,10,10,"2024-10-18 15:13:19.669165","70000.00"
73651,3,3,8,24,111,906,1,10,10,"2024-10-17 05:37:22.952159","20000.00"
73655,3,3,8,25,115,907,4,10,10,"2025-02-22 02:14:47.447728","5000.00"
73657,3,3,8,25,115,907,2,10,10,"2025-01-31 20:24:26.681532","72000.00"
73658,3,3,8,25,115,907,1,10,10,"2024-10-08 07:32:18.475812","25000.00"
73662,3,3,8,24,112,908,4,10,10,"2024-12-27 18:00:38.17469","5000.00"
73664,3,3,8,24,112,908,2,10,10,"2025-04-01 10:49:44.842161","42000.00"
73665,3,3,8,24,112,908,1,10,10,"2024-10-08 04:21:51.705963","20000.00"
73669,2,2,7,23,107,909,4,9,9,"2024-11-02 19:58:02.75003","5000.00"
73671,2,2,7,23,107,909,2,9,9,"2025-02-20 02:04:38.120115","42000.00"
73672,2,2,7,23,107,909,1,9,9,"2024-10-31 03:23:05.341071","20000.00"
73676,2,2,7,23,109,910,4,5,5,"2025-03-29 09:39:24.139048","5000.00"
73678,2,2,7,23,109,910,2,5,5,"2025-04-28 06:43:15.890717","70000.00"
73679,2,2,7,23,109,910,1,5,5,"2024-10-04 01:36:45.795371","20000.00"
73683,2,2,7,23,108,911,4,9,9,"2025-06-16 20:38:46.391081","5000.00"
73685,2,2,7,23,108,911,2,9,9,"2025-02-03 05:06:04.644719","70000.00"
73686,2,2,7,23,108,911,1,9,9,"2024-10-08 12:55:11.585561","20000.00"
73691,3,3,8,26,116,912,3,6,6,"2025-06-12 18:28:21.221621","40000.00"
73692,3,3,8,26,116,912,2,6,6,"2025-03-27 02:41:27.035295","70000.00"
73693,3,3,8,26,116,912,1,6,6,"2024-10-04 07:06:50.870713","20000.00"
73697,3,3,9,29,125,913,4,9,9,"2024-11-07 07:50:31.895113","5000.00"
73699,3,3,9,29,125,913,2,9,9,"2025-05-17 04:21:53.612715","70000.00"
73700,3,3,9,29,125,913,1,9,9,"2024-10-24 17:38:46.530475","20000.00"
73704,3,3,9,29,126,914,4,5,5,"2025-01-31 20:17:21.110907","5000.00"
73706,3,3,9,29,126,914,2,5,5,"2025-02-10 09:27:21.05718","70000.00"
73707,3,3,9,29,126,914,1,5,5,"2024-10-22 16:37:26.155573","20000.00"
73711,3,3,9,29,127,915,4,9,9,"2024-12-23 23:02:32.805905","5000.00"
73713,3,3,9,29,127,915,2,9,9,"2024-10-31 01:36:19.879518","42000.00"
73714,3,3,9,29,127,915,1,9,9,"2024-10-27 02:55:10.529272","20000.00"
73718,3,3,8,25,114,916,4,4,4,"2024-10-04 17:56:30.39142","5000.00"
73720,3,3,8,25,114,916,2,4,4,"2025-04-21 13:03:26.557229","72000.00"
73721,3,3,8,25,114,916,1,4,4,"2024-10-26 22:45:23.458101","25000.00"
73725,4,4,10,30,129,917,4,9,9,"2025-04-28 08:34:05.657629","5000.00"
73727,4,4,10,30,129,917,2,9,9,"2024-11-22 10:45:35.206305","70000.00"
73728,4,4,10,30,129,917,1,9,9,"2024-10-26 05:21:12.623354","20000.00"
73733,3,3,8,26,117,918,3,4,4,"2024-11-23 23:58:15.914663","40000.00"
73734,3,3,8,26,117,918,2,4,4,"2024-11-23 01:24:20.711595","42000.00"
73735,3,3,8,26,117,918,1,4,4,"2024-10-16 08:32:27.08212","20000.00"
73739,4,4,10,30,130,919,4,5,5,"2025-04-16 16:01:21.848152","5000.00"
73741,4,4,10,30,130,919,2,5,5,"2025-06-05 07:04:27.956541","70000.00"
73742,4,4,10,30,130,919,1,5,5,"2024-10-07 10:24:33.094512","20000.00"
73746,4,4,10,30,128,920,4,8,8,"2024-11-17 03:47:46.041149","5000.00"
73748,4,4,10,30,128,920,2,8,8,"2025-06-02 12:16:19.1908","42000.00"
73749,4,4,10,30,128,920,1,8,8,"2024-10-22 00:11:19.602085","20000.00"
73753,4,4,10,31,132,921,4,3,3,"2025-02-06 02:09:31.42946","5000.00"
73755,4,4,10,31,132,921,2,3,3,"2024-10-13 07:20:08.554859","70000.00"
73756,4,4,10,31,132,921,1,3,3,"2024-10-30 06:35:31.260684","20000.00"
73760,4,4,10,31,133,922,4,10,10,"2024-11-05 19:41:45.103519","5000.00"
73762,4,4,10,31,133,922,2,10,10,"2024-10-26 02:07:20.463958","42000.00"
73763,4,4,10,31,133,922,1,10,10,"2024-10-22 00:27:55.166125","20000.00"
73766,4,4,10,32,134,923,5,7,7,"2025-01-29 21:41:25.900514","10000.00"
73767,4,4,10,32,134,923,4,7,7,"2025-06-18 05:54:50.066368","5000.00"
73768,4,4,10,32,134,923,3,7,7,"2024-10-23 05:05:37.736737","50000.00"
73769,4,4,10,32,134,923,2,7,7,"2025-05-06 22:15:34.221084","90000.00"
73770,4,4,10,32,134,923,1,7,7,"2024-10-22 10:40:05.259734","30000.00"
73774,4,4,10,32,135,924,4,3,3,"2024-12-20 10:01:53.91405","5000.00"
73776,4,4,10,32,135,924,2,3,3,"2025-01-08 08:21:27.873051","90000.00"
73777,4,4,10,32,135,924,1,3,3,"2024-10-13 22:27:42.995617","20000.00"
73780,4,4,10,32,136,925,5,6,6,"2025-04-12 19:54:23.622848","10000.00"
73781,4,4,10,32,136,925,4,6,6,"2024-12-21 20:16:06.214621","5000.00"
73782,4,4,10,32,136,925,3,6,6,"2025-02-14 22:05:02.455639","50000.00"
73783,4,4,10,32,136,925,2,6,6,"2024-12-17 20:59:43.171545","90000.00"
73784,4,4,10,32,136,925,1,6,6,"2024-10-24 00:48:36.382359","20000.00"
73787,4,4,10,32,137,926,5,8,8,"2024-11-19 22:37:41.615275","10000.00"
73788,4,4,10,32,137,926,4,8,8,"2024-10-27 05:43:54.853169","5000.00"
73789,4,4,10,32,137,926,3,8,8,"2025-02-23 18:25:28.650382","50000.00"
73790,4,4,10,32,137,926,2,8,8,"2024-12-25 10:13:28.459555","90000.00"
73791,4,4,10,32,137,926,1,8,8,"2024-10-07 04:00:00.051008","20000.00"
73794,4,4,10,32,138,927,5,9,9,"2025-06-23 13:28:28.097661","10000.00"
73795,4,4,10,32,138,927,4,9,9,"2025-04-12 12:52:36.283966","5000.00"
73796,4,4,10,32,138,927,3,9,9,"2024-11-16 18:17:21.077012","50000.00"
73797,4,4,10,32,138,927,2,9,9,"2024-12-13 12:29:43.05231","150000.00"
73798,4,4,10,32,138,927,1,9,9,"2024-10-01 22:19:00.086492","20000.00"
73802,4,4,11,33,139,928,4,1,1,"2025-05-02 03:30:40.534699","5000.00"
73804,4,4,11,33,139,928,2,1,1,"2024-12-16 05:11:24.845712","70000.00"
73805,4,4,11,33,139,928,1,1,1,"2024-10-21 01:20:08.163343","20000.00"
73809,4,4,11,33,140,929,4,2,2,"2024-11-11 08:17:47.355216","5000.00"
73811,4,4,11,33,140,929,2,2,2,"2025-05-01 22:49:11.665539","70000.00"
73812,4,4,11,33,140,929,1,2,2,"2024-10-19 19:14:54.770715","20000.00"
73816,4,4,11,33,141,930,4,1,1,"2025-02-05 14:35:57.808019","5000.00"
73818,4,4,11,33,141,930,2,1,1,"2025-06-15 11:09:35.517421","42000.00"
73819,4,4,11,33,141,930,1,1,1,"2024-10-14 02:00:42.7559","20000.00"
73824,3,3,9,28,123,931,3,6,6,"2025-04-22 12:17:29.992872","50000.00"
73825,3,3,9,28,123,931,2,6,6,"2025-06-06 01:28:29.081715","42000.00"
73826,3,3,9,28,123,931,1,6,6,"2024-10-08 01:03:49.205092","20000.00"
73831,3,3,9,28,124,932,3,9,9,"2025-01-03 14:31:36.700132","50000.00"
73832,3,3,9,28,124,932,2,9,9,"2025-06-06 19:47:09.939583","70000.00"
73833,3,3,9,28,124,932,1,9,9,"2024-10-03 13:53:34.531951","20000.00"
73837,3,3,9,27,121,933,4,7,7,"2025-01-06 04:52:28.225335","5000.00"
73839,3,3,9,27,121,933,2,7,7,"2024-10-14 08:29:41.699245","70000.00"
73840,3,3,9,27,121,933,1,7,7,"2024-10-07 17:21:05.690544","20000.00"
73844,2,2,7,22,105,934,4,4,4,"2024-12-23 23:31:47.089328","5000.00"
73846,2,2,7,22,105,934,2,4,4,"2025-04-02 05:22:55.387211","80000.00"
73847,2,2,7,22,105,934,1,4,4,"2024-10-16 03:21:00.625399","20000.00"
73851,3,3,8,24,112,935,4,1,1,"2025-04-28 21:32:30.634696","5000.00"
73853,3,3,8,24,112,935,2,1,1,"2024-10-04 19:18:55.616997","70000.00"
73854,3,3,8,24,112,935,1,1,1,"2024-10-20 03:03:08.60275","20000.00"
73858,2,2,7,22,106,936,4,5,5,"2025-05-30 01:33:12.241477","5000.00"
73860,2,2,7,22,106,936,2,5,5,"2025-02-21 15:36:11.083783","48000.00"
73861,2,2,7,22,106,936,1,5,5,"2024-10-15 05:16:58.495995","20000.00"
73865,2,2,7,23,109,937,4,3,3,"2025-05-18 11:01:05.129171","5000.00"
73867,2,2,7,23,109,937,2,3,3,"2025-02-14 19:17:53.258555","42000.00"
73868,2,2,7,23,109,937,1,3,3,"2024-10-25 18:15:38.320927","20000.00"
73872,3,3,8,25,115,938,4,10,10,"2025-04-28 16:01:56.409872","5000.00"
73874,3,3,8,25,115,938,2,10,10,"2024-12-25 06:26:46.501935","120000.00"
73875,3,3,8,25,115,938,1,10,10,"2024-10-05 01:00:49.38977","25000.00"
73879,2,2,7,23,108,939,4,4,4,"2025-05-03 11:49:25.394851","5000.00"
73881,2,2,7,23,108,939,2,4,4,"2025-03-29 12:02:55.211075","42000.00"
73882,2,2,7,23,108,939,1,4,4,"2024-10-27 23:15:40.615117","20000.00"
73887,3,3,8,26,116,940,3,1,1,"2025-05-20 21:58:53.168272","40000.00"
73888,3,3,8,26,116,940,2,1,1,"2024-10-19 02:45:15.068421","42000.00"
73889,3,3,8,26,116,940,1,1,1,"2024-10-21 04:41:34.401906","20000.00"
73893,3,3,9,29,125,941,4,8,8,"2024-10-29 07:29:50.050137","5000.00"
73895,3,3,9,29,125,941,2,8,8,"2025-05-26 23:12:33.336489","70000.00"
73896,3,3,9,29,125,941,1,8,8,"2024-10-25 03:34:32.592986","20000.00"
73900,3,3,9,29,126,942,4,8,8,"2025-03-15 14:10:09.851853","5000.00"
73902,3,3,9,29,126,942,2,8,8,"2025-01-18 17:24:47.881693","42000.00"
73903,3,3,9,29,126,942,1,8,8,"2024-10-03 04:09:48.410768","20000.00"
73907,3,3,9,29,127,943,4,8,8,"2024-10-09 18:50:58.258228","5000.00"
73909,3,3,9,29,127,943,2,8,8,"2025-06-24 17:49:21.362018","42000.00"
73910,3,3,9,29,127,943,1,8,8,"2024-10-30 12:48:45.120629","20000.00"
73914,3,3,8,25,114,944,4,4,4,"2024-10-18 05:34:18.477789","5000.00"
73916,3,3,8,25,114,944,2,4,4,"2025-01-30 10:15:01.141415","120000.00"
73917,3,3,8,25,114,944,1,4,4,"2024-10-13 11:12:42.821053","25000.00"
73921,4,4,10,30,130,945,4,6,6,"2025-01-30 19:30:54.840281","5000.00"
73923,4,4,10,30,130,945,2,6,6,"2025-05-12 14:04:06.717992","42000.00"
73924,4,4,10,30,130,945,1,6,6,"2024-10-19 18:51:42.082723","20000.00"
73928,4,4,10,30,128,946,4,10,10,"2024-11-10 14:55:26.318755","5000.00"
73930,4,4,10,30,128,946,2,10,10,"2025-04-17 10:44:45.960005","70000.00"
73931,4,4,10,30,128,946,1,10,10,"2024-10-20 17:09:56.115543","20000.00"
73935,4,4,10,30,129,947,4,10,10,"2025-04-13 23:31:12.632093","5000.00"
73937,4,4,10,30,129,947,2,10,10,"2025-03-15 08:38:40.796901","70000.00"
73938,4,4,10,30,129,947,1,10,10,"2024-10-21 23:19:06.901107","20000.00"
73942,4,4,10,30,130,948,4,6,6,"2025-01-20 12:26:28.862271","5000.00"
73944,4,4,10,30,130,948,2,6,6,"2024-11-10 01:38:59.856418","42000.00"
73945,4,4,10,30,130,948,1,6,6,"2024-10-12 10:19:19.405106","20000.00"
73949,4,4,10,31,131,949,4,9,9,"2025-03-23 15:45:43.876688","5000.00"
73951,4,4,10,31,131,949,2,9,9,"2025-05-29 07:36:57.456643","70000.00"
73952,4,4,10,31,131,949,1,9,9,"2024-10-19 18:16:05.913052","20000.00"
73956,4,4,10,31,132,950,4,8,8,"2025-01-30 05:30:28.518025","5000.00"
73958,4,4,10,31,132,950,2,8,8,"2025-01-13 07:58:53.401401","70000.00"
73959,4,4,10,31,132,950,1,8,8,"2024-10-25 10:16:23.069411","20000.00"
73963,4,4,10,31,133,951,4,5,5,"2025-05-29 20:23:35.049433","5000.00"
73965,4,4,10,31,133,951,2,5,5,"2025-05-03 12:15:57.170472","70000.00"
73966,4,4,10,31,133,951,1,5,5,"2024-10-10 21:08:36.162186","20000.00"
73969,4,4,10,32,134,952,5,3,3,"2024-10-21 20:53:21.726009","10000.00"
73970,4,4,10,32,134,952,4,3,3,"2025-06-06 05:13:45.238477","5000.00"
73971,4,4,10,32,134,952,3,3,3,"2025-04-02 12:22:43.682667","50000.00"
73972,4,4,10,32,134,952,2,3,3,"2025-03-02 15:50:47.278864","90000.00"
73973,4,4,10,32,134,952,1,3,3,"2024-10-26 08:24:26.6117","30000.00"
73977,4,4,10,32,135,953,4,1,1,"2025-05-07 14:06:25.005836","5000.00"
73979,4,4,10,32,135,953,2,1,1,"2025-01-07 15:33:23.288971","54000.00"
73980,4,4,10,32,135,953,1,1,1,"2024-10-27 12:51:40.531616","20000.00"
73983,4,4,10,32,136,954,5,9,9,"2025-01-16 05:50:22.263254","10000.00"
73984,4,4,10,32,136,954,4,9,9,"2024-10-30 13:41:00.807783","5000.00"
73985,4,4,10,32,136,954,3,9,9,"2025-04-21 22:21:02.173535","50000.00"
73986,4,4,10,32,136,954,2,9,9,"2025-05-31 12:04:37.67349","150000.00"
73987,4,4,10,32,136,954,1,9,9,"2024-10-06 06:05:25.061614","20000.00"
73990,4,4,10,32,137,955,5,2,2,"2024-11-14 20:49:00.445773","10000.00"
73991,4,4,10,32,137,955,4,2,2,"2024-12-17 05:22:47.275047","5000.00"
73992,4,4,10,32,137,955,3,2,2,"2025-04-29 19:01:15.59637","50000.00"
73993,4,4,10,32,137,955,2,2,2,"2025-06-03 10:25:30.478483","150000.00"
73994,4,4,10,32,137,955,1,2,2,"2024-10-05 09:21:19.745595","20000.00"
73997,4,4,10,32,138,956,5,10,10,"2025-05-12 17:17:19.408696","10000.00"
73998,4,4,10,32,138,956,4,10,10,"2024-11-03 05:35:18.788032","5000.00"
73999,4,4,10,32,138,956,3,10,10,"2025-03-15 03:33:30.009581","50000.00"
74000,4,4,10,32,138,956,2,10,10,"2025-03-06 02:21:31.87101","90000.00"
74001,4,4,10,32,138,956,1,10,10,"2024-10-22 01:32:27.64245","20000.00"
74005,4,4,11,33,139,957,4,7,7,"2025-04-18 19:31:01.57947","5000.00"
74007,4,4,11,33,139,957,2,7,7,"2024-10-19 09:49:12.076569","70000.00"
74008,4,4,11,33,139,957,1,7,7,"2024-10-29 14:20:10.487943","20000.00"
74012,4,4,11,33,140,958,4,7,7,"2025-04-06 01:07:35.97759","5000.00"
74014,4,4,11,33,140,958,2,7,7,"2024-12-10 13:10:14.484853","70000.00"
74015,4,4,11,33,140,958,1,7,7,"2024-10-30 07:33:32.806463","20000.00"
74019,4,4,11,33,141,959,4,6,6,"2025-02-04 02:52:59.658348","5000.00"
74021,4,4,11,33,141,959,2,6,6,"2025-06-19 07:46:01.871095","70000.00"
74022,4,4,11,33,141,959,1,6,6,"2024-10-14 00:27:05.891314","20000.00"
74026,3,3,9,27,121,960,4,3,3,"2025-06-21 12:13:15.552194","5000.00"
74028,3,3,9,27,121,960,2,3,3,"2025-04-11 21:36:14.510888","42000.00"
74029,3,3,9,27,121,960,1,3,3,"2024-10-04 17:28:26.065615","20000.00"
74034,3,3,9,28,122,961,3,7,7,"2025-06-24 03:45:28.833889","50000.00"
74035,3,3,9,28,122,961,2,7,7,"2024-11-24 08:12:32.072665","70000.00"
74036,3,3,9,28,122,961,1,7,7,"2024-10-14 05:30:40.376895","20000.00"
74041,3,3,9,28,123,962,3,9,9,"2025-04-06 12:11:45.175715","50000.00"
74042,3,3,9,28,123,962,2,9,9,"2025-03-02 07:12:26.569829","42000.00"
74043,3,3,9,28,123,962,1,9,9,"2024-10-17 05:36:31.97411","20000.00"
74048,3,3,9,28,124,963,3,8,8,"2025-01-04 10:45:23.11352","50000.00"
74049,3,3,9,28,124,963,2,8,8,"2025-05-11 23:36:11.417341","42000.00"
74050,3,3,9,28,124,963,1,8,8,"2024-10-30 20:01:56.630073","20000.00"
74054,3,3,9,27,119,964,4,8,8,"2025-05-09 20:05:12.671123","5000.00"
74056,3,3,9,27,119,964,2,8,8,"2024-10-12 00:25:26.955439","42000.00"
74057,3,3,9,27,119,964,1,8,8,"2024-10-14 02:00:57.875389","20000.00"
74061,2,2,7,22,104,965,4,10,10,"2025-01-01 05:51:45.757082","5000.00"
74063,2,2,7,22,104,965,2,10,10,"2025-06-19 09:29:12.46868","48000.00"
74064,2,2,7,22,104,965,1,10,10,"2024-10-28 15:53:57.872835","20000.00"
74068,2,2,7,22,105,966,4,7,7,"2025-06-05 11:07:06.340598","5000.00"
74070,2,2,7,22,105,966,2,7,7,"2024-11-01 20:41:16.545798","80000.00"
74071,2,2,7,22,105,966,1,7,7,"2024-10-20 23:52:40.603404","20000.00"
74075,3,3,8,24,111,967,4,7,7,"2024-11-03 05:44:17.876436","5000.00"
74077,3,3,8,24,111,967,2,7,7,"2024-12-21 04:13:17.111703","70000.00"
74078,3,3,8,24,111,967,1,7,7,"2024-10-13 19:28:24.952826","20000.00"
74082,3,3,8,24,112,968,4,3,3,"2025-03-06 03:21:36.01913","5000.00"
74084,3,3,8,24,112,968,2,3,3,"2025-06-11 03:48:17.10642","42000.00"
74085,3,3,8,24,112,968,1,3,3,"2024-10-29 09:46:43.557486","20000.00"
74089,2,2,7,23,107,969,4,9,9,"2025-06-30 04:29:03.827429","5000.00"
74091,2,2,7,23,107,969,2,9,9,"2025-02-20 11:22:09.621332","42000.00"
74092,2,2,7,23,107,969,1,9,9,"2024-10-11 14:32:10.088454","20000.00"
74096,2,2,7,23,108,970,4,9,9,"2024-12-16 16:19:11.071796","5000.00"
74098,2,2,7,23,108,970,2,9,9,"2024-12-20 03:37:15.146658","42000.00"
74099,2,2,7,23,108,970,1,9,9,"2024-10-14 13:03:47.672327","20000.00"
74103,2,2,7,23,109,971,4,4,4,"2025-02-03 00:48:55.581127","5000.00"
74105,2,2,7,23,109,971,2,4,4,"2024-10-07 09:54:34.906715","42000.00"
74106,2,2,7,23,109,971,1,4,4,"2024-10-18 17:56:06.124566","20000.00"
74111,3,3,8,26,116,972,3,6,6,"2025-02-11 23:38:16.017446","40000.00"
74112,3,3,8,26,116,972,2,6,6,"2024-11-17 23:30:15.002438","70000.00"
74113,3,3,8,26,116,972,1,6,6,"2024-10-19 08:26:23.78719","20000.00"
74117,3,3,9,29,125,973,4,3,3,"2025-04-07 17:26:19.820386","5000.00"
74119,3,3,9,29,125,973,2,3,3,"2024-12-30 11:32:59.885945","70000.00"
74120,3,3,9,29,125,973,1,3,3,"2024-10-19 10:35:01.987688","20000.00"
74124,3,3,9,29,126,974,4,6,6,"2025-03-11 12:55:16.368673","5000.00"
74126,3,3,9,29,126,974,2,6,6,"2025-03-14 08:18:58.501545","70000.00"
74127,3,3,9,29,126,974,1,6,6,"2024-10-27 00:22:46.168589","20000.00"
74131,3,3,9,29,127,975,4,2,2,"2024-12-25 23:55:45.353911","5000.00"
74133,3,3,9,29,127,975,2,2,2,"2025-02-18 21:07:40.942349","70000.00"
74134,3,3,9,29,127,975,1,2,2,"2024-10-07 23:19:39.433405","20000.00"
74138,3,3,8,25,114,976,4,8,8,"2025-01-05 02:59:05.69047","5000.00"
74140,3,3,8,25,114,976,2,8,8,"2025-01-02 01:26:40.376475","120000.00"
74141,3,3,8,25,114,976,1,8,8,"2024-10-30 20:49:01.919163","25000.00"
74145,4,4,10,30,130,977,4,4,4,"2024-11-28 03:39:56.14033","5000.00"
74147,4,4,10,30,130,977,2,4,4,"2025-06-02 10:04:06.074755","42000.00"
74148,4,4,10,30,130,977,1,4,4,"2024-10-04 08:16:45.737218","20000.00"
74153,3,3,8,26,117,978,3,6,6,"2024-10-21 17:15:20.789599","40000.00"
74154,3,3,8,26,117,978,2,6,6,"2025-04-13 02:20:13.532764","70000.00"
74155,3,3,8,26,117,978,1,6,6,"2024-10-24 09:14:46.176058","20000.00"
74159,4,4,10,30,129,979,4,6,6,"2025-02-27 05:34:43.358978","5000.00"
74161,4,4,10,30,129,979,2,6,6,"2025-04-17 09:19:01.493274","42000.00"
74162,4,4,10,30,129,979,1,6,6,"2024-10-30 01:10:33.21441","20000.00"
74167,3,3,8,26,118,980,3,2,2,"2025-05-09 06:56:20.759527","40000.00"
74168,3,3,8,26,118,980,2,2,2,"2025-06-15 07:29:34.115307","42000.00"
74169,3,3,8,26,118,980,1,2,2,"2024-10-07 09:33:45.908817","20000.00"
74173,4,4,10,30,128,981,4,10,10,"2025-04-14 15:53:10.465072","5000.00"
74175,4,4,10,30,128,981,2,10,10,"2025-02-19 00:18:02.62333","70000.00"
74176,4,4,10,30,128,981,1,10,10,"2024-10-13 13:54:30.879315","20000.00"
74180,4,4,10,30,129,982,4,9,9,"2025-05-19 21:16:18.63198","5000.00"
74182,4,4,10,30,129,982,2,9,9,"2025-03-17 05:59:33.744516","70000.00"
74183,4,4,10,30,129,982,1,9,9,"2024-10-17 17:37:25.189274","20000.00"
74187,4,4,10,30,130,983,4,3,3,"2025-01-08 06:48:30.99021","5000.00"
74189,4,4,10,30,130,983,2,3,3,"2025-04-30 02:10:59.752956","70000.00"
74190,4,4,10,30,130,983,1,3,3,"2024-10-03 15:59:58.241727","20000.00"
74194,4,4,10,31,131,984,4,7,7,"2025-01-12 11:16:50.939486","5000.00"
74196,4,4,10,31,131,984,2,7,7,"2025-06-01 00:26:09.576029","70000.00"
74197,4,4,10,31,131,984,1,7,7,"2024-10-24 09:37:50.594953","20000.00"
74201,4,4,10,31,132,985,4,1,1,"2025-01-11 04:52:25.413764","5000.00"
74203,4,4,10,31,132,985,2,1,1,"2024-11-06 02:46:22.385774","42000.00"
74204,4,4,10,31,132,985,1,1,1,"2024-10-14 03:02:40.113416","20000.00"
74208,4,4,10,31,133,986,4,6,6,"2025-01-07 10:56:17.183253","5000.00"
74210,4,4,10,31,133,986,2,6,6,"2024-12-07 20:57:47.074208","42000.00"
74211,4,4,10,31,133,986,1,6,6,"2024-10-04 18:17:31.70055","20000.00"
74214,4,4,10,32,134,987,5,1,1,"2025-03-11 08:01:08.406538","10000.00"
74215,4,4,10,32,134,987,4,1,1,"2025-04-06 13:43:59.389567","5000.00"
74216,4,4,10,32,134,987,3,1,1,"2025-01-31 21:02:38.723995","50000.00"
74217,4,4,10,32,134,987,2,1,1,"2025-03-07 16:46:52.959578","150000.00"
74218,4,4,10,32,134,987,1,1,1,"2024-10-27 21:51:18.191952","30000.00"
74222,4,4,10,32,135,988,4,9,9,"2025-02-09 19:23:50.150463","5000.00"
74224,4,4,10,32,135,988,2,9,9,"2025-05-23 17:23:52.002548","54000.00"
74225,4,4,10,32,135,988,1,9,9,"2024-10-22 03:38:46.139468","20000.00"
74228,4,4,10,32,136,989,5,10,10,"2025-02-05 22:47:02.482546","10000.00"
74229,4,4,10,32,136,989,4,10,10,"2025-02-26 13:15:50.894611","5000.00"
74230,4,4,10,32,136,989,3,10,10,"2025-06-03 02:49:47.409814","50000.00"
74231,4,4,10,32,136,989,2,10,10,"2024-11-21 23:20:56.181835","90000.00"
74232,4,4,10,32,136,989,1,10,10,"2024-10-20 15:30:37.978988","20000.00"
74235,4,4,10,32,137,990,5,7,7,"2024-12-16 00:14:27.94677","10000.00"
74236,4,4,10,32,137,990,4,7,7,"2025-04-21 16:10:09.157337","5000.00"
74237,4,4,10,32,137,990,3,7,7,"2025-03-12 06:30:40.584765","50000.00"
74238,4,4,10,32,137,990,2,7,7,"2024-10-17 05:22:10.666681","150000.00"
74239,4,4,10,32,137,990,1,7,7,"2024-10-18 15:20:27.944526","20000.00"
74242,4,4,10,32,138,991,5,6,6,"2024-11-21 06:25:01.702228","10000.00"
74243,4,4,10,32,138,991,4,6,6,"2025-03-28 15:33:06.808091","5000.00"
74244,4,4,10,32,138,991,3,6,6,"2025-02-03 18:25:07.589609","50000.00"
74245,4,4,10,32,138,991,2,6,6,"2024-11-15 08:12:36.303858","150000.00"
74246,4,4,10,32,138,991,1,6,6,"2024-10-25 01:35:43.320887","20000.00"
74250,4,4,11,33,139,992,4,6,6,"2024-11-12 17:58:47.187105","5000.00"
74252,4,4,11,33,139,992,2,6,6,"2025-05-27 05:26:01.39647","70000.00"
74253,4,4,11,33,139,992,1,6,6,"2024-10-23 02:47:02.857973","20000.00"
74257,4,4,11,33,140,993,4,9,9,"2025-06-28 03:03:33.061068","5000.00"
74259,4,4,11,33,140,993,2,9,9,"2025-06-08 01:37:59.839902","42000.00"
74260,4,4,11,33,140,993,1,9,9,"2024-10-15 17:54:48.999972","20000.00"
74264,4,4,11,33,141,994,4,10,10,"2024-11-19 16:20:02.982132","5000.00"
74266,4,4,11,33,141,994,2,10,10,"2025-04-14 17:54:42.597017","42000.00"
74267,4,4,11,33,141,994,1,10,10,"2024-10-26 19:21:30.398696","20000.00"
74271,2,2,7,21,101,995,4,4,4,"2025-05-17 06:41:15.990614","5000.00"
74273,2,2,7,21,101,995,2,4,4,"2024-10-01 11:36:03.7487","48000.00"
74274,2,2,7,21,101,995,1,4,4,"2024-10-06 16:22:17.72801","20000.00"
74279,3,3,9,28,122,996,3,7,7,"2025-06-22 07:42:04.58554","50000.00"
74280,3,3,9,28,122,996,2,7,7,"2024-10-14 13:08:51.097803","42000.00"
74281,3,3,9,28,122,996,1,7,7,"2024-10-21 09:58:51.415606","20000.00"
74285,3,3,9,27,119,997,4,8,8,"2025-05-22 09:42:14.565608","5000.00"
74287,3,3,9,27,119,997,2,8,8,"2024-10-07 08:33:55.449264","42000.00"
74288,3,3,9,27,119,997,1,8,8,"2024-10-28 20:04:28.911542","20000.00"
74293,3,3,9,28,124,998,3,6,6,"2025-01-14 03:26:44.846154","50000.00"
74294,3,3,9,28,124,998,2,6,6,"2025-04-16 09:37:02.822235","70000.00"
74295,3,3,9,28,124,998,1,6,6,"2024-10-03 20:51:35.319922","20000.00"
74299,3,3,9,27,121,999,4,5,5,"2025-04-05 09:31:14.599627","5000.00"
74301,3,3,9,27,121,999,2,5,5,"2024-10-18 01:29:17.617294","42000.00"
74302,3,3,9,27,121,999,1,5,5,"2024-10-14 16:43:21.215845","20000.00"
74307,3,3,9,28,123,1000,3,5,5,"2025-04-25 23:42:54.992538","50000.00"
74308,3,3,9,28,123,1000,2,5,5,"2024-12-14 00:54:19.765786","42000.00"
74309,3,3,9,28,123,1000,1,5,5,"2024-10-27 22:37:52.081526","20000.00"
74313,2,2,7,22,104,1001,4,9,9,"2025-05-29 17:18:52.218674","5000.00"
74315,2,2,7,22,104,1001,2,9,9,"2024-11-27 15:06:57.221477","48000.00"
74316,2,2,7,22,104,1001,1,9,9,"2024-10-04 17:08:16.118722","20000.00"
74320,2,2,7,22,105,1002,4,1,1,"2024-10-13 14:42:37.316333","5000.00"
74322,2,2,7,22,105,1002,2,1,1,"2024-11-21 17:02:50.170088","80000.00"
74323,2,2,7,22,105,1002,1,1,1,"2024-10-15 13:08:36.708708","20000.00"
74327,3,3,8,24,111,1003,4,6,6,"2025-06-11 17:21:36.663125","5000.00"
74329,3,3,8,24,111,1003,2,6,6,"2024-11-01 21:52:46.158332","42000.00"
74330,3,3,8,24,111,1003,1,6,6,"2024-10-12 01:47:31.194565","20000.00"
74334,3,3,8,24,112,1004,4,6,6,"2024-12-03 04:15:06.567319","5000.00"
74336,3,3,8,24,112,1004,2,6,6,"2025-03-01 05:22:31.818402","70000.00"
74337,3,3,8,24,112,1004,1,6,6,"2024-10-29 15:38:13.082088","20000.00"
74341,2,2,7,22,106,1005,4,1,1,"2024-11-24 03:35:21.172632","5000.00"
74343,2,2,7,22,106,1005,2,1,1,"2025-03-12 10:01:38.951695","80000.00"
74344,2,2,7,22,106,1005,1,1,1,"2024-10-03 20:52:05.854617","20000.00"
74348,3,3,8,25,115,1006,4,6,6,"2025-06-11 01:00:12.586878","5000.00"
74350,3,3,8,25,115,1006,2,6,6,"2024-11-27 20:49:58.891431","120000.00"
74351,3,3,8,25,115,1006,1,6,6,"2024-10-02 16:11:24.654797","25000.00"
74355,2,2,7,23,107,1007,4,7,7,"2025-02-08 18:23:16.082255","5000.00"
74357,2,2,7,23,107,1007,2,7,7,"2025-02-05 11:02:04.904374","70000.00"
74358,2,2,7,23,107,1007,1,7,7,"2024-10-06 19:37:10.930848","20000.00"
74362,2,2,7,23,109,1008,4,8,8,"2024-12-02 23:12:42.887664","5000.00"
74364,2,2,7,23,109,1008,2,8,8,"2025-04-23 12:27:25.994127","42000.00"
74365,2,2,7,23,109,1008,1,8,8,"2024-10-17 01:55:31.416201","20000.00"
74369,2,2,7,23,108,1009,4,3,3,"2025-04-25 23:54:22.138822","5000.00"
74371,2,2,7,23,108,1009,2,3,3,"2025-05-03 08:58:54.917992","42000.00"
74372,2,2,7,23,108,1009,1,3,3,"2024-10-28 04:46:44.520444","20000.00"
74377,3,3,8,26,116,1010,3,2,2,"2025-01-20 04:59:53.418419","40000.00"
74378,3,3,8,26,116,1010,2,2,2,"2024-11-03 05:23:15.043955","70000.00"
74379,3,3,8,26,116,1010,1,2,2,"2024-10-19 20:12:34.259999","20000.00"
74383,3,3,9,29,125,1011,4,4,4,"2024-11-22 14:50:31.149761","5000.00"
74385,3,3,9,29,125,1011,2,4,4,"2024-11-25 10:43:49.15606","70000.00"
74386,3,3,9,29,125,1011,1,4,4,"2024-10-12 02:48:20.994981","20000.00"
74390,3,3,9,29,126,1012,4,5,5,"2024-10-10 21:44:03.001054","5000.00"
74392,3,3,9,29,126,1012,2,5,5,"2024-10-04 00:38:46.383799","70000.00"
74393,3,3,9,29,126,1012,1,5,5,"2024-10-19 10:09:33.741836","20000.00"
74397,3,3,9,29,127,1013,4,10,10,"2025-01-07 00:32:32.113697","5000.00"
74399,3,3,9,29,127,1013,2,10,10,"2025-06-15 00:40:20.188374","70000.00"
74400,3,3,9,29,127,1013,1,10,10,"2024-10-14 13:57:47.121879","20000.00"
74404,3,3,8,25,114,1014,4,4,4,"2024-10-25 08:36:57.427749","5000.00"
74406,3,3,8,25,114,1014,2,4,4,"2024-12-05 21:25:08.096859","72000.00"
74407,3,3,8,25,114,1014,1,4,4,"2024-10-29 07:25:52.699379","25000.00"
74411,4,4,10,30,130,1015,4,6,6,"2025-04-11 02:49:00.450782","5000.00"
74413,4,4,10,30,130,1015,2,6,6,"2025-02-25 19:31:41.361906","42000.00"
74414,4,4,10,30,130,1015,1,6,6,"2024-10-10 00:32:42.729988","20000.00"
74419,3,3,8,26,117,1016,3,4,4,"2024-10-24 01:38:36.079087","40000.00"
74420,3,3,8,26,117,1016,2,4,4,"2025-06-24 18:52:35.703506","70000.00"
74421,3,3,8,26,117,1016,1,4,4,"2024-10-24 07:32:53.517657","20000.00"
74426,3,3,8,26,118,1017,3,9,9,"2025-02-20 04:54:52.577707","40000.00"
74427,3,3,8,26,118,1017,2,9,9,"2025-05-20 07:02:02.899872","70000.00"
74428,3,3,8,26,118,1017,1,9,9,"2024-10-04 14:36:23.884598","20000.00"
74432,4,4,10,30,129,1018,4,4,4,"2024-10-19 04:14:15.894354","5000.00"
74434,4,4,10,30,129,1018,2,4,4,"2025-02-02 14:07:02.733244","70000.00"
74435,4,4,10,30,129,1018,1,4,4,"2024-10-14 20:53:17.393915","20000.00"
74439,4,4,10,30,130,1019,4,8,8,"2025-04-30 18:38:44.929217","5000.00"
74441,4,4,10,30,130,1019,2,8,8,"2024-12-15 05:36:14.266021","70000.00"
74442,4,4,10,30,130,1019,1,8,8,"2024-10-03 13:51:35.969108","20000.00"
74446,3,3,8,25,115,1020,4,6,6,"2025-06-24 20:08:27.49253","5000.00"
74448,3,3,8,25,115,1020,2,6,6,"2025-05-08 16:29:12.831226","120000.00"
74449,3,3,8,25,115,1020,1,6,6,"2024-10-01 12:29:39.955221","25000.00"
74453,4,4,10,30,128,1021,4,10,10,"2025-04-16 11:08:02.825315","5000.00"
74455,4,4,10,30,128,1021,2,10,10,"2024-10-31 20:12:50.433315","70000.00"
74456,4,4,10,30,128,1021,1,10,10,"2024-10-10 10:12:48.159081","20000.00"
74460,4,4,10,30,129,1022,4,5,5,"2025-04-23 01:33:31.588868","5000.00"
74462,4,4,10,30,129,1022,2,5,5,"2025-06-27 04:14:05.422021","42000.00"
74463,4,4,10,30,129,1022,1,5,5,"2024-10-02 16:40:20.350593","20000.00"
74467,4,4,10,30,130,1023,4,2,2,"2025-02-16 06:57:52.110011","5000.00"
74469,4,4,10,30,130,1023,2,2,2,"2024-12-08 22:31:27.994681","70000.00"
74470,4,4,10,30,130,1023,1,2,2,"2024-10-23 01:42:22.718195","20000.00"
74474,4,4,10,31,131,1024,4,7,7,"2024-12-27 09:44:58.354521","5000.00"
74476,4,4,10,31,131,1024,2,7,7,"2025-06-14 14:17:24.9373","70000.00"
74477,4,4,10,31,131,1024,1,7,7,"2024-10-13 15:01:23.748363","20000.00"
74481,4,4,10,31,132,1025,4,6,6,"2025-06-09 00:16:15.519881","5000.00"
74483,4,4,10,31,132,1025,2,6,6,"2025-01-30 17:19:35.086338","70000.00"
74484,4,4,10,31,132,1025,1,6,6,"2024-10-08 21:57:37.215084","20000.00"
74488,4,4,10,31,133,1026,4,7,7,"2025-01-22 05:33:14.089166","5000.00"
74490,4,4,10,31,133,1026,2,7,7,"2025-06-26 22:45:58.217532","42000.00"
74491,4,4,10,31,133,1026,1,7,7,"2024-10-19 17:37:49.828184","20000.00"
74494,4,4,10,32,134,1027,5,2,2,"2025-03-16 20:24:57.915533","10000.00"
74495,4,4,10,32,134,1027,4,2,2,"2024-12-24 15:14:40.320738","5000.00"
74496,4,4,10,32,134,1027,3,2,2,"2025-01-08 09:11:30.760537","50000.00"
74497,4,4,10,32,134,1027,2,2,2,"2025-06-24 18:38:48.892923","90000.00"
74498,4,4,10,32,134,1027,1,2,2,"2024-10-10 11:53:07.495913","30000.00"
74502,4,4,10,32,135,1028,4,8,8,"2025-02-23 10:54:25.461361","5000.00"
74504,4,4,10,32,135,1028,2,8,8,"2025-02-16 17:30:08.668692","54000.00"
74505,4,4,10,32,135,1028,1,8,8,"2024-10-27 03:16:25.572074","20000.00"
74508,4,4,10,32,136,1029,5,5,5,"2024-10-23 03:18:51.640122","10000.00"
74509,4,4,10,32,136,1029,4,5,5,"2025-06-04 02:08:58.153373","5000.00"
74510,4,4,10,32,136,1029,3,5,5,"2024-12-29 04:20:52.295838","50000.00"
74511,4,4,10,32,136,1029,2,5,5,"2025-03-12 01:34:31.874796","150000.00"
74512,4,4,10,32,136,1029,1,5,5,"2024-10-01 15:09:01.08669","20000.00"
74515,4,4,10,32,137,1030,5,8,8,"2025-03-20 02:54:33.298054","10000.00"
74516,4,4,10,32,137,1030,4,8,8,"2024-12-28 12:53:52.454663","5000.00"
74517,4,4,10,32,137,1030,3,8,8,"2024-11-30 04:10:47.923892","50000.00"
74518,4,4,10,32,137,1030,2,8,8,"2024-12-22 04:55:59.010484","150000.00"
74519,4,4,10,32,137,1030,1,8,8,"2024-10-23 22:12:19.782972","20000.00"
74522,4,4,10,32,138,1031,5,6,6,"2024-11-16 18:02:24.303952","10000.00"
74523,4,4,10,32,138,1031,4,6,6,"2025-06-17 00:52:56.809813","5000.00"
74524,4,4,10,32,138,1031,3,6,6,"2024-11-25 22:10:45.686827","50000.00"
74525,4,4,10,32,138,1031,2,6,6,"2025-04-21 10:35:31.000872","150000.00"
74526,4,4,10,32,138,1031,1,6,6,"2024-10-10 23:36:05.29878","20000.00"
74530,4,4,11,33,139,1032,4,2,2,"2024-12-04 13:25:38.700302","5000.00"
74532,4,4,11,33,139,1032,2,2,2,"2024-10-05 00:42:34.78314","70000.00"
74533,4,4,11,33,139,1032,1,2,2,"2024-10-15 07:21:05.809787","20000.00"
74537,4,4,11,33,140,1033,4,10,10,"2024-12-13 15:52:05.957644","5000.00"
74539,4,4,11,33,140,1033,2,10,10,"2025-06-21 03:23:03.36645","70000.00"
74540,4,4,11,33,140,1033,1,10,10,"2024-10-30 23:36:39.209022","20000.00"
74544,4,4,11,33,141,1034,4,6,6,"2025-02-17 11:24:03.805957","5000.00"
74546,4,4,11,33,141,1034,2,6,6,"2025-01-28 01:06:17.719984","42000.00"
74547,4,4,11,33,141,1034,1,6,6,"2024-10-08 09:43:22.859159","20000.00"
74551,2,2,7,21,101,1035,4,1,1,"2024-12-21 06:30:44.094497","5000.00"
74553,2,2,7,21,101,1035,2,1,1,"2024-12-07 08:45:03.671931","48000.00"
74554,2,2,7,21,101,1035,1,1,1,"2024-10-23 11:54:56.538922","20000.00"
74559,3,3,9,28,122,1036,3,7,7,"2025-03-15 17:24:50.651505","50000.00"
74560,3,3,9,28,122,1036,2,7,7,"2025-06-28 10:51:53.577866","70000.00"
74561,3,3,9,28,122,1036,1,7,7,"2024-10-10 23:38:10.9001","20000.00"
74565,3,3,9,27,119,1037,4,5,5,"2025-03-12 15:15:51.932594","5000.00"
74567,3,3,9,27,119,1037,2,5,5,"2024-11-01 01:20:42.189224","42000.00"
74568,3,3,9,27,119,1037,1,5,5,"2024-10-25 19:13:39.713689","20000.00"
74573,3,3,9,28,124,1038,3,4,4,"2025-04-16 07:00:17.770677","50000.00"
74574,3,3,9,28,124,1038,2,4,4,"2025-04-05 15:51:57.519333","42000.00"
74575,3,3,9,28,124,1038,1,4,4,"2024-10-20 04:20:05.383155","20000.00"
74579,3,3,9,27,121,1039,4,1,1,"2025-06-01 06:13:27.087757","5000.00"
74581,3,3,9,27,121,1039,2,1,1,"2025-04-03 09:50:59.031955","70000.00"
74582,3,3,9,27,121,1039,1,1,1,"2024-10-26 16:51:39.158601","20000.00"
74587,3,3,9,28,123,1040,3,4,4,"2025-06-02 20:57:43.576801","50000.00"
74588,3,3,9,28,123,1040,2,4,4,"2025-04-11 02:51:06.795076","42000.00"
74589,3,3,9,28,123,1040,1,4,4,"2024-10-09 15:08:23.699334","20000.00"
74593,2,2,7,22,104,1041,4,7,7,"2025-02-17 16:27:20.77098","5000.00"
74595,2,2,7,22,104,1041,2,7,7,"2025-05-16 03:32:16.474542","48000.00"
74596,2,2,7,22,104,1041,1,7,7,"2024-10-28 19:38:13.890205","20000.00"
74600,2,2,7,22,105,1042,4,9,9,"2024-12-29 18:38:05.549068","5000.00"
74602,2,2,7,22,105,1042,2,9,9,"2025-04-16 19:44:30.309994","48000.00"
74603,2,2,7,22,105,1042,1,9,9,"2024-10-18 12:41:45.67285","20000.00"
74607,3,3,8,24,111,1043,4,7,7,"2025-03-19 03:49:24.910509","5000.00"
74609,3,3,8,24,111,1043,2,7,7,"2025-03-19 01:45:29.764667","70000.00"
74610,3,3,8,24,111,1043,1,7,7,"2024-10-17 23:21:02.834654","20000.00"
74614,3,3,8,24,112,1044,4,7,7,"2025-02-15 05:13:34.866345","5000.00"
74616,3,3,8,24,112,1044,2,7,7,"2025-03-16 04:17:53.598044","70000.00"
74617,3,3,8,24,112,1044,1,7,7,"2024-10-23 08:29:06.76556","20000.00"
74621,2,2,7,22,106,1045,4,6,6,"2024-10-14 13:15:36.04163","5000.00"
74623,2,2,7,22,106,1045,2,6,6,"2025-05-07 20:02:15.943199","80000.00"
74624,2,2,7,22,106,1045,1,6,6,"2024-10-10 01:57:13.488561","20000.00"
74628,3,3,8,25,115,1046,4,3,3,"2025-01-10 09:11:18.460413","5000.00"
74630,3,3,8,25,115,1046,2,3,3,"2025-04-23 21:07:28.591367","120000.00"
74631,3,3,8,25,115,1046,1,3,3,"2024-10-26 22:50:07.850314","25000.00"
74635,2,2,7,23,107,1047,4,9,9,"2025-06-09 05:15:55.938863","5000.00"
74637,2,2,7,23,107,1047,2,9,9,"2025-05-13 13:28:27.696402","42000.00"
74638,2,2,7,23,107,1047,1,9,9,"2024-10-29 17:26:08.272268","20000.00"
74642,2,2,7,23,109,1048,4,5,5,"2025-05-06 10:11:16.182146","5000.00"
74644,2,2,7,23,109,1048,2,5,5,"2025-02-28 18:03:49.052488","70000.00"
74645,2,2,7,23,109,1048,1,5,5,"2024-10-08 00:14:33.761869","20000.00"
74649,2,2,7,23,108,1049,4,7,7,"2025-06-03 02:42:35.222805","5000.00"
74651,2,2,7,23,108,1049,2,7,7,"2025-04-29 01:33:56.640892","70000.00"
74652,2,2,7,23,108,1049,1,7,7,"2024-10-08 18:42:06.48593","20000.00"
74657,3,3,8,26,116,1050,3,5,5,"2025-06-30 00:06:38.356191","40000.00"
74658,3,3,8,26,116,1050,2,5,5,"2025-04-23 15:26:49.515279","70000.00"
74659,3,3,8,26,116,1050,1,5,5,"2024-10-15 12:32:50.153291","20000.00"
74663,3,3,9,29,125,1051,4,1,1,"2025-06-02 10:38:33.266097","5000.00"
74665,3,3,9,29,125,1051,2,1,1,"2024-10-24 11:38:00.802003","42000.00"
74666,3,3,9,29,125,1051,1,1,1,"2024-10-13 12:13:07.982513","20000.00"
74670,3,3,9,29,126,1052,4,5,5,"2025-05-07 22:52:19.921971","5000.00"
74672,3,3,9,29,126,1052,2,5,5,"2025-05-01 07:28:45.645684","42000.00"
74673,3,3,9,29,126,1052,1,5,5,"2024-10-17 17:08:48.924287","20000.00"
74677,3,3,9,29,127,1053,4,10,10,"2025-01-14 06:38:11.08215","5000.00"
74679,3,3,9,29,127,1053,2,10,10,"2025-03-07 00:41:39.315242","42000.00"
74680,3,3,9,29,127,1053,1,10,10,"2024-10-23 19:25:58.041789","20000.00"
74684,3,3,8,25,114,1054,4,3,3,"2024-10-02 12:37:57.26285","5000.00"
74686,3,3,8,25,114,1054,2,3,3,"2024-12-28 01:01:19.394729","120000.00"
74687,3,3,8,25,114,1054,1,3,3,"2024-10-22 18:13:38.250335","25000.00"
74691,4,4,10,30,130,1055,4,9,9,"2025-01-21 22:24:42.151941","5000.00"
74693,4,4,10,30,130,1055,2,9,9,"2024-10-13 16:35:53.490174","42000.00"
74694,4,4,10,30,130,1055,1,9,9,"2024-10-10 22:01:48.19898","20000.00"
74699,3,3,8,26,117,1056,3,5,5,"2025-03-17 08:29:18.065855","40000.00"
74700,3,3,8,26,117,1056,2,5,5,"2025-03-23 16:07:33.316475","70000.00"
74701,3,3,8,26,117,1056,1,5,5,"2024-10-07 22:26:34.754123","20000.00"
74706,3,3,8,26,118,1057,3,9,9,"2025-06-15 20:13:36.640887","40000.00"
74707,3,3,8,26,118,1057,2,9,9,"2025-03-06 00:59:47.972773","70000.00"
74708,3,3,8,26,118,1057,1,9,9,"2024-10-21 16:06:36.675177","20000.00"
74712,4,4,10,30,129,1058,4,1,1,"2024-10-03 11:51:36.689984","5000.00"
74714,4,4,10,30,129,1058,2,1,1,"2025-06-06 06:36:59.846089","70000.00"
74715,4,4,10,30,129,1058,1,1,1,"2024-10-09 12:53:48.638508","20000.00"
74719,4,4,10,30,130,1059,4,1,1,"2025-05-21 12:31:52.437184","5000.00"
74721,4,4,10,30,130,1059,2,1,1,"2024-10-28 09:27:44.073506","42000.00"
74722,4,4,10,30,130,1059,1,1,1,"2024-10-05 11:24:31.942846","20000.00"
74726,3,3,8,25,115,1060,4,4,4,"2024-11-04 00:00:52.84209","5000.00"
74728,3,3,8,25,115,1060,2,4,4,"2025-01-02 03:45:08.002895","120000.00"
74729,3,3,8,25,115,1060,1,4,4,"2024-10-19 22:20:47.077996","25000.00"
74733,4,4,10,30,128,1061,4,1,1,"2025-03-15 17:03:34.213594","5000.00"
74735,4,4,10,30,128,1061,2,1,1,"2024-10-04 02:58:48.81918","70000.00"
74736,4,4,10,30,128,1061,1,1,1,"2024-10-24 22:42:10.429654","20000.00"
74740,4,4,10,30,129,1062,4,10,10,"2024-11-01 15:18:16.82308","5000.00"
74742,4,4,10,30,129,1062,2,10,10,"2024-11-08 20:47:22.238517","42000.00"
74743,4,4,10,30,129,1062,1,10,10,"2024-10-30 07:47:52.624824","20000.00"
74747,4,4,10,30,130,1063,4,3,3,"2025-02-09 20:37:10.871968","5000.00"
74749,4,4,10,30,130,1063,2,3,3,"2025-03-23 20:25:42.662145","70000.00"
74750,4,4,10,30,130,1063,1,3,3,"2024-10-03 23:35:55.388979","20000.00"
74754,4,4,10,31,131,1064,4,5,5,"2025-03-26 13:35:31.819462","5000.00"
74756,4,4,10,31,131,1064,2,5,5,"2025-04-14 16:00:08.284036","70000.00"
74757,4,4,10,31,131,1064,1,5,5,"2024-10-30 08:07:47.483897","20000.00"
74761,4,4,10,31,132,1065,4,1,1,"2024-10-12 15:46:02.554671","5000.00"
74763,4,4,10,31,132,1065,2,1,1,"2025-05-09 02:24:18.365422","42000.00"
74764,4,4,10,31,132,1065,1,1,1,"2024-10-03 10:57:24.44203","20000.00"
74768,4,4,10,31,133,1066,4,5,5,"2025-06-25 08:53:51.772331","5000.00"
74770,4,4,10,31,133,1066,2,5,5,"2025-02-26 09:46:02.000817","70000.00"
74771,4,4,10,31,133,1066,1,5,5,"2024-10-29 11:03:13.061626","20000.00"
74774,4,4,10,32,134,1067,5,3,3,"2025-02-10 01:11:21.625154","10000.00"
74775,4,4,10,32,134,1067,4,3,3,"2025-01-29 22:03:28.24788","5000.00"
74776,4,4,10,32,134,1067,3,3,3,"2024-10-30 04:39:26.478216","50000.00"
74777,4,4,10,32,134,1067,2,3,3,"2024-10-26 17:56:29.632519","150000.00"
74778,4,4,10,32,134,1067,1,3,3,"2024-10-23 18:48:23.479047","30000.00"
74782,4,4,10,32,135,1068,4,6,6,"2025-03-14 21:16:19.800629","5000.00"
74784,4,4,10,32,135,1068,2,6,6,"2024-10-23 11:01:20.292879","54000.00"
74785,4,4,10,32,135,1068,1,6,6,"2024-10-03 13:23:37.920608","20000.00"
74788,4,4,10,32,136,1069,5,3,3,"2024-11-13 21:31:51.101667","10000.00"
74789,4,4,10,32,136,1069,4,3,3,"2024-11-16 18:18:20.540716","5000.00"
74790,4,4,10,32,136,1069,3,3,3,"2024-11-14 16:50:26.084821","50000.00"
74791,4,4,10,32,136,1069,2,3,3,"2025-06-06 17:00:31.051663","90000.00"
74792,4,4,10,32,136,1069,1,3,3,"2024-10-09 11:40:29.624527","20000.00"
74795,4,4,10,32,137,1070,5,5,5,"2025-06-29 08:24:20.051632","10000.00"
74796,4,4,10,32,137,1070,4,5,5,"2025-03-01 12:22:42.587091","5000.00"
74797,4,4,10,32,137,1070,3,5,5,"2025-04-19 01:02:46.267338","50000.00"
74798,4,4,10,32,137,1070,2,5,5,"2024-11-02 14:00:24.63829","150000.00"
74799,4,4,10,32,137,1070,1,5,5,"2024-10-24 22:25:32.278056","20000.00"
74803,2,2,7,21,101,1071,4,8,8,"2025-06-07 15:14:55.212062","5000.00"
74805,2,2,7,21,101,1071,2,8,8,"2025-05-26 21:38:48.241371","48000.00"
74806,2,2,7,21,101,1071,1,8,8,"2024-10-01 18:36:02.151656","20000.00"
74811,3,3,9,28,122,1072,3,8,8,"2024-10-07 11:55:09.176204","50000.00"
74812,3,3,9,28,122,1072,2,8,8,"2025-05-27 17:48:37.347663","70000.00"
74813,3,3,9,28,122,1072,1,8,8,"2024-10-29 18:44:57.45049","20000.00"
74817,3,3,9,27,119,1073,4,10,10,"2025-03-24 17:12:38.754195","5000.00"
74819,3,3,9,27,119,1073,2,10,10,"2025-04-22 04:44:41.623504","42000.00"
74820,3,3,9,27,119,1073,1,10,10,"2024-10-31 01:07:03.555087","20000.00"
74825,3,3,9,28,124,1074,3,1,1,"2024-12-29 23:49:11.411059","50000.00"
74826,3,3,9,28,124,1074,2,1,1,"2025-05-16 10:46:44.173809","42000.00"
74827,3,3,9,28,124,1074,1,1,1,"2024-10-03 08:59:44.548405","20000.00"
74831,3,3,9,27,121,1075,4,6,6,"2024-12-15 16:04:47.720722","5000.00"
74833,3,3,9,27,121,1075,2,6,6,"2025-04-25 23:15:27.362827","70000.00"
74834,3,3,9,27,121,1075,1,6,6,"2024-10-07 07:41:22.581221","20000.00"
74839,3,3,9,28,123,1076,3,8,8,"2025-01-26 10:56:03.224989","50000.00"
74840,3,3,9,28,123,1076,2,8,8,"2025-02-23 23:41:34.825652","42000.00"
74841,3,3,9,28,123,1076,1,8,8,"2024-10-24 12:31:58.166161","20000.00"
74845,2,2,7,22,104,1077,4,10,10,"2025-04-10 15:46:48.822883","5000.00"
74847,2,2,7,22,104,1077,2,10,10,"2025-04-09 15:15:24.208034","48000.00"
74848,2,2,7,22,104,1077,1,10,10,"2024-10-19 07:27:01.108769","20000.00"
74852,2,2,7,22,105,1078,4,1,1,"2025-05-16 10:39:58.058383","5000.00"
74854,2,2,7,22,105,1078,2,1,1,"2025-02-25 16:09:10.548966","80000.00"
74855,2,2,7,22,105,1078,1,1,1,"2024-10-03 21:27:58.909283","20000.00"
74859,3,3,8,24,111,1079,4,9,9,"2025-06-25 10:45:34.149984","5000.00"
74861,3,3,8,24,111,1079,2,9,9,"2025-04-17 18:28:54.367966","70000.00"
74862,3,3,8,24,111,1079,1,9,9,"2024-10-25 19:55:11.038869","20000.00"
74866,3,3,8,24,112,1080,4,10,10,"2024-12-21 06:42:44.410082","5000.00"
74868,3,3,8,24,112,1080,2,10,10,"2025-06-23 08:15:22.652698","42000.00"
74869,3,3,8,24,112,1080,1,10,10,"2024-10-11 00:34:26.223126","20000.00"
74873,2,2,7,22,106,1081,4,7,7,"2025-02-28 05:07:04.35323","5000.00"
74875,2,2,7,22,106,1081,2,7,7,"2025-05-25 05:02:47.39422","48000.00"
74876,2,2,7,22,106,1081,1,7,7,"2024-10-26 03:40:16.550862","20000.00"
74880,3,3,8,25,115,1082,4,6,6,"2025-04-19 08:29:38.966333","5000.00"
74882,3,3,8,25,115,1082,2,6,6,"2025-01-05 14:05:25.611027","120000.00"
74883,3,3,8,25,115,1082,1,6,6,"2024-10-30 08:19:41.358534","25000.00"
74887,2,2,7,23,107,1083,4,9,9,"2024-11-10 15:01:04.373954","5000.00"
74889,2,2,7,23,107,1083,2,9,9,"2024-12-05 23:57:11.038635","42000.00"
74890,2,2,7,23,107,1083,1,9,9,"2024-10-21 16:15:47.41676","20000.00"
74894,2,2,7,23,109,1084,4,3,3,"2025-05-12 10:00:15.308212","5000.00"
74896,2,2,7,23,109,1084,2,3,3,"2025-06-16 14:54:24.926904","70000.00"
74897,2,2,7,23,109,1084,1,3,3,"2024-10-25 15:40:46.168985","20000.00"
74901,2,2,7,23,108,1085,4,7,7,"2025-04-12 08:26:03.862208","5000.00"
74903,2,2,7,23,108,1085,2,7,7,"2025-02-09 11:35:03.242028","70000.00"
74904,2,2,7,23,108,1085,1,7,7,"2024-10-25 18:52:07.069769","20000.00"
74909,3,3,8,26,116,1086,3,1,1,"2025-01-24 16:45:46.413805","40000.00"
74910,3,3,8,26,116,1086,2,1,1,"2024-11-27 17:57:27.390306","70000.00"
74911,3,3,8,26,116,1086,1,1,1,"2024-10-11 07:30:22.751198","20000.00"
74915,2,2,7,23,107,1087,4,6,6,"2025-03-20 15:30:19.220162","5000.00"
74917,2,2,7,23,107,1087,2,6,6,"2025-04-03 05:42:51.183391","42000.00"
74918,2,2,7,23,107,1087,1,6,6,"2024-10-01 10:25:49.989672","20000.00"
74922,3,3,9,29,125,1088,4,1,1,"2024-10-22 00:53:01.669365","5000.00"
74924,3,3,9,29,125,1088,2,1,1,"2025-05-16 13:43:37.974531","42000.00"
74925,3,3,9,29,125,1088,1,1,1,"2024-10-22 10:18:14.373463","20000.00"
74929,3,3,9,29,126,1089,4,5,5,"2025-04-08 18:30:13.959503","5000.00"
74931,3,3,9,29,126,1089,2,5,5,"2025-03-08 09:56:55.554279","70000.00"
74932,3,3,9,29,126,1089,1,5,5,"2024-10-27 22:36:55.033865","20000.00"
74936,3,3,9,29,127,1090,4,7,7,"2025-01-28 12:29:18.838241","5000.00"
74938,3,3,9,29,127,1090,2,7,7,"2024-10-20 17:50:45.417578","42000.00"
74939,3,3,9,29,127,1090,1,7,7,"2024-10-22 16:58:33.455833","20000.00"
74943,3,3,8,25,114,1091,4,10,10,"2024-11-27 03:33:06.464923","5000.00"
74945,3,3,8,25,114,1091,2,10,10,"2025-01-19 06:46:20.509256","120000.00"
74946,3,3,8,25,114,1091,1,10,10,"2024-10-09 13:06:39.079272","25000.00"
74950,4,4,10,30,130,1092,4,1,1,"2025-03-19 19:22:49.986443","5000.00"
74952,4,4,10,30,130,1092,2,1,1,"2025-06-08 02:57:22.385659","42000.00"
74953,4,4,10,30,130,1092,1,1,1,"2024-10-12 05:23:48.504878","20000.00"
74958,3,3,8,26,117,1093,3,2,2,"2025-05-28 23:36:34.553118","40000.00"
74959,3,3,8,26,117,1093,2,2,2,"2025-03-12 07:26:49.329793","70000.00"
74960,3,3,8,26,117,1093,1,2,2,"2024-10-24 20:13:11.002543","20000.00"
74965,3,3,8,26,118,1094,3,9,9,"2025-04-20 17:43:33.830776","40000.00"
74966,3,3,8,26,118,1094,2,9,9,"2024-12-25 20:14:33.204196","70000.00"
74967,3,3,8,26,118,1094,1,9,9,"2024-10-24 03:15:37.92531","20000.00"
74971,4,4,10,30,129,1095,4,8,8,"2025-02-16 20:06:38.853543","5000.00"
74973,4,4,10,30,129,1095,2,8,8,"2025-02-07 09:07:07.33239","70000.00"
74974,4,4,10,30,129,1095,1,8,8,"2024-10-16 01:43:19.674561","20000.00"
74978,4,4,10,30,130,1096,4,5,5,"2024-12-27 15:13:46.963058","5000.00"
74980,4,4,10,30,130,1096,2,5,5,"2025-02-28 08:10:35.907473","42000.00"
74981,4,4,10,30,130,1096,1,5,5,"2024-10-22 17:35:12.131622","20000.00"
74985,3,3,8,25,115,1097,4,4,4,"2025-04-16 18:35:39.59538","5000.00"
74987,3,3,8,25,115,1097,2,4,4,"2025-03-11 00:02:46.899773","120000.00"
74988,3,3,8,25,115,1097,1,4,4,"2024-10-30 07:35:45.591305","25000.00"
74992,4,4,10,30,128,1098,4,6,6,"2025-05-09 02:44:50.337906","5000.00"
74994,4,4,10,30,128,1098,2,6,6,"2025-02-24 01:43:50.975591","42000.00"
74995,4,4,10,30,128,1098,1,6,6,"2024-10-13 08:27:17.319628","20000.00"
74999,4,4,10,30,129,1099,4,8,8,"2025-05-26 17:35:34.086954","5000.00"
75001,4,4,10,30,129,1099,2,8,8,"2025-02-28 10:27:37.646406","42000.00"
75002,4,4,10,30,129,1099,1,8,8,"2024-10-09 07:42:49.242845","20000.00"
75006,4,4,10,31,132,1100,4,4,4,"2025-02-19 09:59:22.761595","5000.00"
75008,4,4,10,31,132,1100,2,4,4,"2025-04-07 04:39:59.838108","70000.00"
75009,4,4,10,31,132,1100,1,4,4,"2024-10-14 03:35:52.910507","20000.00"
75013,4,4,10,30,128,1101,4,3,3,"2024-10-12 09:32:59.831708","5000.00"
75015,4,4,10,30,128,1101,2,3,3,"2025-03-11 11:06:34.673956","42000.00"
75016,4,4,10,30,128,1101,1,3,3,"2024-10-22 22:59:59.202627","20000.00"
75020,4,4,10,30,129,1102,4,3,3,"2025-06-10 10:45:23.424339","5000.00"
75022,4,4,10,30,129,1102,2,3,3,"2025-03-31 10:59:29.970791","70000.00"
75023,4,4,10,30,129,1102,1,3,3,"2024-10-19 06:45:13.671145","20000.00"
75027,4,4,10,30,130,1103,4,4,4,"2025-06-24 06:10:08.310692","5000.00"
75029,4,4,10,30,130,1103,2,4,4,"2025-03-07 12:39:57.437071","70000.00"
75030,4,4,10,30,130,1103,1,4,4,"2024-10-04 03:44:01.301143","20000.00"
75034,4,4,10,31,131,1104,4,10,10,"2025-04-05 12:07:47.640255","5000.00"
75036,4,4,10,31,131,1104,2,10,10,"2024-10-29 20:59:45.34497","70000.00"
75037,4,4,10,31,131,1104,1,10,10,"2024-10-18 05:24:57.213676","20000.00"
75041,4,4,10,31,132,1105,4,2,2,"2024-10-30 14:41:34.171283","5000.00"
75043,4,4,10,31,132,1105,2,2,2,"2025-05-09 03:54:43.187025","70000.00"
75044,4,4,10,31,132,1105,1,2,2,"2024-10-24 06:25:40.412662","20000.00"
75048,4,4,10,31,133,1106,4,2,2,"2024-11-23 00:29:17.728513","5000.00"
75050,4,4,10,31,133,1106,2,2,2,"2025-02-20 18:27:54.543852","70000.00"
75051,4,4,10,31,133,1106,1,2,2,"2024-10-24 05:08:07.371827","20000.00"
75054,4,4,10,32,134,1107,5,4,4,"2025-05-25 18:48:30.43112","10000.00"
75055,4,4,10,32,134,1107,4,4,4,"2025-03-14 12:44:24.143147","5000.00"
75056,4,4,10,32,134,1107,3,4,4,"2024-10-20 09:04:19.198216","50000.00"
75057,4,4,10,32,134,1107,2,4,4,"2024-12-24 18:53:01.775751","150000.00"
75058,4,4,10,32,134,1107,1,4,4,"2024-10-30 02:05:33.048529","30000.00"
75062,4,4,10,32,135,1108,4,2,2,"2025-03-29 20:58:36.455159","5000.00"
75064,4,4,10,32,135,1108,2,2,2,"2025-03-21 08:04:33.406231","54000.00"
75065,4,4,10,32,135,1108,1,2,2,"2024-10-06 13:40:25.620689","20000.00"
75068,4,4,10,32,136,1109,5,5,5,"2025-03-27 15:10:50.469795","10000.00"
75069,4,4,10,32,136,1109,4,5,5,"2025-06-28 03:35:36.267476","5000.00"
75070,4,4,10,32,136,1109,3,5,5,"2025-03-08 12:48:57.838033","50000.00"
75071,4,4,10,32,136,1109,2,5,5,"2024-11-14 19:29:52.503642","90000.00"
75072,4,4,10,32,136,1109,1,5,5,"2024-10-25 23:31:27.106515","20000.00"
75075,4,4,10,32,137,1110,5,10,10,"2025-05-14 22:27:29.214943","10000.00"
75076,4,4,10,32,137,1110,4,10,10,"2024-12-11 13:05:45.907841","5000.00"
75077,4,4,10,32,137,1110,3,10,10,"2025-01-04 16:15:07.197136","50000.00"
75078,4,4,10,32,137,1110,2,10,10,"2024-11-30 22:21:48.730291","90000.00"
75079,4,4,10,32,137,1110,1,10,10,"2024-10-06 04:00:26.906432","20000.00"
75083,2,2,7,21,101,1111,4,3,3,"2025-02-18 18:05:34.027426","5000.00"
75085,2,2,7,21,101,1111,2,3,3,"2025-02-04 03:48:33.996647","48000.00"
75086,2,2,7,21,101,1111,1,3,3,"2024-10-11 16:02:35.334289","20000.00"
75091,3,3,9,28,122,1112,3,9,9,"2025-06-08 06:42:11.483713","50000.00"
75092,3,3,9,28,122,1112,2,9,9,"2025-04-17 20:15:54.907998","42000.00"
75093,3,3,9,28,122,1112,1,9,9,"2024-10-30 09:52:08.527809","20000.00"
75097,3,3,9,27,119,1113,4,5,5,"2025-01-09 02:52:43.297678","5000.00"
75099,3,3,9,27,119,1113,2,5,5,"2025-05-02 23:18:30.324253","42000.00"
75100,3,3,9,27,119,1113,1,5,5,"2024-10-27 15:36:09.998664","20000.00"
75105,3,3,9,28,124,1114,3,9,9,"2024-12-05 05:36:22.86185","50000.00"
75106,3,3,9,28,124,1114,2,9,9,"2025-06-22 08:22:40.32909","70000.00"
75107,3,3,9,28,124,1114,1,9,9,"2024-10-07 13:39:50.879454","20000.00"
75111,3,3,9,27,121,1115,4,7,7,"2025-04-28 14:02:56.662271","5000.00"
75113,3,3,9,27,121,1115,2,7,7,"2025-02-10 05:11:28.725221","42000.00"
75114,3,3,9,27,121,1115,1,7,7,"2024-10-30 22:59:00.111849","20000.00"
75119,3,3,9,28,123,1116,3,4,4,"2025-05-25 03:40:51.160814","50000.00"
75120,3,3,9,28,123,1116,2,4,4,"2025-06-19 20:23:37.489966","70000.00"
75121,3,3,9,28,123,1116,1,4,4,"2024-10-04 08:31:31.931979","20000.00"
75125,2,2,7,22,104,1117,4,9,9,"2024-11-20 12:52:03.950267","5000.00"
75127,2,2,7,22,104,1117,2,9,9,"2024-10-26 12:42:34.41438","80000.00"
75128,2,2,7,22,104,1117,1,9,9,"2024-10-25 07:57:25.417773","20000.00"
75132,2,2,7,22,105,1118,4,5,5,"2024-10-08 01:28:43.577906","5000.00"
75134,2,2,7,22,105,1118,2,5,5,"2025-04-06 04:05:38.858022","48000.00"
75135,2,2,7,22,105,1118,1,5,5,"2024-10-15 00:17:09.27678","20000.00"
75139,3,3,8,24,111,1119,4,1,1,"2025-04-02 11:33:34.261417","5000.00"
75141,3,3,8,24,111,1119,2,1,1,"2025-06-27 14:28:18.704729","70000.00"
75142,3,3,8,24,111,1119,1,1,1,"2024-10-09 02:43:04.626322","20000.00"
75146,3,3,8,24,112,1120,4,5,5,"2024-10-22 10:18:36.86223","5000.00"
75148,3,3,8,24,112,1120,2,5,5,"2025-03-27 17:48:06.198983","70000.00"
75149,3,3,8,24,112,1120,1,5,5,"2024-10-16 06:00:46.743719","20000.00"
75153,2,2,7,22,106,1121,4,3,3,"2025-02-28 01:58:54.632317","5000.00"
75155,2,2,7,22,106,1121,2,3,3,"2025-02-05 11:44:18.717085","80000.00"
75156,2,2,7,22,106,1121,1,3,3,"2024-10-19 22:28:10.672091","20000.00"
75160,3,3,8,25,115,1122,4,5,5,"2025-06-09 10:44:39.740892","5000.00"
75162,3,3,8,25,115,1122,2,5,5,"2024-12-04 06:44:58.037809","72000.00"
75163,3,3,8,25,115,1122,1,5,5,"2024-10-07 18:10:36.91789","25000.00"
75167,2,2,7,23,107,1123,4,7,7,"2025-01-29 00:34:11.357246","5000.00"
75169,2,2,7,23,107,1123,2,7,7,"2025-03-07 13:14:29.640464","42000.00"
75170,2,2,7,23,107,1123,1,7,7,"2024-10-04 21:22:32.389388","20000.00"
75174,2,2,7,23,109,1124,4,2,2,"2024-11-13 09:29:46.594929","5000.00"
75176,2,2,7,23,109,1124,2,2,2,"2025-04-06 19:21:28.503084","42000.00"
75177,2,2,7,23,109,1124,1,2,2,"2024-10-16 09:06:37.770491","20000.00"
75181,2,2,7,23,108,1125,4,9,9,"2025-01-18 11:36:59.947841","5000.00"
75183,2,2,7,23,108,1125,2,9,9,"2024-10-16 10:31:34.023237","42000.00"
75184,2,2,7,23,108,1125,1,9,9,"2024-10-17 18:09:10.446028","20000.00"
75189,3,3,8,26,116,1126,3,3,3,"2025-01-30 20:44:03.495483","40000.00"
75190,3,3,8,26,116,1126,2,3,3,"2025-06-27 21:10:51.276492","70000.00"
75191,3,3,8,26,116,1126,1,3,3,"2024-10-01 15:01:18.093883","20000.00"
75195,2,2,7,23,107,1127,4,3,3,"2024-12-20 15:02:50.715949","5000.00"
75197,2,2,7,23,107,1127,2,3,3,"2025-02-15 03:11:24.622124","70000.00"
75198,2,2,7,23,107,1127,1,3,3,"2024-10-20 15:16:35.680263","20000.00"
75202,3,3,9,29,125,1128,4,3,3,"2024-10-03 02:26:26.710964","5000.00"
75204,3,3,9,29,125,1128,2,3,3,"2025-03-17 13:26:17.117416","42000.00"
75205,3,3,9,29,125,1128,1,3,3,"2024-10-10 05:24:49.467792","20000.00"
75209,3,3,9,29,126,1129,4,6,6,"2025-05-12 16:33:47.076655","5000.00"
75211,3,3,9,29,126,1129,2,6,6,"2025-01-30 19:17:45.22475","42000.00"
75212,3,3,9,29,126,1129,1,6,6,"2024-10-30 09:52:46.074709","20000.00"
75216,3,3,9,29,127,1130,4,9,9,"2024-10-12 21:08:28.272919","5000.00"
75218,3,3,9,29,127,1130,2,9,9,"2025-01-11 05:18:40.909335","42000.00"
75219,3,3,9,29,127,1130,1,9,9,"2024-10-17 18:48:49.289752","20000.00"
75223,3,3,8,25,114,1131,4,1,1,"2025-05-13 21:36:46.865597","5000.00"
75225,3,3,8,25,114,1131,2,1,1,"2025-01-13 04:10:13.297819","120000.00"
75226,3,3,8,25,114,1131,1,1,1,"2024-10-05 07:55:35.346079","25000.00"
75230,4,4,10,30,130,1132,4,4,4,"2024-11-25 14:16:35.318384","5000.00"
75232,4,4,10,30,130,1132,2,4,4,"2024-10-30 05:17:39.725779","42000.00"
75233,4,4,10,30,130,1132,1,4,4,"2024-10-29 23:36:31.324171","20000.00"
75238,3,3,8,26,117,1133,3,6,6,"2024-11-12 22:23:13.577184","40000.00"
75239,3,3,8,26,117,1133,2,6,6,"2025-05-05 22:49:57.363915","42000.00"
75240,3,3,8,26,117,1133,1,6,6,"2024-10-24 08:06:51.527647","20000.00"
75245,3,3,8,26,118,1134,3,4,4,"2025-04-30 03:12:33.630106","40000.00"
75246,3,3,8,26,118,1134,2,4,4,"2025-03-26 17:11:30.495468","70000.00"
75247,3,3,8,26,118,1134,1,4,4,"2024-10-15 12:06:04.648041","20000.00"
75251,4,4,10,30,129,1135,4,7,7,"2024-12-14 19:01:36.118776","5000.00"
75253,4,4,10,30,129,1135,2,7,7,"2024-10-21 06:39:33.036356","70000.00"
75254,4,4,10,30,129,1135,1,7,7,"2024-10-11 16:38:24.813759","20000.00"
75258,4,4,10,30,130,1136,4,6,6,"2025-06-17 13:54:33.91442","5000.00"
75260,4,4,10,30,130,1136,2,6,6,"2024-11-08 23:55:57.409869","70000.00"
75261,4,4,10,30,130,1136,1,6,6,"2024-10-29 07:42:30.115897","20000.00"
75265,3,3,8,25,115,1137,4,8,8,"2024-11-04 23:37:14.043438","5000.00"
75267,3,3,8,25,115,1137,2,8,8,"2025-05-03 19:09:31.941577","120000.00"
75268,3,3,8,25,115,1137,1,8,8,"2024-10-11 15:53:32.717331","25000.00"
75272,4,4,10,30,128,1138,4,2,2,"2025-01-31 16:46:00.399937","5000.00"
75274,4,4,10,30,128,1138,2,2,2,"2025-01-03 12:39:35.465842","70000.00"
75275,4,4,10,30,128,1138,1,2,2,"2024-10-24 14:32:40.606039","20000.00"
75279,4,4,10,30,129,1139,4,1,1,"2024-10-15 18:21:55.117393","5000.00"
75281,4,4,10,30,129,1139,2,1,1,"2025-01-27 06:25:26.287625","70000.00"
75282,4,4,10,30,129,1139,1,1,1,"2024-10-13 08:12:10.296154","20000.00"
75286,4,4,10,31,132,1140,4,9,9,"2025-03-16 10:07:49.036287","5000.00"
75288,4,4,10,31,132,1140,2,9,9,"2025-04-01 05:19:45.639123","42000.00"
75289,4,4,10,31,132,1140,1,9,9,"2024-10-15 11:17:43.157235","20000.00"
75293,4,4,10,30,128,1141,4,6,6,"2025-06-26 14:31:02.279309","5000.00"
75295,4,4,10,30,128,1141,2,6,6,"2024-11-24 18:37:20.775946","70000.00"
75296,4,4,10,30,128,1141,1,6,6,"2024-10-24 18:16:14.851661","20000.00"
75300,4,4,10,30,129,1142,4,1,1,"2025-03-11 11:20:12.31465","5000.00"
75302,4,4,10,30,129,1142,2,1,1,"2024-10-23 04:01:46.855426","70000.00"
75303,4,4,10,30,129,1142,1,1,1,"2024-10-24 06:25:38.072629","20000.00"
75307,4,4,10,30,130,1143,4,2,2,"2025-04-09 07:36:38.651018","5000.00"
75309,4,4,10,30,130,1143,2,2,2,"2024-12-23 01:08:34.848075","42000.00"
75310,4,4,10,30,130,1143,1,2,2,"2024-10-31 05:46:19.524966","20000.00"
75314,4,4,10,31,131,1144,4,3,3,"2025-05-05 21:59:05.688786","5000.00"
75316,4,4,10,31,131,1144,2,3,3,"2025-01-29 04:36:44.304903","70000.00"
75317,4,4,10,31,131,1144,1,3,3,"2024-10-24 05:03:56.713537","20000.00"
75321,4,4,10,31,132,1145,4,2,2,"2025-03-06 21:16:16.89567","5000.00"
75323,4,4,10,31,132,1145,2,2,2,"2025-03-03 11:19:20.925944","42000.00"
75324,4,4,10,31,132,1145,1,2,2,"2024-10-05 12:26:09.427862","20000.00"
75328,4,4,10,31,133,1146,4,10,10,"2024-10-02 03:07:17.419799","5000.00"
75330,4,4,10,31,133,1146,2,10,10,"2024-12-16 05:30:41.657749","42000.00"
75331,4,4,10,31,133,1146,1,10,10,"2024-10-28 02:56:51.859173","20000.00"
75334,4,4,10,32,134,1147,5,2,2,"2025-04-23 13:32:04.375754","10000.00"
75335,4,4,10,32,134,1147,4,2,2,"2025-03-02 11:24:01.862637","5000.00"
75336,4,4,10,32,134,1147,3,2,2,"2025-04-12 11:36:54.897402","50000.00"
75337,4,4,10,32,134,1147,2,2,2,"2025-03-14 03:34:37.769102","90000.00"
75338,4,4,10,32,134,1147,1,2,2,"2024-10-27 00:53:27.842247","30000.00"
75342,4,4,10,32,135,1148,4,5,5,"2025-02-01 23:01:46.200643","5000.00"
75344,4,4,10,32,135,1148,2,5,5,"2025-04-01 09:55:44.994786","90000.00"
75345,4,4,10,32,135,1148,1,5,5,"2024-10-26 21:45:14.818961","20000.00"
75348,4,4,10,32,136,1149,5,8,8,"2025-03-29 00:31:48.277045","10000.00"
75349,4,4,10,32,136,1149,4,8,8,"2024-11-21 20:34:27.92053","5000.00"
75350,4,4,10,32,136,1149,3,8,8,"2025-05-31 07:43:43.285283","50000.00"
75351,4,4,10,32,136,1149,2,8,8,"2024-12-30 04:54:29.848998","150000.00"
75352,4,4,10,32,136,1149,1,8,8,"2024-10-15 14:16:35.476244","20000.00"
75355,4,4,10,32,137,1150,5,7,7,"2024-12-27 00:41:19.534449","10000.00"
75356,4,4,10,32,137,1150,4,7,7,"2025-02-05 00:15:05.665127","5000.00"
75357,4,4,10,32,137,1150,3,7,7,"2025-02-15 05:01:42.871708","50000.00"
75358,4,4,10,32,137,1150,2,7,7,"2025-05-28 01:10:39.579989","90000.00"
75359,4,4,10,32,137,1150,1,7,7,"2024-10-19 17:39:54.432879","20000.00"
75363,2,2,7,21,101,1151,4,4,4,"2025-02-18 00:20:55.35989","5000.00"
75365,2,2,7,21,101,1151,2,4,4,"2025-06-23 00:41:41.9475","48000.00"
75366,2,2,7,21,101,1151,1,4,4,"2024-10-30 00:41:34.556968","20000.00"
75371,3,3,9,28,122,1152,3,8,8,"2025-03-04 01:11:20.09435","50000.00"
75372,3,3,9,28,122,1152,2,8,8,"2024-12-01 04:07:15.969733","70000.00"
75373,3,3,9,28,122,1152,1,8,8,"2024-10-30 19:06:47.762048","20000.00"
75377,3,3,9,27,119,1153,4,3,3,"2025-04-20 10:45:23.406229","5000.00"
75379,3,3,9,27,119,1153,2,3,3,"2024-12-01 00:41:43.877212","42000.00"
75380,3,3,9,27,119,1153,1,3,3,"2024-10-30 22:41:54.1117","20000.00"
75385,3,3,9,28,124,1154,3,4,4,"2024-10-12 08:45:08.08066","50000.00"
75386,3,3,9,28,124,1154,2,4,4,"2025-03-14 04:41:58.988548","42000.00"
75387,3,3,9,28,124,1154,1,4,4,"2024-10-21 00:27:36.659323","20000.00"
75391,3,3,9,27,121,1155,4,2,2,"2025-03-08 11:27:17.563881","5000.00"
75393,3,3,9,27,121,1155,2,2,2,"2025-05-21 07:36:01.329932","70000.00"
75394,3,3,9,27,121,1155,1,2,2,"2024-10-23 04:06:10.165968","20000.00"
75399,3,3,9,28,123,1156,3,4,4,"2025-02-18 07:33:45.243863","50000.00"
75400,3,3,9,28,123,1156,2,4,4,"2025-02-10 13:03:25.564673","42000.00"
75401,3,3,9,28,123,1156,1,4,4,"2024-10-25 18:37:00.438784","20000.00"
75405,2,2,7,22,104,1157,4,4,4,"2025-06-19 22:49:24.736749","5000.00"
75407,2,2,7,22,104,1157,2,4,4,"2025-06-25 21:28:14.960253","48000.00"
75408,2,2,7,22,104,1157,1,4,4,"2024-10-06 14:33:01.743998","20000.00"
75412,2,2,7,22,105,1158,4,9,9,"2025-02-14 07:10:06.647269","5000.00"
75414,2,2,7,22,105,1158,2,9,9,"2025-01-24 10:19:50.625713","48000.00"
75415,2,2,7,22,105,1158,1,9,9,"2024-10-02 18:08:54.26652","20000.00"
75419,3,3,8,24,111,1159,4,9,9,"2025-06-22 05:29:03.376628","5000.00"
75421,3,3,8,24,111,1159,2,9,9,"2025-04-25 20:39:33.830915","70000.00"
75422,3,3,8,24,111,1159,1,9,9,"2024-10-01 20:48:57.11381","20000.00"
75426,3,3,8,24,112,1160,4,9,9,"2025-06-29 07:23:08.029473","5000.00"
75428,3,3,8,24,112,1160,2,9,9,"2025-02-21 14:56:07.075117","42000.00"
75429,3,3,8,24,112,1160,1,9,9,"2024-10-18 04:50:34.152129","20000.00"
75433,2,2,7,22,106,1161,4,6,6,"2024-10-20 14:20:50.467505","5000.00"
75435,2,2,7,22,106,1161,2,6,6,"2025-03-17 02:51:17.907383","80000.00"
75436,2,2,7,22,106,1161,1,6,6,"2024-10-02 17:31:10.14146","20000.00"
75440,3,3,8,25,115,1162,4,10,10,"2024-12-19 21:00:42.216325","5000.00"
75442,3,3,8,25,115,1162,2,10,10,"2024-12-09 23:34:26.901349","72000.00"
75443,3,3,8,25,115,1162,1,10,10,"2024-10-25 02:28:59.921034","25000.00"
75447,2,2,7,23,107,1163,4,1,1,"2025-01-29 23:20:28.70384","5000.00"
75449,2,2,7,23,107,1163,2,1,1,"2025-06-15 12:51:21.357513","70000.00"
75450,2,2,7,23,107,1163,1,1,1,"2024-10-07 23:56:48.655748","20000.00"
75454,2,2,7,23,109,1164,4,6,6,"2025-04-12 05:32:46.56719","5000.00"
75456,2,2,7,23,109,1164,2,6,6,"2024-10-15 06:05:30.858306","70000.00"
75457,2,2,7,23,109,1164,1,6,6,"2024-10-15 18:25:00.092871","20000.00"
75461,2,2,7,23,108,1165,4,4,4,"2024-10-06 03:19:57.555337","5000.00"
75463,2,2,7,23,108,1165,2,4,4,"2025-02-13 13:49:04.119816","42000.00"
75464,2,2,7,23,108,1165,1,4,4,"2024-10-10 07:21:04.927246","20000.00"
75469,3,3,8,26,116,1166,3,1,1,"2024-11-02 04:42:08.571485","40000.00"
75470,3,3,8,26,116,1166,2,1,1,"2025-04-30 13:50:53.781086","42000.00"
75471,3,3,8,26,116,1166,1,1,1,"2024-10-10 19:15:40.309977","20000.00"
75475,2,2,7,23,107,1167,4,3,3,"2024-12-13 01:55:14.358872","5000.00"
75477,2,2,7,23,107,1167,2,3,3,"2025-01-01 04:42:06.184938","42000.00"
75478,2,2,7,23,107,1167,1,3,3,"2024-10-12 08:03:43.633988","20000.00"
75482,3,3,9,29,125,1168,4,5,5,"2025-05-08 22:23:56.447929","5000.00"
75484,3,3,9,29,125,1168,2,5,5,"2025-03-30 06:01:15.73827","42000.00"
75485,3,3,9,29,125,1168,1,5,5,"2024-10-26 23:54:12.258864","20000.00"
75489,3,3,9,29,126,1169,4,4,4,"2025-03-04 07:16:39.986892","5000.00"
75491,3,3,9,29,126,1169,2,4,4,"2024-10-05 12:59:04.796558","42000.00"
75492,3,3,9,29,126,1169,1,4,4,"2024-10-23 06:19:14.227344","20000.00"
75496,3,3,9,29,127,1170,4,2,2,"2024-10-09 08:06:13.432638","5000.00"
75498,3,3,9,29,127,1170,2,2,2,"2025-05-07 02:31:04.341306","42000.00"
75499,3,3,9,29,127,1170,1,2,2,"2024-10-04 01:49:13.479039","20000.00"
75503,3,3,8,25,114,1171,4,6,6,"2025-02-25 20:59:24.928999","5000.00"
75505,3,3,8,25,114,1171,2,6,6,"2025-06-01 01:25:15.460074","72000.00"
75506,3,3,8,25,114,1171,1,6,6,"2024-10-03 10:57:00.286576","25000.00"
75510,4,4,10,30,130,1172,4,2,2,"2025-04-28 04:14:58.534289","5000.00"
75512,4,4,10,30,130,1172,2,2,2,"2025-01-27 19:51:53.669409","42000.00"
75513,4,4,10,30,130,1172,1,2,2,"2024-10-24 22:11:08.700269","20000.00"
75518,3,3,8,26,117,1173,3,8,8,"2024-12-20 12:49:45.413273","40000.00"
75519,3,3,8,26,117,1173,2,8,8,"2024-11-20 10:52:26.653235","42000.00"
75520,3,3,8,26,117,1173,1,8,8,"2024-10-18 19:14:43.290206","20000.00"
75525,3,3,8,26,118,1174,3,9,9,"2025-06-07 14:52:43.165957","40000.00"
75526,3,3,8,26,118,1174,2,9,9,"2025-02-02 11:58:56.395443","70000.00"
75527,3,3,8,26,118,1174,1,9,9,"2024-10-04 00:07:41.822563","20000.00"
75531,4,4,10,30,129,1175,4,6,6,"2025-03-13 06:18:15.34066","5000.00"
75533,4,4,10,30,129,1175,2,6,6,"2025-05-21 00:33:20.004993","42000.00"
75534,4,4,10,30,129,1175,1,6,6,"2024-10-11 09:59:32.757364","20000.00"
75538,4,4,10,30,130,1176,4,4,4,"2025-06-15 17:40:00.867251","5000.00"
75540,4,4,10,30,130,1176,2,4,4,"2025-03-16 18:37:34.932997","42000.00"
75541,4,4,10,30,130,1176,1,4,4,"2024-10-08 03:49:14.500947","20000.00"
75545,3,3,8,25,115,1177,4,10,10,"2025-04-10 15:13:28.604069","5000.00"
75547,3,3,8,25,115,1177,2,10,10,"2025-03-08 06:33:24.156258","72000.00"
75548,3,3,8,25,115,1177,1,10,10,"2024-10-16 02:54:00.165803","25000.00"
75552,4,4,10,30,128,1178,4,9,9,"2024-12-19 06:38:12.81807","5000.00"
75554,4,4,10,30,128,1178,2,9,9,"2025-05-20 05:55:03.47326","70000.00"
75555,4,4,10,30,128,1178,1,9,9,"2024-10-13 11:50:39.267691","20000.00"
75559,4,4,10,30,129,1179,4,8,8,"2025-03-09 10:52:33.113846","5000.00"
75561,4,4,10,30,129,1179,2,8,8,"2024-10-12 00:00:34.293497","70000.00"
75562,4,4,10,30,129,1179,1,8,8,"2024-10-16 14:15:40.482509","20000.00"
75566,4,4,10,31,132,1180,4,8,8,"2025-04-09 02:34:28.017806","5000.00"
75568,4,4,10,31,132,1180,2,8,8,"2025-03-04 07:57:06.694987","70000.00"
75569,4,4,10,31,132,1180,1,8,8,"2024-10-02 06:09:18.866561","20000.00"
75573,4,4,10,30,128,1181,4,10,10,"2024-10-24 07:03:11.770313","5000.00"
75575,4,4,10,30,128,1181,2,10,10,"2024-12-01 23:19:56.594314","70000.00"
75576,4,4,10,30,128,1181,1,10,10,"2024-10-15 05:04:18.069488","20000.00"
75580,4,4,10,30,129,1182,4,9,9,"2024-12-13 17:59:18.824786","5000.00"
75582,4,4,10,30,129,1182,2,9,9,"2025-02-15 09:34:10.558714","70000.00"
75583,4,4,10,30,129,1182,1,9,9,"2024-10-23 18:54:51.250179","20000.00"
75587,4,4,10,30,130,1183,4,6,6,"2025-06-24 22:53:11.344048","5000.00"
75589,4,4,10,30,130,1183,2,6,6,"2025-05-17 13:16:15.424216","70000.00"
75590,4,4,10,30,130,1183,1,6,6,"2024-10-17 09:11:15.499897","20000.00"
75594,4,4,10,31,131,1184,4,3,3,"2024-12-20 16:23:36.349004","5000.00"
75596,4,4,10,31,131,1184,2,3,3,"2025-02-11 16:07:31.903498","70000.00"
75597,4,4,10,31,131,1184,1,3,3,"2024-10-08 18:31:20.784047","20000.00"
75601,4,4,10,31,132,1185,4,4,4,"2025-05-23 05:37:25.799507","5000.00"
75603,4,4,10,31,132,1185,2,4,4,"2024-12-12 15:42:23.570883","42000.00"
75604,4,4,10,31,132,1185,1,4,4,"2024-10-07 08:40:44.167649","20000.00"
75608,4,4,10,31,133,1186,4,7,7,"2025-05-10 01:54:49.632932","5000.00"
75610,4,4,10,31,133,1186,2,7,7,"2025-05-15 08:00:45.604099","70000.00"
75611,4,4,10,31,133,1186,1,7,7,"2024-10-16 00:50:21.278781","20000.00"
75614,4,4,10,32,134,1187,5,1,1,"2024-12-23 08:07:35.077511","10000.00"
75615,4,4,10,32,134,1187,4,1,1,"2024-10-20 22:35:56.987107","5000.00"
75616,4,4,10,32,134,1187,3,1,1,"2025-02-18 08:13:48.665598","50000.00"
75617,4,4,10,32,134,1187,2,1,1,"2024-11-12 21:49:26.805954","90000.00"
75618,4,4,10,32,134,1187,1,1,1,"2024-10-08 16:02:08.569506","30000.00"
75622,4,4,10,32,135,1188,4,1,1,"2025-05-27 11:57:00.953616","5000.00"
75624,4,4,10,32,135,1188,2,1,1,"2024-10-17 00:42:19.725465","90000.00"
75625,4,4,10,32,135,1188,1,1,1,"2024-10-05 05:32:05.115971","20000.00"
75628,4,4,10,32,136,1189,5,3,3,"2025-06-27 07:44:04.475966","10000.00"
75629,4,4,10,32,136,1189,4,3,3,"2024-11-04 16:27:24.580648","5000.00"
75630,4,4,10,32,136,1189,3,3,3,"2025-05-13 16:34:44.060754","50000.00"
75631,4,4,10,32,136,1189,2,3,3,"2025-04-12 23:51:19.014945","150000.00"
75632,4,4,10,32,136,1189,1,3,3,"2024-10-22 06:51:19.15179","20000.00"
75635,4,4,10,32,137,1190,5,7,7,"2025-06-18 19:02:25.513439","10000.00"
75636,4,4,10,32,137,1190,4,7,7,"2025-04-14 02:57:58.611985","5000.00"
75637,4,4,10,32,137,1190,3,7,7,"2025-06-21 19:57:38.842734","50000.00"
75638,4,4,10,32,137,1190,2,7,7,"2025-06-01 23:56:15.887381","90000.00"
75639,4,4,10,32,137,1190,1,7,7,"2024-10-19 21:37:56.871027","20000.00"
75643,2,2,7,21,101,1191,4,4,4,"2024-10-12 00:58:11.506285","5000.00"
75645,2,2,7,21,101,1191,2,4,4,"2025-01-24 21:08:35.406697","48000.00"
75646,2,2,7,21,101,1191,1,4,4,"2024-10-17 22:43:33.551275","20000.00"
75651,3,3,9,28,122,1192,3,7,7,"2025-02-26 19:32:40.659549","50000.00"
75652,3,3,9,28,122,1192,2,7,7,"2025-03-14 08:27:16.482357","70000.00"
75653,3,3,9,28,122,1192,1,7,7,"2024-10-18 06:03:47.479701","20000.00"
75657,3,3,9,27,119,1193,4,2,2,"2025-06-20 19:07:04.986252","5000.00"
75659,3,3,9,27,119,1193,2,2,2,"2024-12-21 23:09:57.448227","42000.00"
75660,3,3,9,27,119,1193,1,2,2,"2024-10-14 02:22:07.454673","20000.00"
75665,3,3,9,28,124,1194,3,10,10,"2025-05-04 02:02:41.111426","50000.00"
75666,3,3,9,28,124,1194,2,10,10,"2025-06-20 10:09:21.495342","70000.00"
75667,3,3,9,28,124,1194,1,10,10,"2024-10-24 07:36:08.841237","20000.00"
75671,3,3,9,27,121,1195,4,10,10,"2025-05-12 15:18:39.971291","5000.00"
75673,3,3,9,27,121,1195,2,10,10,"2025-02-16 08:16:38.648803","42000.00"
75674,3,3,9,27,121,1195,1,10,10,"2024-10-13 20:37:18.3583","20000.00"
75679,3,3,9,28,123,1196,3,8,8,"2025-02-05 21:58:44.633773","50000.00"
75680,3,3,9,28,123,1196,2,8,8,"2025-05-08 16:43:31.681144","42000.00"
75681,3,3,9,28,123,1196,1,8,8,"2024-10-01 13:42:57.590077","20000.00"
75685,2,2,7,22,104,1197,4,6,6,"2025-03-22 18:35:21.288596","5000.00"
75687,2,2,7,22,104,1197,2,6,6,"2025-05-03 03:43:50.865837","48000.00"
75688,2,2,7,22,104,1197,1,6,6,"2024-10-14 17:21:59.232226","20000.00"
75692,2,2,7,22,105,1198,4,9,9,"2024-11-03 17:44:56.65245","5000.00"
75694,2,2,7,22,105,1198,2,9,9,"2025-06-03 23:48:16.152824","48000.00"
75695,2,2,7,22,105,1198,1,9,9,"2024-10-03 06:46:45.937269","20000.00"
75699,3,3,8,24,111,1199,4,9,9,"2025-05-12 04:00:15.219045","5000.00"
75701,3,3,8,24,111,1199,2,9,9,"2025-03-17 21:15:40.443611","42000.00"
75702,3,3,8,24,111,1199,1,9,9,"2024-10-25 13:42:15.417153","20000.00"
75706,3,3,8,24,112,1200,4,6,6,"2025-01-07 08:27:39.747114","5000.00"
75708,3,3,8,24,112,1200,2,6,6,"2025-05-18 21:09:22.371425","42000.00"
75709,3,3,8,24,112,1200,1,6,6,"2024-10-30 07:14:19.754308","20000.00"
75713,2,2,7,22,106,1201,4,6,6,"2024-11-27 13:16:41.229655","5000.00"
75715,2,2,7,22,106,1201,2,6,6,"2025-03-13 20:05:02.368681","48000.00"
75716,2,2,7,22,106,1201,1,6,6,"2024-10-30 12:11:29.787314","20000.00"
75720,3,3,8,25,115,1202,4,8,8,"2024-11-28 08:30:58.239125","5000.00"
75722,3,3,8,25,115,1202,2,8,8,"2024-12-29 14:57:55.290298","120000.00"
75723,3,3,8,25,115,1202,1,8,8,"2024-10-08 08:23:34.360651","25000.00"
75727,2,2,7,23,107,1203,4,8,8,"2024-12-14 08:57:12.473479","5000.00"
75729,2,2,7,23,107,1203,2,8,8,"2024-10-10 13:21:41.909887","70000.00"
75730,2,2,7,23,107,1203,1,8,8,"2024-10-13 14:09:55.783287","20000.00"
75734,2,2,7,23,109,1204,4,4,4,"2025-05-21 02:41:59.802343","5000.00"
75736,2,2,7,23,109,1204,2,4,4,"2025-06-07 12:51:17.973834","42000.00"
75737,2,2,7,23,109,1204,1,4,4,"2024-10-20 23:45:31.8983","20000.00"
75741,2,2,7,23,108,1205,4,8,8,"2025-05-21 11:18:21.321494","5000.00"
75743,2,2,7,23,108,1205,2,8,8,"2024-11-12 14:28:56.855068","70000.00"
75744,2,2,7,23,108,1205,1,8,8,"2024-10-25 10:02:27.955513","20000.00"
75749,3,3,8,26,116,1206,3,2,2,"2024-10-18 10:23:45.900243","40000.00"
75750,3,3,8,26,116,1206,2,2,2,"2025-02-06 09:25:45.40478","42000.00"
75751,3,3,8,26,116,1206,1,2,2,"2024-10-28 15:31:55.640346","20000.00"
75755,2,2,7,23,107,1207,4,2,2,"2025-06-07 22:14:01.68473","5000.00"
75757,2,2,7,23,107,1207,2,2,2,"2024-12-06 01:47:03.038641","42000.00"
75758,2,2,7,23,107,1207,1,2,2,"2024-10-17 09:54:50.660518","20000.00"
75762,3,3,9,29,125,1208,4,10,10,"2025-06-14 06:37:32.310204","5000.00"
75764,3,3,9,29,125,1208,2,10,10,"2024-11-17 03:15:28.717685","70000.00"
75765,3,3,9,29,125,1208,1,10,10,"2024-10-06 16:59:16.597565","20000.00"
75769,3,3,9,29,126,1209,4,10,10,"2025-03-22 19:59:31.85185","5000.00"
75771,3,3,9,29,126,1209,2,10,10,"2025-01-15 07:25:10.760072","42000.00"
75772,3,3,9,29,126,1209,1,10,10,"2024-10-05 22:56:41.566524","20000.00"
75776,3,3,9,29,127,1210,4,9,9,"2024-11-21 23:47:15.924092","5000.00"
75778,3,3,9,29,127,1210,2,9,9,"2025-06-02 15:16:35.365871","42000.00"
75779,3,3,9,29,127,1210,1,9,9,"2024-10-08 21:24:19.745151","20000.00"
75783,3,3,8,25,114,1211,4,2,2,"2025-03-14 01:14:15.550483","5000.00"
75785,3,3,8,25,114,1211,2,2,2,"2025-03-05 01:15:14.151691","120000.00"
75786,3,3,8,25,114,1211,1,2,2,"2024-10-27 01:27:11.369124","25000.00"
75790,4,4,10,30,130,1212,4,2,2,"2024-12-01 00:02:47.090167","5000.00"
75792,4,4,10,30,130,1212,2,2,2,"2025-01-06 03:17:44.549479","70000.00"
75793,4,4,10,30,130,1212,1,2,2,"2024-10-14 21:48:17.298389","20000.00"
75798,3,3,8,26,117,1213,3,1,1,"2025-03-21 09:50:30.14426","40000.00"
75799,3,3,8,26,117,1213,2,1,1,"2025-03-10 01:58:42.526295","42000.00"
75800,3,3,8,26,117,1213,1,1,1,"2024-10-17 11:44:36.465962","20000.00"
75805,3,3,8,26,118,1214,3,2,2,"2025-05-28 02:39:21.630239","40000.00"
75806,3,3,8,26,118,1214,2,2,2,"2024-11-06 03:51:51.57724","70000.00"
75807,3,3,8,26,118,1214,1,2,2,"2024-10-27 08:28:04.608866","20000.00"
75811,4,4,10,30,129,1215,4,8,8,"2025-05-07 12:13:33.373565","5000.00"
75813,4,4,10,30,129,1215,2,8,8,"2024-10-21 14:05:38.638463","70000.00"
75814,4,4,10,30,129,1215,1,8,8,"2024-10-25 22:22:47.089974","20000.00"
75818,4,4,10,30,130,1216,4,1,1,"2024-10-23 06:55:50.745109","5000.00"
75820,4,4,10,30,130,1216,2,1,1,"2025-03-28 08:55:54.890136","42000.00"
75821,4,4,10,30,130,1216,1,1,1,"2024-10-07 06:21:03.182444","20000.00"
75825,3,3,8,25,115,1217,4,9,9,"2024-10-05 17:57:46.009233","5000.00"
75827,3,3,8,25,115,1217,2,9,9,"2024-12-22 12:21:00.18389","72000.00"
75828,3,3,8,25,115,1217,1,9,9,"2024-10-12 03:00:18.739507","25000.00"
75832,4,4,10,30,128,1218,4,1,1,"2025-06-26 08:44:02.897866","5000.00"
75834,4,4,10,30,128,1218,2,1,1,"2025-06-23 05:03:21.722346","42000.00"
75835,4,4,10,30,128,1218,1,1,1,"2024-10-17 07:21:10.782619","20000.00"
75839,4,4,10,30,129,1219,4,7,7,"2025-01-05 00:51:13.91399","5000.00"
75841,4,4,10,30,129,1219,2,7,7,"2024-10-25 14:03:13.94359","42000.00"
75842,4,4,10,30,129,1219,1,7,7,"2024-10-18 14:25:58.732329","20000.00"
75846,4,4,10,31,132,1220,4,7,7,"2025-01-28 00:27:27.080643","5000.00"
75848,4,4,10,31,132,1220,2,7,7,"2025-01-07 15:19:52.539511","42000.00"
75849,4,4,10,31,132,1220,1,7,7,"2024-10-12 12:02:28.919188","20000.00"
75853,4,4,10,30,128,1221,4,10,10,"2025-04-18 12:21:37.928929","5000.00"
75855,4,4,10,30,128,1221,2,10,10,"2025-05-16 18:11:49.151862","70000.00"
75856,4,4,10,30,128,1221,1,10,10,"2024-10-19 12:06:46.059557","20000.00"
75860,4,4,10,30,129,1222,4,8,8,"2024-10-24 03:12:01.3733","5000.00"
75862,4,4,10,30,129,1222,2,8,8,"2025-01-24 19:50:52.200762","70000.00"
75863,4,4,10,30,129,1222,1,8,8,"2024-10-14 08:40:27.526242","20000.00"
75867,4,4,10,30,130,1223,4,9,9,"2024-12-02 15:00:50.241662","5000.00"
75869,4,4,10,30,130,1223,2,9,9,"2024-12-25 08:01:54.31458","42000.00"
75870,4,4,10,30,130,1223,1,9,9,"2024-10-12 11:46:33.965371","20000.00"
75874,4,4,10,31,131,1224,4,10,10,"2024-12-09 09:24:42.334627","5000.00"
75876,4,4,10,31,131,1224,2,10,10,"2025-06-02 06:57:51.065969","70000.00"
75877,4,4,10,31,131,1224,1,10,10,"2024-10-09 18:48:54.980492","20000.00"
75881,4,4,10,31,132,1225,4,3,3,"2024-10-31 09:05:07.289076","5000.00"
75883,4,4,10,31,132,1225,2,3,3,"2024-11-27 10:08:31.711973","42000.00"
75884,4,4,10,31,132,1225,1,3,3,"2024-10-07 15:44:22.587778","20000.00"
75888,4,4,10,31,133,1226,4,9,9,"2025-05-10 20:00:37.577711","5000.00"
75890,4,4,10,31,133,1226,2,9,9,"2024-11-17 08:59:48.306176","42000.00"
75891,4,4,10,31,133,1226,1,9,9,"2024-10-28 20:37:50.061209","20000.00"
75894,4,4,10,32,134,1227,5,9,9,"2025-04-10 19:28:38.805277","10000.00"
75895,4,4,10,32,134,1227,4,9,9,"2024-10-16 09:10:20.493233","5000.00"
75896,4,4,10,32,134,1227,3,9,9,"2024-10-12 22:25:15.173753","50000.00"
75897,4,4,10,32,134,1227,2,9,9,"2024-10-26 05:52:39.386275","150000.00"
75898,4,4,10,32,134,1227,1,9,9,"2024-10-20 04:46:48.29277","30000.00"
75902,4,4,10,32,135,1228,4,9,9,"2025-06-13 05:13:54.066838","5000.00"
75904,4,4,10,32,135,1228,2,9,9,"2025-05-14 03:43:00.699584","54000.00"
75905,4,4,10,32,135,1228,1,9,9,"2024-10-14 23:39:59.97188","20000.00"
75908,4,4,10,32,136,1229,5,5,5,"2024-11-14 22:27:25.61229","10000.00"
75909,4,4,10,32,136,1229,4,5,5,"2024-10-22 16:51:41.380944","5000.00"
75910,4,4,10,32,136,1229,3,5,5,"2025-02-24 11:53:55.578126","50000.00"
75911,4,4,10,32,136,1229,2,5,5,"2024-11-29 18:06:24.641993","90000.00"
75912,4,4,10,32,136,1229,1,5,5,"2024-10-14 06:43:04.689999","20000.00"
75915,4,4,10,32,137,1230,5,9,9,"2025-04-15 05:47:27.76194","10000.00"
75916,4,4,10,32,137,1230,4,9,9,"2024-12-13 02:06:21.115295","5000.00"
75917,4,4,10,32,137,1230,3,9,9,"2024-12-19 04:07:36.787404","50000.00"
75918,4,4,10,32,137,1230,2,9,9,"2025-01-20 05:11:10.640107","90000.00"
75919,4,4,10,32,137,1230,1,9,9,"2024-10-13 12:41:05.271563","20000.00"
75923,2,2,7,21,101,1231,4,5,5,"2025-01-17 20:57:47.101743","5000.00"
75925,2,2,7,21,101,1231,2,5,5,"2024-11-09 14:21:00.53937","48000.00"
75926,2,2,7,21,101,1231,1,5,5,"2024-10-31 05:16:23.411879","20000.00"
75931,3,3,9,28,122,1232,3,9,9,"2025-05-06 13:36:00.984088","50000.00"
75932,3,3,9,28,122,1232,2,9,9,"2024-10-05 01:50:45.807312","70000.00"
75933,3,3,9,28,122,1232,1,9,9,"2024-10-20 23:34:32.827533","20000.00"
75937,3,3,9,27,119,1233,4,9,9,"2025-02-05 18:03:22.296346","5000.00"
75939,3,3,9,27,119,1233,2,9,9,"2024-12-22 06:18:16.36818","70000.00"
75940,3,3,9,27,119,1233,1,9,9,"2024-10-18 10:33:00.079548","20000.00"
75945,3,3,9,28,124,1234,3,7,7,"2025-04-14 00:05:49.094423","50000.00"
75946,3,3,9,28,124,1234,2,7,7,"2024-10-15 04:28:19.668313","42000.00"
75947,3,3,9,28,124,1234,1,7,7,"2024-10-02 16:02:34.503939","20000.00"
75951,3,3,9,27,121,1235,4,8,8,"2025-05-20 09:41:22.037038","5000.00"
75953,3,3,9,27,121,1235,2,8,8,"2024-11-26 12:09:47.524353","70000.00"
75954,3,3,9,27,121,1235,1,8,8,"2024-10-02 10:32:44.097019","20000.00"
75959,3,3,9,28,123,1236,3,2,2,"2025-05-02 00:18:50.469682","50000.00"
75960,3,3,9,28,123,1236,2,2,2,"2025-04-08 10:50:19.624734","70000.00"
75961,3,3,9,28,123,1236,1,2,2,"2024-10-07 05:16:26.951219","20000.00"
75965,2,2,7,22,104,1237,4,9,9,"2025-02-28 16:36:05.516818","5000.00"
75967,2,2,7,22,104,1237,2,9,9,"2024-11-22 10:57:38.676071","48000.00"
75968,2,2,7,22,104,1237,1,9,9,"2024-10-28 09:52:13.209888","20000.00"
75972,2,2,7,22,105,1238,4,5,5,"2025-06-05 16:37:55.218102","5000.00"
75974,2,2,7,22,105,1238,2,5,5,"2025-05-04 21:49:22.321913","80000.00"
75975,2,2,7,22,105,1238,1,5,5,"2024-10-29 14:20:34.196409","20000.00"
75979,3,3,8,24,111,1239,4,3,3,"2025-02-15 21:29:20.515066","5000.00"
75981,3,3,8,24,111,1239,2,3,3,"2025-02-24 07:54:53.838075","42000.00"
75982,3,3,8,24,111,1239,1,3,3,"2024-10-27 18:38:22.674959","20000.00"
75986,3,3,8,24,112,1240,4,5,5,"2025-05-27 14:23:52.219336","5000.00"
75988,3,3,8,24,112,1240,2,5,5,"2024-11-09 03:00:22.032895","42000.00"
75989,3,3,8,24,112,1240,1,5,5,"2024-10-27 15:53:58.681867","20000.00"
75993,2,2,7,22,106,1241,4,5,5,"2025-02-08 15:09:39.289056","5000.00"
75995,2,2,7,22,106,1241,2,5,5,"2025-06-19 02:05:53.870154","48000.00"
75996,2,2,7,22,106,1241,1,5,5,"2024-10-09 16:42:16.75803","20000.00"
76000,3,3,8,25,115,1242,4,6,6,"2024-11-22 01:04:48.89585","5000.00"
76002,3,3,8,25,115,1242,2,6,6,"2025-06-12 03:23:03.808246","120000.00"
76003,3,3,8,25,115,1242,1,6,6,"2024-10-21 01:33:20.173225","25000.00"
76007,2,2,7,23,107,1243,4,1,1,"2025-05-08 07:55:57.737857","5000.00"
76009,2,2,7,23,107,1243,2,1,1,"2025-06-26 15:37:47.022809","42000.00"
76010,2,2,7,23,107,1243,1,1,1,"2024-10-13 17:46:56.590515","20000.00"
76014,2,2,7,23,109,1244,4,3,3,"2025-06-24 00:41:35.931182","5000.00"
76016,2,2,7,23,109,1244,2,3,3,"2025-04-11 02:30:01.496989","70000.00"
76017,2,2,7,23,109,1244,1,3,3,"2024-10-17 06:05:32.049658","20000.00"
76021,2,2,7,23,108,1245,4,7,7,"2025-05-01 18:58:10.983292","5000.00"
76023,2,2,7,23,108,1245,2,7,7,"2024-10-18 00:47:17.969142","42000.00"
76024,2,2,7,23,108,1245,1,7,7,"2024-10-28 02:42:26.989315","20000.00"
76029,3,3,8,26,116,1246,3,5,5,"2025-01-13 22:55:39.430589","40000.00"
76030,3,3,8,26,116,1246,2,5,5,"2024-10-14 08:43:18.357006","70000.00"
76031,3,3,8,26,116,1246,1,5,5,"2024-10-15 12:38:52.094135","20000.00"
76035,2,2,7,23,107,1247,4,1,1,"2025-04-28 22:46:47.834805","5000.00"
76037,2,2,7,23,107,1247,2,1,1,"2025-06-27 16:13:29.989734","70000.00"
76038,2,2,7,23,107,1247,1,1,1,"2024-10-19 15:27:03.611862","20000.00"
76042,3,3,9,29,125,1248,4,6,6,"2025-03-28 09:23:03.630961","5000.00"
76044,3,3,9,29,125,1248,2,6,6,"2024-11-16 05:31:50.521242","42000.00"
76045,3,3,9,29,125,1248,1,6,6,"2024-10-27 09:27:02.256142","20000.00"
76049,3,3,9,29,126,1249,4,1,1,"2025-01-14 04:07:54.486163","5000.00"
76051,3,3,9,29,126,1249,2,1,1,"2025-03-07 08:00:37.126453","70000.00"
76052,3,3,9,29,126,1249,1,1,1,"2024-10-10 22:22:07.60763","20000.00"
76056,3,3,9,29,127,1250,4,1,1,"2025-02-22 21:19:02.492758","5000.00"
76058,3,3,9,29,127,1250,2,1,1,"2024-11-16 17:41:52.187258","70000.00"
76059,3,3,9,29,127,1250,1,1,1,"2024-10-04 02:42:48.157006","20000.00"
76063,3,3,8,25,114,1251,4,2,2,"2024-12-19 12:25:45.613802","5000.00"
76065,3,3,8,25,114,1251,2,2,2,"2025-05-30 23:20:56.5164","72000.00"
76066,3,3,8,25,114,1251,1,2,2,"2024-10-19 10:43:09.127815","25000.00"
76070,4,4,10,30,130,1252,4,4,4,"2025-01-29 01:13:35.146735","5000.00"
76072,4,4,10,30,130,1252,2,4,4,"2025-04-11 05:02:05.3677","42000.00"
76073,4,4,10,30,130,1252,1,4,4,"2024-10-04 11:07:17.744385","20000.00"
76078,3,3,8,26,117,1253,3,1,1,"2024-11-26 11:52:36.527163","40000.00"
76079,3,3,8,26,117,1253,2,1,1,"2024-11-16 10:34:45.425115","70000.00"
76080,3,3,8,26,117,1253,1,1,1,"2024-10-21 13:01:36.221365","20000.00"
76085,3,3,8,26,118,1254,3,5,5,"2024-12-16 13:19:09.693127","40000.00"
76086,3,3,8,26,118,1254,2,5,5,"2024-11-22 23:36:14.559689","70000.00"
76087,3,3,8,26,118,1254,1,5,5,"2024-10-29 13:07:08.63248","20000.00"
76091,4,4,10,30,129,1255,4,2,2,"2025-01-14 08:14:11.82127","5000.00"
76093,4,4,10,30,129,1255,2,2,2,"2024-10-20 22:14:44.493607","70000.00"
76094,4,4,10,30,129,1255,1,2,2,"2024-10-21 04:31:51.79897","20000.00"
76098,4,4,10,30,130,1256,4,6,6,"2024-12-18 17:26:01.453058","5000.00"
76100,4,4,10,30,130,1256,2,6,6,"2024-12-15 18:15:02.130234","42000.00"
76101,4,4,10,30,130,1256,1,6,6,"2024-10-09 19:27:01.70286","20000.00"
76105,3,3,8,25,115,1257,4,5,5,"2025-03-04 16:01:33.177423","5000.00"
76107,3,3,8,25,115,1257,2,5,5,"2025-05-08 05:27:11.662669","120000.00"
76108,3,3,8,25,115,1257,1,5,5,"2024-10-04 15:45:01.479669","25000.00"
76112,4,4,10,30,128,1258,4,10,10,"2024-10-14 15:15:52.999326","5000.00"
76114,4,4,10,30,128,1258,2,10,10,"2025-01-11 00:53:18.373633","42000.00"
76115,4,4,10,30,128,1258,1,10,10,"2024-10-07 11:19:39.729777","20000.00"
76119,4,4,10,30,129,1259,4,9,9,"2025-01-16 03:04:06.576392","5000.00"
76121,4,4,10,30,129,1259,2,9,9,"2025-02-12 13:30:19.692057","42000.00"
76122,4,4,10,30,129,1259,1,9,9,"2024-10-21 02:27:15.057139","20000.00"
76126,4,4,10,31,132,1260,4,10,10,"2025-02-15 23:43:30.788325","5000.00"
76128,4,4,10,31,132,1260,2,10,10,"2025-04-10 20:41:54.180032","70000.00"
76129,4,4,10,31,132,1260,1,10,10,"2024-10-14 03:12:26.235464","20000.00"
76133,4,4,10,30,128,1261,4,7,7,"2025-04-23 15:17:57.276466","5000.00"
76135,4,4,10,30,128,1261,2,7,7,"2025-05-06 12:35:39.31623","42000.00"
76136,4,4,10,30,128,1261,1,7,7,"2024-10-11 11:08:27.574204","20000.00"
76140,4,4,10,30,129,1262,4,3,3,"2024-12-07 06:26:56.017468","5000.00"
76142,4,4,10,30,129,1262,2,3,3,"2024-12-27 23:37:32.90666","42000.00"
76143,4,4,10,30,129,1262,1,3,3,"2024-10-21 12:34:39.439669","20000.00"
76147,4,4,10,30,130,1263,4,4,4,"2025-01-14 19:17:29.728892","5000.00"
76149,4,4,10,30,130,1263,2,4,4,"2025-06-14 07:07:06.007535","70000.00"
76150,4,4,10,30,130,1263,1,4,4,"2024-10-12 13:42:53.824051","20000.00"
76154,4,4,10,31,131,1264,4,4,4,"2024-11-08 14:16:50.989811","5000.00"
76156,4,4,10,31,131,1264,2,4,4,"2025-01-01 05:00:48.274459","70000.00"
76157,4,4,10,31,131,1264,1,4,4,"2024-10-07 03:15:56.993674","20000.00"
76161,4,4,10,31,132,1265,4,10,10,"2025-01-06 15:14:32.599663","5000.00"
76163,4,4,10,31,132,1265,2,10,10,"2025-05-19 11:31:12.042688","42000.00"
76164,4,4,10,31,132,1265,1,10,10,"2024-10-06 09:00:48.558237","20000.00"
76168,4,4,10,31,133,1266,4,9,9,"2025-03-19 17:53:14.228837","5000.00"
76170,4,4,10,31,133,1266,2,9,9,"2025-03-27 20:06:41.077562","70000.00"
76171,4,4,10,31,133,1266,1,9,9,"2024-10-05 02:35:41.773107","20000.00"
76174,4,4,10,32,134,1267,5,3,3,"2025-03-09 20:31:56.795895","10000.00"
76175,4,4,10,32,134,1267,4,3,3,"2024-12-07 21:51:56.565281","5000.00"
76176,4,4,10,32,134,1267,3,3,3,"2025-03-05 02:31:45.345488","50000.00"
76177,4,4,10,32,134,1267,2,3,3,"2025-03-01 21:19:51.166564","150000.00"
76178,4,4,10,32,134,1267,1,3,3,"2024-10-13 01:15:31.593348","30000.00"
76182,4,4,10,32,135,1268,4,4,4,"2025-02-08 03:00:49.201306","5000.00"
76184,4,4,10,32,135,1268,2,4,4,"2024-10-25 11:05:09.11893","54000.00"
76185,4,4,10,32,135,1268,1,4,4,"2024-10-14 15:45:20.485609","20000.00"
76188,4,4,10,32,136,1269,5,1,1,"2025-06-26 09:13:17.631105","10000.00"
76189,4,4,10,32,136,1269,4,1,1,"2024-11-28 22:32:27.696702","5000.00"
76190,4,4,10,32,136,1269,3,1,1,"2025-06-08 12:19:11.142739","50000.00"
76191,4,4,10,32,136,1269,2,1,1,"2025-05-27 00:21:25.12715","150000.00"
76192,4,4,10,32,136,1269,1,1,1,"2024-10-18 00:19:01.359658","20000.00"
76195,4,4,10,32,137,1270,5,5,5,"2025-04-06 19:01:57.096447","10000.00"
76196,4,4,10,32,137,1270,4,5,5,"2025-03-14 04:25:02.858485","5000.00"
76197,4,4,10,32,137,1270,3,5,5,"2025-02-28 19:57:18.372996","50000.00"
76198,4,4,10,32,137,1270,2,5,5,"2024-12-20 02:13:23.056681","150000.00"
76199,4,4,10,32,137,1270,1,5,5,"2024-10-17 10:41:56.642826","20000.00"
76203,2,2,7,21,101,1271,4,10,10,"2024-10-27 11:59:58.150597","5000.00"
76205,2,2,7,21,101,1271,2,10,10,"2025-06-22 17:34:24.317632","80000.00"
76206,2,2,7,21,101,1271,1,10,10,"2024-10-28 00:30:23.928605","20000.00"
76211,3,3,9,28,122,1272,3,10,10,"2025-03-22 16:33:53.553837","50000.00"
76212,3,3,9,28,122,1272,2,10,10,"2025-04-25 03:04:00.362202","42000.00"
76213,3,3,9,28,122,1272,1,10,10,"2024-10-13 00:41:52.229348","20000.00"
76217,3,3,9,27,119,1273,4,2,2,"2025-04-09 02:03:20.412168","5000.00"
76219,3,3,9,27,119,1273,2,2,2,"2024-10-12 09:07:43.413876","42000.00"
76220,3,3,9,27,119,1273,1,2,2,"2024-10-25 08:55:26.336271","20000.00"
76225,3,3,9,28,124,1274,3,4,4,"2025-05-23 13:00:00.617017","50000.00"
76226,3,3,9,28,124,1274,2,4,4,"2025-03-04 01:39:21.511377","42000.00"
76227,3,3,9,28,124,1274,1,4,4,"2024-10-16 07:21:19.572182","20000.00"
76231,3,3,9,27,121,1275,4,3,3,"2025-05-10 14:59:27.245235","5000.00"
76233,3,3,9,27,121,1275,2,3,3,"2024-12-01 09:08:32.785313","70000.00"
76234,3,3,9,27,121,1275,1,3,3,"2024-10-23 01:49:27.169763","20000.00"
76239,3,3,9,28,123,1276,3,5,5,"2024-10-27 08:12:36.071802","50000.00"
76240,3,3,9,28,123,1276,2,5,5,"2024-10-27 19:11:53.48972","42000.00"
76241,3,3,9,28,123,1276,1,5,5,"2024-10-12 20:19:57.065775","20000.00"
76245,2,2,7,22,104,1277,4,2,2,"2025-01-08 16:13:45.857412","5000.00"
76247,2,2,7,22,104,1277,2,2,2,"2025-04-09 04:14:32.65788","48000.00"
76248,2,2,7,22,104,1277,1,2,2,"2024-10-18 06:17:22.07421","20000.00"
76252,2,2,7,22,105,1278,4,9,9,"2025-03-16 17:16:27.981674","5000.00"
76254,2,2,7,22,105,1278,2,9,9,"2025-04-16 18:04:57.853145","80000.00"
76255,2,2,7,22,105,1278,1,9,9,"2024-10-06 10:41:22.905196","20000.00"
76259,3,3,8,24,111,1279,4,3,3,"2025-04-04 16:33:19.536913","5000.00"
76261,3,3,8,24,111,1279,2,3,3,"2024-11-01 05:57:52.650884","42000.00"
76262,3,3,8,24,111,1279,1,3,3,"2024-10-02 11:21:44.3409","20000.00"
76266,3,3,8,24,112,1280,4,3,3,"2025-05-16 09:31:35.316308","5000.00"
76268,3,3,8,24,112,1280,2,3,3,"2025-05-27 17:29:49.033037","70000.00"
76269,3,3,8,24,112,1280,1,3,3,"2024-10-19 11:09:08.945146","20000.00"
76273,2,2,7,22,106,1281,4,1,1,"2025-04-14 03:59:45.510285","5000.00"
76275,2,2,7,22,106,1281,2,1,1,"2025-06-20 20:13:54.974102","48000.00"
76276,2,2,7,22,106,1281,1,1,1,"2024-10-16 05:43:27.572159","20000.00"
76280,3,3,8,25,115,1282,4,9,9,"2024-12-10 04:17:21.648756","5000.00"
76282,3,3,8,25,115,1282,2,9,9,"2024-12-25 03:16:10.176348","120000.00"
76283,3,3,8,25,115,1282,1,9,9,"2024-10-14 12:01:30.154121","25000.00"
76287,2,2,7,23,107,1283,4,5,5,"2024-10-12 15:26:47.369868","5000.00"
76289,2,2,7,23,107,1283,2,5,5,"2025-04-13 21:05:55.734169","70000.00"
76290,2,2,7,23,107,1283,1,5,5,"2024-10-20 00:03:19.885723","20000.00"
76294,2,2,7,23,109,1284,4,3,3,"2025-06-16 22:22:02.507157","5000.00"
76296,2,2,7,23,109,1284,2,3,3,"2025-06-19 09:23:30.444486","70000.00"
76297,2,2,7,23,109,1284,1,3,3,"2024-10-21 08:48:02.777589","20000.00"
76301,2,2,7,23,108,1285,4,8,8,"2025-04-29 06:36:12.136016","5000.00"
76303,2,2,7,23,108,1285,2,8,8,"2025-04-03 06:27:29.681173","42000.00"
76304,2,2,7,23,108,1285,1,8,8,"2024-10-07 16:06:11.047044","20000.00"
76309,3,3,8,26,116,1286,3,8,8,"2025-02-03 17:01:56.402751","40000.00"
76310,3,3,8,26,116,1286,2,8,8,"2025-03-11 19:29:54.321455","42000.00"
76311,3,3,8,26,116,1286,1,8,8,"2024-10-29 03:36:44.125966","20000.00"
76315,2,2,7,23,107,1287,4,5,5,"2025-06-26 22:45:20.534806","5000.00"
76317,2,2,7,23,107,1287,2,5,5,"2024-10-28 19:25:09.340603","42000.00"
76318,2,2,7,23,107,1287,1,5,5,"2024-10-18 17:19:57.94724","20000.00"
76322,3,3,9,29,125,1288,4,10,10,"2024-11-29 04:50:10.595858","5000.00"
76324,3,3,9,29,125,1288,2,10,10,"2025-05-05 10:05:33.499719","42000.00"
76325,3,3,9,29,125,1288,1,10,10,"2024-10-11 23:22:45.173041","20000.00"
76329,3,3,9,29,126,1289,4,4,4,"2025-06-07 04:34:46.813521","5000.00"
76331,3,3,9,29,126,1289,2,4,4,"2024-11-21 13:56:11.688524","70000.00"
76332,3,3,9,29,126,1289,1,4,4,"2024-10-16 22:26:17.192941","20000.00"
76336,3,3,9,29,127,1290,4,9,9,"2025-02-22 23:19:46.791676","5000.00"
76338,3,3,9,29,127,1290,2,9,9,"2025-05-26 04:29:53.210474","42000.00"
76339,3,3,9,29,127,1290,1,9,9,"2024-10-22 21:57:37.816355","20000.00"
76343,3,3,8,25,114,1291,4,9,9,"2025-04-05 16:22:21.279435","5000.00"
76345,3,3,8,25,114,1291,2,9,9,"2025-05-25 00:44:10.424697","72000.00"
76346,3,3,8,25,114,1291,1,9,9,"2024-10-04 20:26:18.229696","25000.00"
76350,4,4,10,30,130,1292,4,4,4,"2025-04-20 14:06:21.222387","5000.00"
76352,4,4,10,30,130,1292,2,4,4,"2024-11-13 11:14:30.450785","42000.00"
76353,4,4,10,30,130,1292,1,4,4,"2024-10-28 18:36:59.618521","20000.00"
76358,3,3,8,26,117,1293,3,10,10,"2025-03-04 09:19:53.719474","40000.00"
76359,3,3,8,26,117,1293,2,10,10,"2024-10-08 22:56:42.098306","70000.00"
76360,3,3,8,26,117,1293,1,10,10,"2024-10-12 00:55:30.889927","20000.00"
76365,3,3,8,26,118,1294,3,4,4,"2025-05-21 13:47:58.15968","40000.00"
76366,3,3,8,26,118,1294,2,4,4,"2025-06-01 16:45:30.996753","42000.00"
76367,3,3,8,26,118,1294,1,4,4,"2024-10-10 04:58:29.248615","20000.00"
76371,4,4,10,30,129,1295,4,8,8,"2025-06-13 13:54:00.615651","5000.00"
76373,4,4,10,30,129,1295,2,8,8,"2025-02-15 11:43:10.759442","42000.00"
76374,4,4,10,30,129,1295,1,8,8,"2024-10-23 20:05:39.42885","20000.00"
76378,4,4,10,30,130,1296,4,5,5,"2025-06-17 18:40:09.609583","5000.00"
76380,4,4,10,30,130,1296,2,5,5,"2025-01-31 00:24:58.463515","70000.00"
76381,4,4,10,30,130,1296,1,5,5,"2024-10-19 02:13:17.719072","20000.00"
76385,3,3,8,25,115,1297,4,10,10,"2024-10-29 15:48:30.241487","5000.00"
76387,3,3,8,25,115,1297,2,10,10,"2024-10-01 17:23:23.365442","72000.00"
76388,3,3,8,25,115,1297,1,10,10,"2024-10-29 17:08:16.919972","25000.00"
76392,4,4,10,30,128,1298,4,6,6,"2025-01-02 14:04:52.887219","5000.00"
76394,4,4,10,30,128,1298,2,6,6,"2025-02-11 09:24:43.07625","42000.00"
76395,4,4,10,30,128,1298,1,6,6,"2024-10-09 21:28:55.209555","20000.00"
76399,4,4,10,30,129,1299,4,9,9,"2025-02-16 12:14:34.166633","5000.00"
76401,4,4,10,30,129,1299,2,9,9,"2025-03-21 20:16:05.604936","70000.00"
76402,4,4,10,30,129,1299,1,9,9,"2024-10-20 06:39:40.543872","20000.00"
76406,4,4,10,31,132,1300,4,10,10,"2025-06-25 03:20:33.463339","5000.00"
76408,4,4,10,31,132,1300,2,10,10,"2025-03-20 14:31:59.857271","42000.00"
76409,4,4,10,31,132,1300,1,10,10,"2024-10-05 10:44:14.03416","20000.00"
76413,4,4,10,30,128,1301,4,8,8,"2025-04-16 14:51:26.537568","5000.00"
76415,4,4,10,30,128,1301,2,8,8,"2025-05-31 07:19:01.078852","42000.00"
76416,4,4,10,30,128,1301,1,8,8,"2024-10-07 18:23:34.492926","20000.00"
76420,4,4,10,30,129,1302,4,7,7,"2024-10-13 14:33:45.564028","5000.00"
76422,4,4,10,30,129,1302,2,7,7,"2024-12-15 10:35:37.351726","42000.00"
76423,4,4,10,30,129,1302,1,7,7,"2024-10-19 10:49:00.849259","20000.00"
76427,4,4,10,30,130,1303,4,4,4,"2025-02-11 09:53:33.895114","5000.00"
76429,4,4,10,30,130,1303,2,4,4,"2024-11-14 21:03:10.309612","70000.00"
76430,4,4,10,30,130,1303,1,4,4,"2024-10-09 09:13:32.622866","20000.00"
76434,4,4,10,31,131,1304,4,1,1,"2024-11-20 03:31:07.567643","5000.00"
76436,4,4,10,31,131,1304,2,1,1,"2025-06-06 05:23:28.784689","42000.00"
76437,4,4,10,31,131,1304,1,1,1,"2024-10-19 00:07:28.001442","20000.00"
76441,4,4,10,31,132,1305,4,6,6,"2024-12-02 21:51:08.779276","5000.00"
76443,4,4,10,31,132,1305,2,6,6,"2025-01-19 20:20:59.831825","42000.00"
76444,4,4,10,31,132,1305,1,6,6,"2024-10-13 03:50:48.720213","20000.00"
76448,4,4,10,31,133,1306,4,3,3,"2024-12-19 10:09:27.991095","5000.00"
76450,4,4,10,31,133,1306,2,3,3,"2025-03-12 03:13:58.870423","42000.00"
76451,4,4,10,31,133,1306,1,3,3,"2024-10-18 01:42:00.327645","20000.00"
76454,4,4,10,32,134,1307,5,7,7,"2024-12-28 19:45:14.063068","10000.00"
76455,4,4,10,32,134,1307,4,7,7,"2024-10-08 07:55:20.82935","5000.00"
76456,4,4,10,32,134,1307,3,7,7,"2024-11-30 00:10:44.165281","50000.00"
76457,4,4,10,32,134,1307,2,7,7,"2025-06-13 06:20:02.813506","150000.00"
76458,4,4,10,32,134,1307,1,7,7,"2024-10-09 23:21:49.069258","30000.00"
76462,4,4,10,32,135,1308,4,4,4,"2025-02-25 13:07:14.875508","5000.00"
76464,4,4,10,32,135,1308,2,4,4,"2024-12-28 21:30:21.072617","90000.00"
76465,4,4,10,32,135,1308,1,4,4,"2024-10-02 07:52:06.036748","20000.00"
76468,4,4,10,32,136,1309,5,2,2,"2025-02-18 03:32:43.759945","10000.00"
76469,4,4,10,32,136,1309,4,2,2,"2024-10-16 18:10:19.288616","5000.00"
76470,4,4,10,32,136,1309,3,2,2,"2024-11-30 09:16:00.013485","50000.00"
76471,4,4,10,32,136,1309,2,2,2,"2025-02-18 10:28:55.869089","90000.00"
76472,4,4,10,32,136,1309,1,2,2,"2024-10-09 20:52:18.363253","20000.00"
76475,4,4,10,32,137,1310,5,7,7,"2025-06-03 00:56:37.160525","10000.00"
76476,4,4,10,32,137,1310,4,7,7,"2025-05-17 05:56:19.113369","5000.00"
76477,4,4,10,32,137,1310,3,7,7,"2025-02-15 04:16:38.950792","50000.00"
76478,4,4,10,32,137,1310,2,7,7,"2024-11-29 07:25:26.664896","150000.00"
76479,4,4,10,32,137,1310,1,7,7,"2024-10-30 02:56:42.734952","20000.00"
76483,2,2,7,21,101,1311,4,6,6,"2025-04-03 15:17:26.734345","5000.00"
76485,2,2,7,21,101,1311,2,6,6,"2024-11-06 19:05:37.636088","48000.00"
76486,2,2,7,21,101,1311,1,6,6,"2024-10-07 14:47:33.406445","20000.00"
76491,3,3,9,28,122,1312,3,3,3,"2025-02-19 05:04:40.783561","50000.00"
76492,3,3,9,28,122,1312,2,3,3,"2025-03-05 12:16:33.791869","42000.00"
76493,3,3,9,28,122,1312,1,3,3,"2024-10-01 22:40:34.62249","20000.00"
76497,3,3,9,27,119,1313,4,3,3,"2025-01-14 22:12:16.729436","5000.00"
76499,3,3,9,27,119,1313,2,3,3,"2025-01-21 08:19:32.115553","42000.00"
76500,3,3,9,27,119,1313,1,3,3,"2024-10-22 00:47:56.810004","20000.00"
76505,3,3,9,28,124,1314,3,5,5,"2024-10-13 13:38:23.488513","50000.00"
76506,3,3,9,28,124,1314,2,5,5,"2024-11-22 02:48:30.891687","42000.00"
76507,3,3,9,28,124,1314,1,5,5,"2024-10-07 17:21:23.081334","20000.00"
76511,3,3,9,27,121,1315,4,6,6,"2024-12-15 21:30:15.325203","5000.00"
76513,3,3,9,27,121,1315,2,6,6,"2025-04-18 02:27:31.088368","70000.00"
76514,3,3,9,27,121,1315,1,6,6,"2024-10-07 22:47:10.255854","20000.00"
76519,3,3,9,28,123,1316,3,10,10,"2025-01-07 00:50:22.76894","50000.00"
76520,3,3,9,28,123,1316,2,10,10,"2025-02-17 23:09:47.241412","70000.00"
76521,3,3,9,28,123,1316,1,10,10,"2024-10-08 14:27:05.51582","20000.00"
76525,2,2,7,22,104,1317,4,9,9,"2024-11-30 04:58:14.007865","5000.00"
76527,2,2,7,22,104,1317,2,9,9,"2025-04-18 22:55:09.946642","48000.00"
76528,2,2,7,22,104,1317,1,9,9,"2024-10-30 05:44:59.396396","20000.00"
76532,2,2,7,22,105,1318,4,9,9,"2025-05-12 06:50:50.238042","5000.00"
76534,2,2,7,22,105,1318,2,9,9,"2025-06-05 19:19:46.31792","48000.00"
76535,2,2,7,22,105,1318,1,9,9,"2024-10-02 06:44:37.79433","20000.00"
76539,3,3,8,24,111,1319,4,10,10,"2025-02-03 23:21:33.876579","5000.00"
76541,3,3,8,24,111,1319,2,10,10,"2025-05-17 09:38:46.765574","70000.00"
76542,3,3,8,24,111,1319,1,10,10,"2024-10-20 08:23:57.650927","20000.00"
76546,3,3,8,24,112,1320,4,1,1,"2025-04-06 13:09:58.925777","5000.00"
76548,3,3,8,24,112,1320,2,1,1,"2024-11-21 09:06:51.77528","42000.00"
76549,3,3,8,24,112,1320,1,1,1,"2024-10-22 08:29:53.079011","20000.00"
76553,2,2,7,22,106,1321,4,7,7,"2025-05-12 18:26:05.827853","5000.00"
76555,2,2,7,22,106,1321,2,7,7,"2024-10-21 20:42:36.731186","80000.00"
76556,2,2,7,22,106,1321,1,7,7,"2024-10-31 00:55:29.722822","20000.00"
76560,3,3,8,25,115,1322,4,7,7,"2025-01-20 02:08:55.990421","5000.00"
76562,3,3,8,25,115,1322,2,7,7,"2025-06-21 13:28:35.569666","72000.00"
76563,3,3,8,25,115,1322,1,7,7,"2024-10-13 16:48:27.79965","25000.00"
76567,2,2,7,23,107,1323,4,8,8,"2025-05-31 00:34:09.292892","5000.00"
76569,2,2,7,23,107,1323,2,8,8,"2025-03-21 22:41:43.297868","70000.00"
76570,2,2,7,23,107,1323,1,8,8,"2024-10-24 18:41:37.522077","20000.00"
76574,2,2,7,23,109,1324,4,4,4,"2025-01-10 17:24:27.813685","5000.00"
76576,2,2,7,23,109,1324,2,4,4,"2025-04-16 01:31:15.232171","70000.00"
76577,2,2,7,23,109,1324,1,4,4,"2024-10-10 10:14:53.029656","20000.00"
76581,2,2,7,23,108,1325,4,2,2,"2025-05-22 11:43:54.742212","5000.00"
76583,2,2,7,23,108,1325,2,2,2,"2024-11-05 00:40:42.107547","70000.00"
76584,2,2,7,23,108,1325,1,2,2,"2024-10-21 19:45:24.392616","20000.00"
76589,3,3,8,26,116,1326,3,3,3,"2024-11-06 17:30:03.938808","40000.00"
76590,3,3,8,26,116,1326,2,3,3,"2024-10-15 23:08:20.970779","70000.00"
76591,3,3,8,26,116,1326,1,3,3,"2024-10-17 19:04:43.134918","20000.00"
76595,2,2,7,23,107,1327,4,8,8,"2025-04-02 14:50:01.656837","5000.00"
76597,2,2,7,23,107,1327,2,8,8,"2025-03-30 04:26:32.504584","42000.00"
76598,2,2,7,23,107,1327,1,8,8,"2024-10-03 20:14:08.36182","20000.00"
76602,3,3,9,29,125,1328,4,7,7,"2024-12-17 07:04:40.72394","5000.00"
76604,3,3,9,29,125,1328,2,7,7,"2025-02-04 10:35:08.505759","42000.00"
76605,3,3,9,29,125,1328,1,7,7,"2024-10-13 22:01:05.348784","20000.00"
76609,3,3,9,29,126,1329,4,3,3,"2025-01-08 18:11:46.251804","5000.00"
76611,3,3,9,29,126,1329,2,3,3,"2025-06-03 15:40:41.453593","42000.00"
76612,3,3,9,29,126,1329,1,3,3,"2024-10-26 14:14:05.735492","20000.00"
76616,3,3,9,29,127,1330,4,1,1,"2024-10-15 08:41:45.609712","5000.00"
76618,3,3,9,29,127,1330,2,1,1,"2024-12-11 15:07:25.810908","70000.00"
76619,3,3,9,29,127,1330,1,1,1,"2024-10-19 08:58:20.113112","20000.00"
76623,3,3,8,25,114,1331,4,6,6,"2025-04-18 17:37:38.258811","5000.00"
76625,3,3,8,25,114,1331,2,6,6,"2024-12-07 05:09:56.441434","120000.00"
76626,3,3,8,25,114,1331,1,6,6,"2024-10-14 14:12:29.680509","25000.00"
76630,4,4,10,30,130,1332,4,2,2,"2024-10-08 12:46:28.029574","5000.00"
76632,4,4,10,30,130,1332,2,2,2,"2025-05-04 22:23:51.428764","42000.00"
76633,4,4,10,30,130,1332,1,2,2,"2024-10-05 11:04:52.260493","20000.00"
76638,3,3,8,26,117,1333,3,8,8,"2025-02-16 07:57:00.593271","40000.00"
76639,3,3,8,26,117,1333,2,8,8,"2025-04-24 17:03:36.088145","42000.00"
76640,3,3,8,26,117,1333,1,8,8,"2024-10-31 03:41:42.555401","20000.00"
76645,3,3,8,26,118,1334,3,2,2,"2025-02-25 10:57:05.479266","40000.00"
76646,3,3,8,26,118,1334,2,2,2,"2025-03-29 02:36:50.584333","70000.00"
76647,3,3,8,26,118,1334,1,2,2,"2024-10-04 09:11:58.637286","20000.00"
76651,4,4,10,30,129,1335,4,9,9,"2025-04-24 02:56:43.915892","5000.00"
76653,4,4,10,30,129,1335,2,9,9,"2024-10-07 19:48:05.578389","42000.00"
76654,4,4,10,30,129,1335,1,9,9,"2024-10-29 01:02:46.863791","20000.00"
76658,4,4,10,30,130,1336,4,6,6,"2025-06-03 01:36:01.521908","5000.00"
76660,4,4,10,30,130,1336,2,6,6,"2025-02-05 00:15:41.658923","42000.00"
76661,4,4,10,30,130,1336,1,6,6,"2024-10-22 09:37:21.185387","20000.00"
76665,3,3,8,25,115,1337,4,8,8,"2025-01-26 20:45:17.315043","5000.00"
76667,3,3,8,25,115,1337,2,8,8,"2025-02-01 10:00:40.402219","120000.00"
76668,3,3,8,25,115,1337,1,8,8,"2024-10-17 10:21:56.698299","25000.00"
76672,4,4,10,30,128,1338,4,7,7,"2024-10-13 07:55:49.006354","5000.00"
76674,4,4,10,30,128,1338,2,7,7,"2024-10-01 11:14:41.795404","42000.00"
76675,4,4,10,30,128,1338,1,7,7,"2024-10-07 04:02:31.463528","20000.00"
76679,4,4,10,30,129,1339,4,6,6,"2024-12-31 20:47:10.633516","5000.00"
76681,4,4,10,30,129,1339,2,6,6,"2025-06-19 05:02:48.278732","42000.00"
76682,4,4,10,30,129,1339,1,6,6,"2024-10-10 03:37:10.041613","20000.00"
76686,4,4,10,31,132,1340,4,2,2,"2024-12-04 06:17:38.948597","5000.00"
76688,4,4,10,31,132,1340,2,2,2,"2024-10-28 06:14:00.34238","70000.00"
76689,4,4,10,31,132,1340,1,2,2,"2024-10-06 14:03:11.863131","20000.00"
76693,4,4,10,30,128,1341,4,5,5,"2024-10-14 15:13:31.728927","5000.00"
76695,4,4,10,30,128,1341,2,5,5,"2025-03-01 22:44:59.840142","70000.00"
76696,4,4,10,30,128,1341,1,5,5,"2024-10-04 23:24:38.626353","20000.00"
76700,4,4,10,30,129,1342,4,6,6,"2025-01-16 17:33:40.215137","5000.00"
76702,4,4,10,30,129,1342,2,6,6,"2025-01-31 18:53:29.449133","42000.00"
76703,4,4,10,30,129,1342,1,6,6,"2024-10-10 01:23:48.278693","20000.00"
76707,4,4,10,30,130,1343,4,9,9,"2025-05-08 07:54:15.070249","5000.00"
76709,4,4,10,30,130,1343,2,9,9,"2024-12-04 11:47:57.223009","70000.00"
76710,4,4,10,30,130,1343,1,9,9,"2024-10-29 19:52:49.63469","20000.00"
76714,4,4,10,31,131,1344,4,3,3,"2025-04-04 16:19:32.046333","5000.00"
76716,4,4,10,31,131,1344,2,3,3,"2025-04-30 14:25:01.208726","70000.00"
76717,4,4,10,31,131,1344,1,3,3,"2024-10-19 16:32:29.64147","20000.00"
76721,4,4,10,31,132,1345,4,3,3,"2024-12-01 13:54:07.907715","5000.00"
76723,4,4,10,31,132,1345,2,3,3,"2025-03-01 20:52:00.364456","42000.00"
76724,4,4,10,31,132,1345,1,3,3,"2024-10-12 10:01:47.565742","20000.00"
76728,4,4,10,31,133,1346,4,4,4,"2025-02-21 05:57:15.199822","5000.00"
76730,4,4,10,31,133,1346,2,4,4,"2025-05-06 19:12:19.870441","70000.00"
76731,4,4,10,31,133,1346,1,4,4,"2024-10-27 14:39:16.49094","20000.00"
76734,4,4,10,32,134,1347,5,6,6,"2024-11-16 11:13:22.533852","10000.00"
76735,4,4,10,32,134,1347,4,6,6,"2025-03-27 13:39:56.075975","5000.00"
76736,4,4,10,32,134,1347,3,6,6,"2025-02-21 00:33:15.997321","50000.00"
76737,4,4,10,32,134,1347,2,6,6,"2025-06-22 18:41:14.802796","90000.00"
76738,4,4,10,32,134,1347,1,6,6,"2024-10-06 13:09:12.347652","30000.00"
76742,4,4,10,32,135,1348,4,5,5,"2025-06-11 01:10:31.662354","5000.00"
76744,4,4,10,32,135,1348,2,5,5,"2025-02-15 23:26:13.546363","54000.00"
76745,4,4,10,32,135,1348,1,5,5,"2024-10-18 04:24:50.520174","20000.00"
76748,4,4,10,32,136,1349,5,4,4,"2024-12-11 13:42:29.303201","10000.00"
76749,4,4,10,32,136,1349,4,4,4,"2025-03-21 00:00:57.781305","5000.00"
76750,4,4,10,32,136,1349,3,4,4,"2024-12-03 13:50:53.237475","50000.00"
76751,4,4,10,32,136,1349,2,4,4,"2025-06-13 17:31:46.106713","150000.00"
76752,4,4,10,32,136,1349,1,4,4,"2024-10-19 18:51:24.900996","20000.00"
76755,4,4,10,32,137,1350,5,1,1,"2025-03-03 21:53:57.220101","10000.00"
76756,4,4,10,32,137,1350,4,1,1,"2025-05-23 20:40:15.247548","5000.00"
76757,4,4,10,32,137,1350,3,1,1,"2024-10-24 09:19:12.818877","50000.00"
76758,4,4,10,32,137,1350,2,1,1,"2024-10-07 03:59:50.38812","150000.00"
76759,4,4,10,32,137,1350,1,1,1,"2024-10-25 22:34:28.411947","20000.00"
76763,2,2,7,21,101,1351,4,2,2,"2025-01-15 08:39:03.209207","5000.00"
76765,2,2,7,21,101,1351,2,2,2,"2025-02-28 00:48:10.890937","80000.00"
76766,2,2,7,21,101,1351,1,2,2,"2024-10-26 10:11:05.135597","20000.00"
76770,2,2,7,21,102,1352,4,1,1,"2025-02-07 23:52:50.793796","5000.00"
76772,2,2,7,21,102,1352,2,1,1,"2025-02-10 01:06:26.637812","48000.00"
76773,2,2,7,21,102,1352,1,1,1,"2024-10-24 18:29:47.983288","20000.00"
76777,2,2,7,21,103,1353,4,3,3,"2024-10-19 00:22:48.782666","5000.00"
76779,2,2,7,21,103,1353,2,3,3,"2025-01-08 10:07:11.422713","80000.00"
76780,2,2,7,21,103,1353,1,3,3,"2024-10-18 18:29:09.417884","20000.00"
76784,3,3,9,27,119,1354,4,1,1,"2024-12-22 06:46:09.835656","5000.00"
76786,3,3,9,27,119,1354,2,1,1,"2024-11-03 04:04:38.51494","70000.00"
76787,3,3,9,27,119,1354,1,1,1,"2024-10-30 05:26:12.56208","20000.00"
76791,3,3,9,27,121,1355,4,7,7,"2025-06-17 11:53:19.728713","5000.00"
76793,3,3,9,27,121,1355,2,7,7,"2025-04-01 06:32:11.125295","42000.00"
76794,3,3,9,27,121,1355,1,7,7,"2024-10-12 19:31:46.765756","20000.00"
76799,3,3,9,28,123,1356,3,5,5,"2024-11-17 07:51:55.84385","50000.00"
76800,3,3,9,28,123,1356,2,5,5,"2025-05-23 14:04:07.823298","70000.00"
76801,3,3,9,28,123,1356,1,5,5,"2024-10-04 09:36:55.213532","20000.00"
76805,2,2,7,22,104,1357,4,9,9,"2024-11-12 14:51:55.098025","5000.00"
76807,2,2,7,22,104,1357,2,9,9,"2024-12-20 21:33:17.116583","48000.00"
76808,2,2,7,22,104,1357,1,9,9,"2024-10-16 18:02:27.563397","20000.00"
76812,2,2,7,22,105,1358,4,1,1,"2025-02-15 05:45:39.584503","5000.00"
76814,2,2,7,22,105,1358,2,1,1,"2024-11-20 18:47:45.788259","80000.00"
76815,2,2,7,22,105,1358,1,1,1,"2024-10-07 01:58:16.898663","20000.00"
76819,2,2,7,22,106,1359,4,7,7,"2025-01-25 07:18:50.467077","5000.00"
76821,2,2,7,22,106,1359,2,7,7,"2025-05-17 11:01:56.603623","48000.00"
76822,2,2,7,22,106,1359,1,7,7,"2024-10-19 03:36:33.105917","20000.00"
76826,3,3,8,24,111,1360,4,4,4,"2024-10-20 19:48:05.47557","5000.00"
76828,3,3,8,24,111,1360,2,4,4,"2024-11-02 15:53:46.313986","70000.00"
76829,3,3,8,24,111,1360,1,4,4,"2024-10-04 10:14:20.385749","20000.00"
76833,3,3,8,24,112,1361,4,9,9,"2025-04-06 15:08:23.522693","5000.00"
76835,3,3,8,24,112,1361,2,9,9,"2025-04-24 16:35:57.1642","42000.00"
76836,3,3,8,24,112,1361,1,9,9,"2024-10-29 17:50:44.085701","20000.00"
76840,3,3,8,25,115,1362,4,3,3,"2025-06-26 22:09:09.983545","5000.00"
76842,3,3,8,25,115,1362,2,3,3,"2024-11-03 21:10:05.649851","72000.00"
76843,3,3,8,25,115,1362,1,3,3,"2024-10-03 13:29:43.481275","25000.00"
76847,2,2,7,22,106,1363,4,2,2,"2025-03-17 21:33:33.526291","5000.00"
76849,2,2,7,22,106,1363,2,2,2,"2025-05-15 11:52:09.133202","48000.00"
76850,2,2,7,22,106,1363,1,2,2,"2024-10-21 03:04:07.972515","20000.00"
76854,2,2,7,23,107,1364,4,7,7,"2025-05-02 19:07:41.377006","5000.00"
76856,2,2,7,23,107,1364,2,7,7,"2025-06-27 03:01:40.329385","42000.00"
76857,2,2,7,23,107,1364,1,7,7,"2024-10-14 12:17:12.042188","20000.00"
76861,2,2,7,23,108,1365,4,10,10,"2025-01-04 07:28:58.434004","5000.00"
76863,2,2,7,23,108,1365,2,10,10,"2025-04-05 21:25:34.230627","70000.00"
76864,2,2,7,23,108,1365,1,10,10,"2024-10-30 15:58:07.302452","20000.00"
76868,2,2,7,23,109,1366,4,10,10,"2024-11-30 14:22:58.648088","5000.00"
76870,2,2,7,23,109,1366,2,10,10,"2024-10-06 01:02:38.578822","42000.00"
76871,2,2,7,23,109,1366,1,10,10,"2024-10-22 04:30:35.12427","20000.00"
76876,3,3,8,26,116,1367,3,2,2,"2024-10-29 23:47:18.010386","40000.00"
76877,3,3,8,26,116,1367,2,2,2,"2024-12-29 06:25:17.042487","70000.00"
76878,3,3,8,26,116,1367,1,2,2,"2024-10-05 13:35:07.815617","20000.00"
76882,2,2,7,23,107,1368,4,8,8,"2024-10-20 23:17:20.393664","5000.00"
76884,2,2,7,23,107,1368,2,8,8,"2024-10-02 01:05:10.109862","70000.00"
76885,2,2,7,23,107,1368,1,8,8,"2024-10-03 20:45:22.814488","20000.00"
76889,2,2,7,23,108,1369,4,10,10,"2025-03-13 20:07:51.258218","5000.00"
76891,2,2,7,23,108,1369,2,10,10,"2025-05-21 12:52:56.264185","70000.00"
76892,2,2,7,23,108,1369,1,10,10,"2024-10-14 06:38:24.02964","20000.00"
76896,2,2,7,23,109,1370,4,1,1,"2025-02-07 19:35:48.093709","5000.00"
76898,2,2,7,23,109,1370,2,1,1,"2025-02-06 13:38:27.81094","70000.00"
76899,2,2,7,23,109,1370,1,1,1,"2024-10-05 12:32:54.577301","20000.00"
76903,3,3,9,29,125,1371,4,5,5,"2025-02-13 22:59:57.780586","5000.00"
76905,3,3,9,29,125,1371,2,5,5,"2024-12-22 02:54:42.806935","70000.00"
76906,3,3,9,29,125,1371,1,5,5,"2024-10-01 18:29:34.518731","20000.00"
76910,3,3,9,29,126,1372,4,9,9,"2025-03-23 05:27:36.439302","5000.00"
76912,3,3,9,29,126,1372,2,9,9,"2024-11-28 00:08:58.01063","42000.00"
76913,3,3,9,29,126,1372,1,9,9,"2024-10-02 14:54:14.381871","20000.00"
76917,3,3,9,29,127,1373,4,2,2,"2024-11-14 19:03:26.31385","5000.00"
76919,3,3,9,29,127,1373,2,2,2,"2025-01-13 09:45:48.094886","42000.00"
76920,3,3,9,29,127,1373,1,2,2,"2024-10-06 09:45:58.308671","20000.00"
76924,3,3,8,25,114,1374,4,3,3,"2024-11-10 06:09:43.540864","5000.00"
76926,3,3,8,25,114,1374,2,3,3,"2025-04-08 12:22:08.061987","120000.00"
76927,3,3,8,25,114,1374,1,3,3,"2024-10-01 13:45:16.925283","25000.00"
76931,3,3,8,25,115,1375,4,5,5,"2024-10-10 05:31:19.077736","5000.00"
76933,3,3,8,25,115,1375,2,5,5,"2025-01-19 09:32:57.76409","72000.00"
76934,3,3,8,25,115,1375,1,5,5,"2024-10-14 19:07:25.029845","25000.00"
76939,3,3,8,26,116,1376,3,3,3,"2025-05-19 21:22:08.84826","40000.00"
76940,3,3,8,26,116,1376,2,3,3,"2025-05-22 10:08:06.40411","70000.00"
76941,3,3,8,26,116,1376,1,3,3,"2024-10-14 11:19:14.810709","20000.00"
76946,3,3,8,26,117,1377,3,2,2,"2025-02-10 00:57:52.010677","40000.00"
76947,3,3,8,26,117,1377,2,2,2,"2025-06-07 18:56:23.525015","70000.00"
76948,3,3,8,26,117,1377,1,2,2,"2024-10-20 11:42:35.512719","20000.00"
76953,3,3,8,26,118,1378,3,10,10,"2025-04-27 16:38:15.525822","40000.00"
76954,3,3,8,26,118,1378,2,10,10,"2025-04-22 05:36:11.474271","70000.00"
76955,3,3,8,26,118,1378,1,10,10,"2024-10-15 04:06:34.986423","20000.00"
76959,4,4,10,30,129,1379,4,1,1,"2025-03-03 09:49:13.008588","5000.00"
76961,4,4,10,30,129,1379,2,1,1,"2025-01-31 07:07:10.600617","70000.00"
76962,4,4,10,30,129,1379,1,1,1,"2024-10-15 17:24:08.504524","20000.00"
76966,4,4,10,30,130,1380,4,4,4,"2025-04-14 18:12:16.300937","5000.00"
76968,4,4,10,30,130,1380,2,4,4,"2024-12-16 03:18:06.361497","42000.00"
76969,4,4,10,30,130,1380,1,4,4,"2024-10-10 23:32:32.962578","20000.00"
76973,4,4,10,31,131,1381,4,2,2,"2025-02-06 10:21:34.645573","5000.00"
76975,4,4,10,31,131,1381,2,2,2,"2025-03-31 22:59:59.234003","70000.00"
76976,4,4,10,31,131,1381,1,2,2,"2024-10-09 08:56:08.820759","20000.00"
76980,4,4,10,31,132,1382,4,1,1,"2024-11-30 16:16:03.558257","5000.00"
76982,4,4,10,31,132,1382,2,1,1,"2025-05-05 06:48:03.823922","70000.00"
76983,4,4,10,31,132,1382,1,1,1,"2024-10-12 06:40:40.423373","20000.00"
76987,4,4,10,31,133,1383,4,9,9,"2025-04-06 06:55:02.646003","5000.00"
76989,4,4,10,31,133,1383,2,9,9,"2024-11-14 17:54:27.074738","42000.00"
76990,4,4,10,31,133,1383,1,9,9,"2024-10-02 00:02:13.285895","20000.00"
76993,4,4,10,32,134,1384,5,4,4,"2025-06-19 19:14:57.017162","10000.00"
76994,4,4,10,32,134,1384,4,4,4,"2025-04-30 13:46:48.350739","5000.00"
76995,4,4,10,32,134,1384,3,4,4,"2025-01-28 06:56:08.872941","50000.00"
76996,4,4,10,32,134,1384,2,4,4,"2025-02-05 10:26:51.089012","150000.00"
76997,4,4,10,32,134,1384,1,4,4,"2024-10-16 15:42:04.894015","30000.00"
77001,4,4,10,32,135,1385,4,5,5,"2025-03-04 17:59:50.005285","5000.00"
77003,4,4,10,32,135,1385,2,5,5,"2025-04-11 04:53:43.355225","54000.00"
77004,4,4,10,32,135,1385,1,5,5,"2024-10-23 17:55:33.547584","20000.00"
77007,4,4,10,32,136,1386,5,6,6,"2025-02-09 07:39:07.377315","10000.00"
77008,4,4,10,32,136,1386,4,6,6,"2025-06-21 06:28:38.363102","5000.00"
77009,4,4,10,32,136,1386,3,6,6,"2025-01-16 10:29:33.400363","50000.00"
77010,4,4,10,32,136,1386,2,6,6,"2025-03-30 03:25:50.195028","90000.00"
77011,4,4,10,32,136,1386,1,6,6,"2024-10-13 01:08:16.056692","20000.00"
77014,4,4,10,32,137,1387,5,4,4,"2024-10-15 04:55:32.230658","10000.00"
77015,4,4,10,32,137,1387,4,4,4,"2025-04-05 17:06:22.931804","5000.00"
77016,4,4,10,32,137,1387,3,4,4,"2024-12-16 04:43:29.949341","50000.00"
77017,4,4,10,32,137,1387,2,4,4,"2025-06-13 01:29:22.076905","90000.00"
77018,4,4,10,32,137,1387,1,4,4,"2024-10-16 18:58:49.752719","20000.00"
77021,4,4,10,32,138,1388,5,9,9,"2024-10-26 04:51:28.688249","10000.00"
77022,4,4,10,32,138,1388,4,9,9,"2025-02-14 05:01:10.680455","5000.00"
77023,4,4,10,32,138,1388,3,9,9,"2025-05-16 13:06:18.982956","50000.00"
77024,4,4,10,32,138,1388,2,9,9,"2025-01-03 16:15:36.477156","90000.00"
77025,4,4,10,32,138,1388,1,9,9,"2024-10-09 12:25:55.783993","20000.00"
77029,4,4,11,33,139,1389,4,8,8,"2025-05-07 07:49:22.170665","5000.00"
77031,4,4,11,33,139,1389,2,8,8,"2025-04-05 14:14:14.442434","42000.00"
77032,4,4,11,33,139,1389,1,8,8,"2024-10-26 11:25:35.494743","20000.00"
77036,4,4,11,33,140,1390,4,4,4,"2025-04-30 09:07:56.56449","5000.00"
77038,4,4,11,33,140,1390,2,4,4,"2025-04-24 07:29:35.240154","42000.00"
77039,4,4,11,33,140,1390,1,4,4,"2024-10-21 20:59:32.651629","20000.00"
77043,4,4,11,33,141,1391,4,9,9,"2024-11-06 13:04:29.642542","5000.00"
77045,4,4,11,33,141,1391,2,9,9,"2025-02-06 03:09:17.153025","70000.00"
77046,4,4,11,33,141,1391,1,9,9,"2024-10-16 23:19:38.810671","20000.00"
77050,4,4,10,30,128,1392,4,8,8,"2025-06-07 10:39:35.657018","5000.00"
77052,4,4,10,30,128,1392,2,8,8,"2025-05-16 21:00:01.036636","70000.00"
77053,4,4,10,30,128,1392,1,8,8,"2024-10-14 21:22:20.624493","20000.00"
77057,4,4,10,30,129,1393,4,3,3,"2025-05-15 09:46:39.711449","5000.00"
77059,4,4,10,30,129,1393,2,3,3,"2025-04-22 11:34:37.219009","42000.00"
77060,4,4,10,30,129,1393,1,3,3,"2024-10-24 15:00:35.756959","20000.00"
77064,4,4,10,30,130,1394,4,1,1,"2024-11-13 15:21:57.254214","5000.00"
77066,4,4,10,30,130,1394,2,1,1,"2024-11-15 21:10:06.774918","70000.00"
77067,4,4,10,30,130,1394,1,1,1,"2024-10-22 03:31:35.718635","20000.00"
77071,4,4,10,31,131,1395,4,5,5,"2025-02-14 15:25:31.848372","5000.00"
77073,4,4,10,31,131,1395,2,5,5,"2025-04-19 03:00:17.590089","42000.00"
77074,4,4,10,31,131,1395,1,5,5,"2024-10-02 08:55:13.113724","20000.00"
77078,4,4,10,31,132,1396,4,3,3,"2024-12-08 11:32:55.27826","5000.00"
77080,4,4,10,31,132,1396,2,3,3,"2025-03-02 10:48:17.75546","70000.00"
77081,4,4,10,31,132,1396,1,3,3,"2024-10-30 15:23:28.116717","20000.00"
77085,4,4,10,31,133,1397,4,3,3,"2025-02-04 20:41:39.786604","5000.00"
77087,4,4,10,31,133,1397,2,3,3,"2025-03-26 14:05:18.569749","42000.00"
77088,4,4,10,31,133,1397,1,3,3,"2024-10-05 05:20:05.88953","20000.00"
77091,4,4,10,32,134,1398,5,3,3,"2024-12-28 16:40:27.392868","10000.00"
77092,4,4,10,32,134,1398,4,3,3,"2025-01-30 16:35:01.267417","5000.00"
77093,4,4,10,32,134,1398,3,3,3,"2024-11-29 04:37:47.404307","50000.00"
77094,4,4,10,32,134,1398,2,3,3,"2025-01-20 02:02:44.74748","90000.00"
77095,4,4,10,32,134,1398,1,3,3,"2024-10-12 16:57:42.846021","30000.00"
77099,4,4,10,32,135,1399,4,5,5,"2025-02-16 06:21:41.77967","5000.00"
77101,4,4,10,32,135,1399,2,5,5,"2025-05-23 06:34:26.801577","90000.00"
77102,4,4,10,32,135,1399,1,5,5,"2024-10-23 15:40:38.856131","20000.00"
77105,4,4,10,32,136,1400,5,1,1,"2024-12-23 05:10:10.099564","10000.00"
77106,4,4,10,32,136,1400,4,1,1,"2025-04-05 19:20:47.55491","5000.00"
77107,4,4,10,32,136,1400,3,1,1,"2024-11-14 16:28:51.570335","50000.00"
77108,4,4,10,32,136,1400,2,1,1,"2025-05-19 19:29:41.829131","150000.00"
77109,4,4,10,32,136,1400,1,1,1,"2024-10-22 02:00:38.230353","20000.00"
77112,4,4,10,32,137,1401,5,9,9,"2025-05-19 13:55:16.298303","10000.00"
77113,4,4,10,32,137,1401,4,9,9,"2025-04-26 22:33:11.974232","5000.00"
77114,4,4,10,32,137,1401,3,9,9,"2024-12-02 17:20:21.880377","50000.00"
77115,4,4,10,32,137,1401,2,9,9,"2025-02-22 04:42:49.401687","150000.00"
77116,4,4,10,32,137,1401,1,9,9,"2024-10-24 15:14:24.731585","20000.00"
77119,4,4,10,32,138,1402,5,10,10,"2024-10-12 09:21:05.314861","10000.00"
77120,4,4,10,32,138,1402,4,10,10,"2025-03-13 16:51:53.32739","5000.00"
77121,4,4,10,32,138,1402,3,10,10,"2025-06-05 01:40:58.878414","50000.00"
77122,4,4,10,32,138,1402,2,10,10,"2025-02-15 04:19:22.523367","150000.00"
77123,4,4,10,32,138,1402,1,10,10,"2024-10-28 08:06:51.633877","20000.00"
77127,4,4,11,33,139,1403,4,7,7,"2025-02-28 01:33:59.685738","5000.00"
77129,4,4,11,33,139,1403,2,7,7,"2025-02-12 00:42:35.619238","70000.00"
77130,4,4,11,33,139,1403,1,7,7,"2024-10-20 01:45:27.290789","20000.00"
77134,4,4,11,33,140,1404,4,5,5,"2024-11-28 20:44:37.665484","5000.00"
77136,4,4,11,33,140,1404,2,5,5,"2025-02-22 23:23:04.483559","70000.00"
77137,4,4,11,33,140,1404,1,5,5,"2024-10-16 10:47:04.808239","20000.00"
77141,4,4,11,33,141,1405,4,9,9,"2025-03-19 07:55:40.496439","5000.00"
77143,4,4,11,33,141,1405,2,9,9,"2025-03-21 10:17:20.168417","70000.00"
77144,4,4,11,33,141,1405,1,9,9,"2024-10-18 15:32:05.860584","20000.00"
77148,4,4,10,30,128,1406,4,3,3,"2024-10-05 20:51:00.866946","5000.00"
77150,4,4,10,30,128,1406,2,3,3,"2024-11-02 12:56:48.528492","70000.00"
77151,4,4,10,30,128,1406,1,3,3,"2024-10-07 14:14:14.475094","20000.00"
77155,4,4,10,30,129,1407,4,1,1,"2024-12-10 00:31:40.106098","5000.00"
77157,4,4,10,30,129,1407,2,1,1,"2024-12-04 17:53:07.446141","42000.00"
77158,4,4,10,30,129,1407,1,1,1,"2024-10-25 10:52:35.870984","20000.00"
77162,4,4,10,30,130,1408,4,10,10,"2024-11-19 04:48:14.982962","5000.00"
77164,4,4,10,30,130,1408,2,10,10,"2025-04-19 18:12:53.280212","42000.00"
77165,4,4,10,30,130,1408,1,10,10,"2024-10-01 20:26:01.539586","20000.00"
77169,4,4,10,31,131,1409,4,2,2,"2025-06-10 17:45:31.256111","5000.00"
77171,4,4,10,31,131,1409,2,2,2,"2024-11-27 15:38:44.497496","70000.00"
77172,4,4,10,31,131,1409,1,2,2,"2024-10-20 20:25:22.72268","20000.00"
77176,4,4,10,31,132,1410,4,9,9,"2024-10-25 12:14:17.581387","5000.00"
77178,4,4,10,31,132,1410,2,9,9,"2025-05-15 00:10:53.799002","42000.00"
77179,4,4,10,31,132,1410,1,9,9,"2024-10-13 10:40:11.05133","20000.00"
77183,4,4,10,31,133,1411,4,10,10,"2025-05-18 13:56:33.173864","5000.00"
77185,4,4,10,31,133,1411,2,10,10,"2025-01-14 00:35:41.406174","70000.00"
77186,4,4,10,31,133,1411,1,10,10,"2024-10-06 02:07:47.027336","20000.00"
77189,4,4,10,32,134,1412,5,6,6,"2024-11-27 19:49:25.948505","10000.00"
77190,4,4,10,32,134,1412,4,6,6,"2024-10-07 07:12:01.773253","5000.00"
77191,4,4,10,32,134,1412,3,6,6,"2025-06-24 09:18:49.729858","50000.00"
77192,4,4,10,32,134,1412,2,6,6,"2025-02-05 03:03:45.695219","90000.00"
77193,4,4,10,32,134,1412,1,6,6,"2024-10-11 02:34:36.924293","30000.00"
77197,4,4,10,32,135,1413,4,5,5,"2025-03-06 22:28:33.53676","5000.00"
77199,4,4,10,32,135,1413,2,5,5,"2024-10-08 17:24:50.264012","90000.00"
77200,4,4,10,32,135,1413,1,5,5,"2024-10-14 18:30:00.16243","20000.00"
77203,4,4,10,32,136,1414,5,8,8,"2025-06-06 03:37:08.220061","10000.00"
77204,4,4,10,32,136,1414,4,8,8,"2024-11-26 19:39:14.256195","5000.00"
77205,4,4,10,32,136,1414,3,8,8,"2024-11-23 10:59:23.916387","50000.00"
77206,4,4,10,32,136,1414,2,8,8,"2025-01-26 06:55:48.767924","150000.00"
77207,4,4,10,32,136,1414,1,8,8,"2024-10-08 00:13:55.316994","20000.00"
77210,4,4,10,32,137,1415,5,5,5,"2025-03-22 22:55:03.262945","10000.00"
77211,4,4,10,32,137,1415,4,5,5,"2025-04-08 02:48:59.228179","5000.00"
77212,4,4,10,32,137,1415,3,5,5,"2025-03-06 14:41:43.5859","50000.00"
77213,4,4,10,32,137,1415,2,5,5,"2025-04-10 00:25:58.300614","90000.00"
77214,4,4,10,32,137,1415,1,5,5,"2024-10-04 04:15:39.987585","20000.00"
77217,4,4,10,32,138,1416,5,9,9,"2024-12-11 21:31:37.926034","10000.00"
77218,4,4,10,32,138,1416,4,9,9,"2025-06-09 20:16:23.671757","5000.00"
77219,4,4,10,32,138,1416,3,9,9,"2025-04-05 21:47:34.012509","50000.00"
77220,4,4,10,32,138,1416,2,9,9,"2025-01-22 15:18:59.393688","150000.00"
77221,4,4,10,32,138,1416,1,9,9,"2024-10-11 13:49:01.713782","20000.00"
77225,4,4,11,33,139,1417,4,2,2,"2024-12-22 01:50:36.621031","5000.00"
77227,4,4,11,33,139,1417,2,2,2,"2025-06-23 01:04:01.611811","70000.00"
77228,4,4,11,33,139,1417,1,2,2,"2024-10-06 23:32:07.410436","20000.00"
77232,4,4,11,33,140,1418,4,6,6,"2025-03-15 09:14:01.930186","5000.00"
77234,4,4,11,33,140,1418,2,6,6,"2025-03-30 23:40:30.273379","42000.00"
77235,4,4,11,33,140,1418,1,6,6,"2024-10-30 01:10:19.94152","20000.00"
77239,4,4,11,33,141,1419,4,2,2,"2025-05-23 01:27:57.100754","5000.00"
77241,4,4,11,33,141,1419,2,2,2,"2025-06-01 19:49:07.297607","70000.00"
77242,4,4,11,33,141,1419,1,2,2,"2024-10-07 19:21:29.662048","20000.00"
77246,4,4,10,30,128,1420,4,5,5,"2025-06-14 20:54:41.267645","5000.00"
77248,4,4,10,30,128,1420,2,5,5,"2024-10-24 08:27:13.823637","42000.00"
77249,4,4,10,30,128,1420,1,5,5,"2024-10-25 09:15:44.363262","20000.00"
77253,4,4,10,30,129,1421,4,2,2,"2025-05-27 03:44:06.341448","5000.00"
77255,4,4,10,30,129,1421,2,2,2,"2024-10-10 12:27:50.701492","70000.00"
77256,4,4,10,30,129,1421,1,2,2,"2024-10-24 21:24:07.446828","20000.00"
77260,4,4,10,30,130,1422,4,2,2,"2025-06-06 17:51:37.807876","5000.00"
77262,4,4,10,30,130,1422,2,2,2,"2025-06-02 00:34:56.642183","42000.00"
77263,4,4,10,30,130,1422,1,2,2,"2024-10-12 05:20:26.506366","20000.00"
77267,4,4,10,31,131,1423,4,5,5,"2025-02-03 12:11:19.42448","5000.00"
77269,4,4,10,31,131,1423,2,5,5,"2025-05-09 12:01:36.463173","42000.00"
77270,4,4,10,31,131,1423,1,5,5,"2024-10-22 03:41:37.85647","20000.00"
77274,4,4,10,31,132,1424,4,3,3,"2024-10-04 08:16:12.270222","5000.00"
77276,4,4,10,31,132,1424,2,3,3,"2024-10-12 01:06:53.418836","70000.00"
77277,4,4,10,31,132,1424,1,3,3,"2024-10-07 00:11:19.066624","20000.00"
77281,4,4,10,31,133,1425,4,2,2,"2025-06-12 02:00:58.530275","5000.00"
77283,4,4,10,31,133,1425,2,2,2,"2024-12-14 19:16:19.668441","70000.00"
77284,4,4,10,31,133,1425,1,2,2,"2024-10-02 00:42:45.749225","20000.00"
77287,4,4,10,32,134,1426,5,3,3,"2025-04-08 10:53:45.769485","10000.00"
77288,4,4,10,32,134,1426,4,3,3,"2025-01-19 07:28:49.313514","5000.00"
77289,4,4,10,32,134,1426,3,3,3,"2024-12-27 02:56:13.391999","50000.00"
77290,4,4,10,32,134,1426,2,3,3,"2025-02-26 08:39:21.297621","150000.00"
77291,4,4,10,32,134,1426,1,3,3,"2024-10-30 05:42:43.454557","30000.00"
77295,4,4,10,32,135,1427,4,6,6,"2025-05-02 01:46:21.586045","5000.00"
77297,4,4,10,32,135,1427,2,6,6,"2025-03-23 19:43:43.365062","54000.00"
77298,4,4,10,32,135,1427,1,6,6,"2024-10-27 12:43:43.911795","20000.00"
77301,4,4,10,32,136,1428,5,6,6,"2025-03-23 10:06:27.127049","10000.00"
77302,4,4,10,32,136,1428,4,6,6,"2024-12-21 06:12:13.810855","5000.00"
77303,4,4,10,32,136,1428,3,6,6,"2024-10-07 10:30:49.794833","50000.00"
77304,4,4,10,32,136,1428,2,6,6,"2024-11-13 20:31:52.633667","90000.00"
77305,4,4,10,32,136,1428,1,6,6,"2024-10-02 00:23:50.889831","20000.00"
77308,4,4,10,32,137,1429,5,2,2,"2025-03-19 16:52:01.06362","10000.00"
77309,4,4,10,32,137,1429,4,2,2,"2025-02-26 08:44:22.602332","5000.00"
77310,4,4,10,32,137,1429,3,2,2,"2025-03-28 22:13:32.555088","50000.00"
77311,4,4,10,32,137,1429,2,2,2,"2025-01-20 23:56:30.403312","90000.00"
77312,4,4,10,32,137,1429,1,2,2,"2024-10-09 19:31:33.722709","20000.00"
77315,4,4,10,32,138,1430,5,7,7,"2025-03-05 14:49:48.746234","10000.00"
77316,4,4,10,32,138,1430,4,7,7,"2025-06-11 20:54:45.60652","5000.00"
77317,4,4,10,32,138,1430,3,7,7,"2024-11-29 09:57:19.223726","50000.00"
77318,4,4,10,32,138,1430,2,7,7,"2025-01-28 18:47:59.419523","90000.00"
77319,4,4,10,32,138,1430,1,7,7,"2024-10-09 14:22:47.514332","20000.00"
77323,4,4,11,33,139,1431,4,1,1,"2024-11-13 08:37:15.642593","5000.00"
77325,4,4,11,33,139,1431,2,1,1,"2025-05-10 10:31:56.863052","70000.00"
77326,4,4,11,33,139,1431,1,1,1,"2024-10-07 13:47:55.955829","20000.00"
77330,4,4,11,33,140,1432,4,8,8,"2025-01-23 10:04:34.440806","5000.00"
77332,4,4,11,33,140,1432,2,8,8,"2025-02-22 21:40:46.844741","70000.00"
77333,4,4,11,33,140,1432,1,8,8,"2024-10-10 07:51:21.319696","20000.00"
77337,4,4,11,33,141,1433,4,7,7,"2024-12-30 01:31:19.300472","5000.00"
77339,4,4,11,33,141,1433,2,7,7,"2024-12-25 01:43:40.347846","70000.00"
77340,4,4,11,33,141,1433,1,7,7,"2024-10-03 20:51:08.307947","20000.00"
77344,4,4,10,30,128,1434,4,2,2,"2025-05-27 13:40:39.918953","5000.00"
77346,4,4,10,30,128,1434,2,2,2,"2024-11-17 04:41:43.544802","70000.00"
77347,4,4,10,30,128,1434,1,2,2,"2024-10-29 00:02:45.613809","20000.00"
77351,4,4,10,30,129,1435,4,7,7,"2025-02-18 07:53:10.156273","5000.00"
77353,4,4,10,30,129,1435,2,7,7,"2025-03-09 13:28:03.947481","42000.00"
77354,4,4,10,30,129,1435,1,7,7,"2024-10-13 13:54:38.627387","20000.00"
77358,4,4,10,30,130,1436,4,2,2,"2025-06-02 14:54:18.145245","5000.00"
77360,4,4,10,30,130,1436,2,2,2,"2025-01-29 01:52:06.512625","70000.00"
77361,4,4,10,30,130,1436,1,2,2,"2024-10-08 09:56:59.042033","20000.00"
77365,4,4,10,31,131,1437,4,2,2,"2024-11-25 00:42:54.794515","5000.00"
77367,4,4,10,31,131,1437,2,2,2,"2025-02-25 18:57:14.967482","70000.00"
77368,4,4,10,31,131,1437,1,2,2,"2024-10-06 17:23:26.10917","20000.00"
77372,4,4,10,31,132,1438,4,4,4,"2024-10-03 02:28:42.243472","5000.00"
77374,4,4,10,31,132,1438,2,4,4,"2025-03-13 16:29:16.33536","42000.00"
77375,4,4,10,31,132,1438,1,4,4,"2024-10-30 08:01:21.866144","20000.00"
77379,4,4,10,31,133,1439,4,5,5,"2025-01-01 08:54:40.720787","5000.00"
77381,4,4,10,31,133,1439,2,5,5,"2025-06-14 11:44:03.802901","70000.00"
77382,4,4,10,31,133,1439,1,5,5,"2024-10-30 22:05:09.746027","20000.00"
77385,4,4,10,32,134,1440,5,4,4,"2024-12-01 21:18:19.107815","10000.00"
77386,4,4,10,32,134,1440,4,4,4,"2024-12-24 12:18:01.516739","5000.00"
77387,4,4,10,32,134,1440,3,4,4,"2025-03-28 00:24:35.693518","50000.00"
77388,4,4,10,32,134,1440,2,4,4,"2025-03-24 06:39:32.182352","90000.00"
77389,4,4,10,32,134,1440,1,4,4,"2024-10-21 01:59:04.631484","30000.00"
77393,4,4,10,32,135,1441,4,8,8,"2025-04-19 02:47:23.093821","5000.00"
77395,4,4,10,32,135,1441,2,8,8,"2024-12-29 06:24:34.366213","90000.00"
77396,4,4,10,32,135,1441,1,8,8,"2024-10-25 01:37:45.261055","20000.00"
77399,4,4,10,32,136,1442,5,2,2,"2025-06-22 01:07:07.562984","10000.00"
77400,4,4,10,32,136,1442,4,2,2,"2024-12-14 14:32:52.882178","5000.00"
77401,4,4,10,32,136,1442,3,2,2,"2024-10-26 12:32:24.333765","50000.00"
77402,4,4,10,32,136,1442,2,2,2,"2025-04-13 01:42:02.409492","150000.00"
77403,4,4,10,32,136,1442,1,2,2,"2024-10-11 13:44:48.294956","20000.00"
77406,4,4,10,32,137,1443,5,6,6,"2025-06-10 22:28:02.420763","10000.00"
77407,4,4,10,32,137,1443,4,6,6,"2025-01-30 10:34:58.453203","5000.00"
77408,4,4,10,32,137,1443,3,6,6,"2025-03-06 15:30:38.705591","50000.00"
77409,4,4,10,32,137,1443,2,6,6,"2025-05-29 00:23:32.866541","150000.00"
77410,4,4,10,32,137,1443,1,6,6,"2024-10-02 19:23:18.509971","20000.00"
77413,4,4,10,32,138,1444,5,1,1,"2025-04-29 05:49:23.224154","10000.00"
77414,4,4,10,32,138,1444,4,1,1,"2025-04-10 03:35:56.555304","5000.00"
77415,4,4,10,32,138,1444,3,1,1,"2024-10-14 03:56:33.045344","50000.00"
77416,4,4,10,32,138,1444,2,1,1,"2025-03-13 11:04:23.376113","90000.00"
77417,4,4,10,32,138,1444,1,1,1,"2024-10-06 20:25:26.998253","20000.00"
77421,4,4,11,33,139,1445,4,2,2,"2025-05-18 11:22:56.071839","5000.00"
77423,4,4,11,33,139,1445,2,2,2,"2024-10-06 05:17:36.766534","70000.00"
77424,4,4,11,33,139,1445,1,2,2,"2024-10-13 10:34:22.425934","20000.00"
77428,4,4,11,33,140,1446,4,5,5,"2025-04-26 18:18:36.833789","5000.00"
77430,4,4,11,33,140,1446,2,5,5,"2024-10-27 19:05:25.628196","70000.00"
77431,4,4,11,33,140,1446,1,5,5,"2024-10-19 21:14:35.058383","20000.00"
77435,4,4,11,33,141,1447,4,7,7,"2024-12-08 12:06:27.964727","5000.00"
77437,4,4,11,33,141,1447,2,7,7,"2025-04-23 07:27:38.083815","42000.00"
77438,4,4,11,33,141,1447,1,7,7,"2024-10-17 13:09:00.838005","20000.00"
77442,4,4,10,30,128,1448,4,6,6,"2025-05-28 10:59:11.122359","5000.00"
77444,4,4,10,30,128,1448,2,6,6,"2024-12-15 08:57:20.419152","42000.00"
77445,4,4,10,30,128,1448,1,6,6,"2024-10-31 04:06:40.704625","20000.00"
77449,4,4,10,30,129,1449,4,1,1,"2024-11-17 13:09:22.047705","5000.00"
77451,4,4,10,30,129,1449,2,1,1,"2024-11-23 00:12:01.262728","70000.00"
77452,4,4,10,30,129,1449,1,1,1,"2024-10-17 13:47:12.848481","20000.00"
77456,4,4,10,30,130,1450,4,2,2,"2024-12-23 19:47:05.621453","5000.00"
77458,4,4,10,30,130,1450,2,2,2,"2025-02-17 04:51:13.803345","42000.00"
77459,4,4,10,30,130,1450,1,2,2,"2024-10-24 19:56:43.377485","20000.00"
77463,4,4,10,31,131,1451,4,5,5,"2024-10-20 11:10:39.31376","5000.00"
77465,4,4,10,31,131,1451,2,5,5,"2025-01-01 08:07:49.627988","70000.00"
77466,4,4,10,31,131,1451,1,5,5,"2024-10-27 20:07:22.288764","20000.00"
77470,4,4,10,31,132,1452,4,10,10,"2025-02-17 20:58:24.697479","5000.00"
77472,4,4,10,31,132,1452,2,10,10,"2025-02-17 22:24:58.537708","70000.00"
77473,4,4,10,31,132,1452,1,10,10,"2024-10-23 11:29:48.840525","20000.00"
77477,4,4,10,31,133,1453,4,10,10,"2025-02-02 19:55:16.878034","5000.00"
77479,4,4,10,31,133,1453,2,10,10,"2025-05-13 06:47:40.478684","42000.00"
77480,4,4,10,31,133,1453,1,10,10,"2024-10-18 06:06:11.536357","20000.00"
77483,4,4,10,32,134,1454,5,2,2,"2024-11-30 04:18:02.90654","10000.00"
77484,4,4,10,32,134,1454,4,2,2,"2025-05-29 19:02:02.929448","5000.00"
77485,4,4,10,32,134,1454,3,2,2,"2025-02-07 21:34:24.967514","50000.00"
77486,4,4,10,32,134,1454,2,2,2,"2024-12-26 07:24:42.056179","90000.00"
77487,4,4,10,32,134,1454,1,2,2,"2024-10-21 11:51:45.217932","30000.00"
77491,4,4,10,32,135,1455,4,7,7,"2025-01-07 03:19:59.160772","5000.00"
77493,4,4,10,32,135,1455,2,7,7,"2024-11-14 11:57:19.645905","90000.00"
77494,4,4,10,32,135,1455,1,7,7,"2024-10-09 22:20:19.119916","20000.00"
77497,4,4,10,32,136,1456,5,7,7,"2025-02-07 07:52:48.53523","10000.00"
77498,4,4,10,32,136,1456,4,7,7,"2024-12-01 18:00:36.46408","5000.00"
77499,4,4,10,32,136,1456,3,7,7,"2024-11-30 13:19:04.111668","50000.00"
77500,4,4,10,32,136,1456,2,7,7,"2025-04-15 01:10:05.985976","90000.00"
77501,4,4,10,32,136,1456,1,7,7,"2024-10-02 08:25:17.758364","20000.00"
77504,4,4,10,32,137,1457,5,9,9,"2025-01-04 17:35:48.297656","10000.00"
77505,4,4,10,32,137,1457,4,9,9,"2025-06-05 00:33:46.688591","5000.00"
77506,4,4,10,32,137,1457,3,9,9,"2025-04-27 22:20:07.738567","50000.00"
77507,4,4,10,32,137,1457,2,9,9,"2024-10-23 05:23:44.541099","150000.00"
77508,4,4,10,32,137,1457,1,9,9,"2024-10-30 02:08:20.16387","20000.00"
77511,4,4,10,32,138,1458,5,2,2,"2025-04-03 05:31:44.588809","10000.00"
77512,4,4,10,32,138,1458,4,2,2,"2024-10-27 06:19:11.158646","5000.00"
77513,4,4,10,32,138,1458,3,2,2,"2025-06-10 08:05:30.536321","50000.00"
77514,4,4,10,32,138,1458,2,2,2,"2025-06-10 00:15:09.582552","150000.00"
77515,4,4,10,32,138,1458,1,2,2,"2024-10-03 17:34:43.918111","20000.00"
77519,4,4,11,33,139,1459,4,3,3,"2024-11-28 21:12:03.873742","5000.00"
77521,4,4,11,33,139,1459,2,3,3,"2025-04-01 06:11:29.195832","70000.00"
77522,4,4,11,33,139,1459,1,3,3,"2024-10-03 10:02:51.031521","20000.00"
77526,4,4,11,33,140,1460,4,8,8,"2025-03-23 12:40:37.716793","5000.00"
77528,4,4,11,33,140,1460,2,8,8,"2024-11-18 18:57:39.832342","70000.00"
77529,4,4,11,33,140,1460,1,8,8,"2024-10-11 20:10:12.51712","20000.00"
77533,4,4,11,33,141,1461,4,5,5,"2024-10-21 16:57:29.062898","5000.00"
77535,4,4,11,33,141,1461,2,5,5,"2025-01-17 12:15:56.808579","42000.00"
77536,4,4,11,33,141,1461,1,5,5,"2024-10-06 19:57:26.655413","20000.00"
77540,4,4,10,30,128,1462,4,8,8,"2025-04-12 05:35:04.824285","5000.00"
77542,4,4,10,30,128,1462,2,8,8,"2025-03-16 16:30:21.609959","70000.00"
77543,4,4,10,30,128,1462,1,8,8,"2024-10-30 13:17:44.69317","20000.00"
77547,4,4,10,30,129,1463,4,8,8,"2025-04-22 00:25:34.706159","5000.00"
77549,4,4,10,30,129,1463,2,8,8,"2025-01-14 05:17:06.814341","42000.00"
77550,4,4,10,30,129,1463,1,8,8,"2024-10-06 22:59:52.210827","20000.00"
77554,4,4,10,30,130,1464,4,6,6,"2024-11-19 23:22:31.350012","5000.00"
77556,4,4,10,30,130,1464,2,6,6,"2025-04-02 08:59:50.413884","42000.00"
77557,4,4,10,30,130,1464,1,6,6,"2024-10-07 05:02:54.380153","20000.00"
77561,4,4,10,31,131,1465,4,2,2,"2025-05-15 13:42:01.07439","5000.00"
77563,4,4,10,31,131,1465,2,2,2,"2025-05-23 03:10:06.086086","70000.00"
77564,4,4,10,31,131,1465,1,2,2,"2024-10-18 16:23:20.542679","20000.00"
77568,4,4,10,31,132,1466,4,8,8,"2024-12-15 08:26:12.138943","5000.00"
77570,4,4,10,31,132,1466,2,8,8,"2024-11-23 09:05:57.105988","70000.00"
77571,4,4,10,31,132,1466,1,8,8,"2024-10-06 09:28:39.866805","20000.00"
77575,4,4,10,31,133,1467,4,6,6,"2024-12-22 12:22:48.196162","5000.00"
77577,4,4,10,31,133,1467,2,6,6,"2024-12-27 09:29:47.009079","70000.00"
77578,4,4,10,31,133,1467,1,6,6,"2024-10-09 20:12:29.643071","20000.00"
77581,4,4,10,32,134,1468,5,2,2,"2025-05-19 16:00:54.719668","10000.00"
77582,4,4,10,32,134,1468,4,2,2,"2024-11-17 17:05:32.919795","5000.00"
77583,4,4,10,32,134,1468,3,2,2,"2024-11-15 02:48:40.069157","50000.00"
77584,4,4,10,32,134,1468,2,2,2,"2025-04-26 11:03:04.379007","150000.00"
77585,4,4,10,32,134,1468,1,2,2,"2024-10-13 07:59:36.248017","30000.00"
77589,4,4,10,32,135,1469,4,1,1,"2025-03-25 22:14:33.505285","5000.00"
77591,4,4,10,32,135,1469,2,1,1,"2024-10-15 13:34:58.666549","90000.00"
77592,4,4,10,32,135,1469,1,1,1,"2024-10-03 06:35:52.860458","20000.00"
77595,4,4,10,32,136,1470,5,5,5,"2025-02-03 08:16:32.520654","10000.00"
77596,4,4,10,32,136,1470,4,5,5,"2025-05-26 03:55:22.390569","5000.00"
77597,4,4,10,32,136,1470,3,5,5,"2025-03-28 01:04:36.89245","50000.00"
77598,4,4,10,32,136,1470,2,5,5,"2025-01-07 18:51:59.466996","90000.00"
77599,4,4,10,32,136,1470,1,5,5,"2024-10-18 00:25:18.680075","20000.00"
77602,4,4,10,32,137,1471,5,7,7,"2025-01-06 10:51:35.98284","10000.00"
77603,4,4,10,32,137,1471,4,7,7,"2024-12-09 15:18:07.980976","5000.00"
77604,4,4,10,32,137,1471,3,7,7,"2024-10-03 22:53:45.497126","50000.00"
77605,4,4,10,32,137,1471,2,7,7,"2025-05-08 21:16:14.359708","90000.00"
77606,4,4,10,32,137,1471,1,7,7,"2024-10-07 13:34:16.364827","20000.00"
77609,4,4,10,32,138,1472,5,7,7,"2024-12-07 10:30:05.998048","10000.00"
77610,4,4,10,32,138,1472,4,7,7,"2024-12-03 19:18:17.782269","5000.00"
77611,4,4,10,32,138,1472,3,7,7,"2024-12-28 18:03:11.019615","50000.00"
77612,4,4,10,32,138,1472,2,7,7,"2024-12-13 19:09:49.742488","90000.00"
77613,4,4,10,32,138,1472,1,7,7,"2024-10-11 05:14:01.079256","20000.00"
77617,4,4,11,33,139,1473,4,3,3,"2025-01-11 21:38:39.829943","5000.00"
77619,4,4,11,33,139,1473,2,3,3,"2025-03-03 23:04:02.879616","70000.00"
77620,4,4,11,33,139,1473,1,3,3,"2024-10-14 10:36:45.721325","20000.00"
77624,4,4,11,33,140,1474,4,5,5,"2025-06-18 19:25:13.72045","5000.00"
77626,4,4,11,33,140,1474,2,5,5,"2025-03-09 05:37:52.095433","42000.00"
77627,4,4,11,33,140,1474,1,5,5,"2024-10-15 03:33:11.266645","20000.00"
77631,4,4,11,33,141,1475,4,3,3,"2025-02-18 05:15:47.236265","5000.00"
77633,4,4,11,33,141,1475,2,3,3,"2025-01-24 01:20:08.226335","42000.00"
77634,4,4,11,33,141,1475,1,3,3,"2024-10-17 00:22:36.892211","20000.00"
77638,4,4,10,30,128,1476,4,2,2,"2025-03-31 14:36:58.865213","5000.00"
77640,4,4,10,30,128,1476,2,2,2,"2024-12-23 22:15:49.871333","42000.00"
77641,4,4,10,30,128,1476,1,2,2,"2024-10-04 05:41:49.593124","20000.00"
77645,4,4,10,30,129,1477,4,9,9,"2024-10-08 14:27:49.530567","5000.00"
77647,4,4,10,30,129,1477,2,9,9,"2025-05-06 12:13:18.614827","42000.00"
77648,4,4,10,30,129,1477,1,9,9,"2024-10-29 16:58:40.835838","20000.00"
77652,4,4,10,30,130,1478,4,8,8,"2024-10-14 04:10:58.598131","5000.00"
77654,4,4,10,30,130,1478,2,8,8,"2025-02-01 04:12:59.266415","42000.00"
77655,4,4,10,30,130,1478,1,8,8,"2024-10-09 09:42:43.271795","20000.00"
77659,4,4,10,31,131,1479,4,9,9,"2025-05-05 23:07:58.438422","5000.00"
77661,4,4,10,31,131,1479,2,9,9,"2025-04-06 14:51:46.75398","70000.00"
77662,4,4,10,31,131,1479,1,9,9,"2024-10-24 03:07:06.734086","20000.00"
77666,4,4,10,31,132,1480,4,2,2,"2025-03-30 17:05:16.658787","5000.00"
77668,4,4,10,31,132,1480,2,2,2,"2025-02-13 07:25:20.356909","42000.00"
77669,4,4,10,31,132,1480,1,2,2,"2024-10-26 11:24:24.304477","20000.00"
77673,4,4,10,31,133,1481,4,2,2,"2025-04-17 03:23:07.904293","5000.00"
77675,4,4,10,31,133,1481,2,2,2,"2025-05-05 13:23:14.736811","42000.00"
77676,4,4,10,31,133,1481,1,2,2,"2024-10-11 11:26:14.204249","20000.00"
77679,4,4,10,32,134,1482,5,1,1,"2025-01-12 06:03:37.003626","10000.00"
77680,4,4,10,32,134,1482,4,1,1,"2025-03-09 16:18:28.531681","5000.00"
77681,4,4,10,32,134,1482,3,1,1,"2025-06-08 18:21:16.201653","50000.00"
77682,4,4,10,32,134,1482,2,1,1,"2025-03-19 11:35:03.409153","90000.00"
77683,4,4,10,32,134,1482,1,1,1,"2024-10-22 19:26:17.895479","30000.00"
77687,4,4,10,32,135,1483,4,5,5,"2025-03-29 08:39:18.49792","5000.00"
77689,4,4,10,32,135,1483,2,5,5,"2024-11-23 16:25:11.857558","90000.00"
77690,4,4,10,32,135,1483,1,5,5,"2024-10-01 08:49:27.97694","20000.00"
77693,4,4,10,32,136,1484,5,3,3,"2025-02-05 03:38:29.313591","10000.00"
77694,4,4,10,32,136,1484,4,3,3,"2024-11-15 06:15:13.241536","5000.00"
77695,4,4,10,32,136,1484,3,3,3,"2024-12-14 15:14:03.333112","50000.00"
77696,4,4,10,32,136,1484,2,3,3,"2024-12-31 08:31:53.947383","150000.00"
77697,4,4,10,32,136,1484,1,3,3,"2024-10-30 13:31:54.107738","20000.00"
77700,4,4,10,32,137,1485,5,9,9,"2025-04-19 02:10:25.11533","10000.00"
77701,4,4,10,32,137,1485,4,9,9,"2025-06-26 00:58:52.911823","5000.00"
77702,4,4,10,32,137,1485,3,9,9,"2025-03-02 23:11:44.671849","50000.00"
77703,4,4,10,32,137,1485,2,9,9,"2025-06-11 05:21:12.148071","150000.00"
77704,4,4,10,32,137,1485,1,9,9,"2024-10-03 10:35:46.078408","20000.00"
77707,4,4,10,32,138,1486,5,10,10,"2025-01-06 11:53:27.711849","10000.00"
77708,4,4,10,32,138,1486,4,10,10,"2025-02-14 05:18:30.944588","5000.00"
77709,4,4,10,32,138,1486,3,10,10,"2025-01-24 09:08:28.878575","50000.00"
77710,4,4,10,32,138,1486,2,10,10,"2024-11-12 10:19:31.697866","90000.00"
77711,4,4,10,32,138,1486,1,10,10,"2024-10-08 01:30:48.864067","20000.00"
77715,4,4,11,33,139,1487,4,7,7,"2024-11-12 02:43:36.187992","5000.00"
77717,4,4,11,33,139,1487,2,7,7,"2024-10-27 14:50:12.103212","42000.00"
77718,4,4,11,33,139,1487,1,7,7,"2024-10-13 11:59:15.241017","20000.00"
77722,4,4,11,33,140,1488,4,6,6,"2025-06-20 18:06:49.860099","5000.00"
77724,4,4,11,33,140,1488,2,6,6,"2025-05-19 20:31:46.011266","70000.00"
77725,4,4,11,33,140,1488,1,6,6,"2024-10-09 22:21:53.523954","20000.00"
77729,4,4,11,33,141,1489,4,10,10,"2024-10-04 10:11:30.653916","5000.00"
77731,4,4,11,33,141,1489,2,10,10,"2025-03-26 00:26:06.352185","42000.00"
77732,4,4,11,33,141,1489,1,10,10,"2024-10-27 23:52:39.066247","20000.00"
77736,4,4,10,30,128,1490,4,9,9,"2025-06-11 09:45:21.915174","5000.00"
77738,4,4,10,30,128,1490,2,9,9,"2025-01-20 09:45:26.744136","70000.00"
77739,4,4,10,30,128,1490,1,9,9,"2024-10-28 22:37:12.342784","20000.00"
77743,4,4,10,30,129,1491,4,5,5,"2025-01-14 03:08:49.375537","5000.00"
77745,4,4,10,30,129,1491,2,5,5,"2024-10-18 02:36:46.698006","70000.00"
77746,4,4,10,30,129,1491,1,5,5,"2024-10-09 06:23:20.529725","20000.00"
77750,4,4,10,30,130,1492,4,4,4,"2025-02-28 09:52:42.548778","5000.00"
77752,4,4,10,30,130,1492,2,4,4,"2025-01-18 18:07:15.336415","70000.00"
77753,4,4,10,30,130,1492,1,4,4,"2024-10-01 19:22:41.111592","20000.00"
77757,4,4,10,31,131,1493,4,9,9,"2025-04-02 03:48:12.253792","5000.00"
77759,4,4,10,31,131,1493,2,9,9,"2024-10-17 22:07:10.893523","70000.00"
77760,4,4,10,31,131,1493,1,9,9,"2024-10-25 16:26:00.809148","20000.00"
77764,4,4,10,31,132,1494,4,9,9,"2025-02-06 10:08:35.522484","5000.00"
77766,4,4,10,31,132,1494,2,9,9,"2024-12-24 09:05:54.590726","42000.00"
77767,4,4,10,31,132,1494,1,9,9,"2024-10-23 21:04:54.984685","20000.00"
77771,4,4,10,31,133,1495,4,7,7,"2024-10-02 00:09:12.577541","5000.00"
77773,4,4,10,31,133,1495,2,7,7,"2024-11-03 07:00:27.778661","42000.00"
77774,4,4,10,31,133,1495,1,7,7,"2024-10-22 21:35:30.206615","20000.00"
77777,4,4,10,32,134,1496,5,9,9,"2024-10-19 10:59:57.983046","10000.00"
77778,4,4,10,32,134,1496,4,9,9,"2024-10-10 03:34:52.028131","5000.00"
77779,4,4,10,32,134,1496,3,9,9,"2024-10-09 14:22:11.044811","50000.00"
77780,4,4,10,32,134,1496,2,9,9,"2024-10-04 02:24:55.546384","150000.00"
77781,4,4,10,32,134,1496,1,9,9,"2024-10-27 14:54:38.605785","30000.00"
77785,4,4,10,32,135,1497,4,5,5,"2025-01-19 16:50:37.273877","5000.00"
77787,4,4,10,32,135,1497,2,5,5,"2025-06-19 02:07:35.774156","90000.00"
77788,4,4,10,32,135,1497,1,5,5,"2024-10-27 15:01:44.30095","20000.00"
77791,4,4,10,32,136,1498,5,4,4,"2024-12-26 23:44:13.962405","10000.00"
77792,4,4,10,32,136,1498,4,4,4,"2025-04-17 04:21:14.566623","5000.00"
77793,4,4,10,32,136,1498,3,4,4,"2025-02-01 20:02:44.148322","50000.00"
77794,4,4,10,32,136,1498,2,4,4,"2024-11-04 17:02:12.677931","150000.00"
77795,4,4,10,32,136,1498,1,4,4,"2024-10-28 04:41:42.409315","20000.00"
77798,4,4,10,32,137,1499,5,3,3,"2024-11-15 10:26:47.372464","10000.00"
77799,4,4,10,32,137,1499,4,3,3,"2024-10-16 19:45:36.565525","5000.00"
77800,4,4,10,32,137,1499,3,3,3,"2025-01-19 20:58:52.628861","50000.00"
77801,4,4,10,32,137,1499,2,3,3,"2025-05-02 04:27:28.736718","150000.00"
77802,4,4,10,32,137,1499,1,3,3,"2024-10-11 19:45:55.824777","20000.00"
77805,4,4,10,32,138,1500,5,1,1,"2025-02-11 15:44:47.709399","10000.00"
77806,4,4,10,32,138,1500,4,1,1,"2025-01-26 10:40:54.544045","5000.00"
77807,4,4,10,32,138,1500,3,1,1,"2025-01-08 14:38:11.604754","50000.00"
77808,4,4,10,32,138,1500,2,1,1,"2025-02-06 09:07:40.426224","150000.00"
77809,4,4,10,32,138,1500,1,1,1,"2024-10-01 21:32:10.200134","20000.00"
77813,4,4,11,33,139,1501,4,1,1,"2024-11-14 09:21:55.628373","5000.00"
77815,4,4,11,33,139,1501,2,1,1,"2025-04-22 00:04:23.680346","42000.00"
77816,4,4,11,33,139,1501,1,1,1,"2024-10-15 12:23:01.486686","20000.00"
77820,4,4,11,33,140,1502,4,4,4,"2024-11-14 22:40:38.328173","5000.00"
77822,4,4,11,33,140,1502,2,4,4,"2025-06-27 11:52:39.60921","42000.00"
77823,4,4,11,33,140,1502,1,4,4,"2024-10-12 19:57:49.594178","20000.00"
77827,4,4,11,33,141,1503,4,7,7,"2025-04-16 16:38:40.679898","5000.00"
77829,4,4,11,33,141,1503,2,7,7,"2025-06-22 05:37:51.839071","70000.00"
77830,4,4,11,33,141,1503,1,7,7,"2024-10-17 11:28:10.878854","20000.00"
77834,4,4,10,30,128,1504,4,5,5,"2024-12-20 11:00:07.171931","5000.00"
77836,4,4,10,30,128,1504,2,5,5,"2024-12-18 20:42:56.912243","70000.00"
77837,4,4,10,30,128,1504,1,5,5,"2024-10-20 23:09:12.738715","20000.00"
77841,4,4,10,30,129,1505,4,8,8,"2025-04-01 21:56:39.971366","5000.00"
77843,4,4,10,30,129,1505,2,8,8,"2024-11-23 05:31:08.140961","70000.00"
77844,4,4,10,30,129,1505,1,8,8,"2024-10-07 12:53:17.698033","20000.00"
77848,4,4,10,30,130,1506,4,3,3,"2024-10-15 07:29:16.002194","5000.00"
77850,4,4,10,30,130,1506,2,3,3,"2025-01-21 06:30:03.350381","70000.00"
77851,4,4,10,30,130,1506,1,3,3,"2024-10-24 15:52:15.778","20000.00"
77855,4,4,10,31,131,1507,4,6,6,"2025-05-24 06:53:09.876403","5000.00"
77857,4,4,10,31,131,1507,2,6,6,"2025-04-27 05:37:36.520296","42000.00"
77858,4,4,10,31,131,1507,1,6,6,"2024-10-16 03:22:50.271769","20000.00"
77862,4,4,10,31,132,1508,4,6,6,"2025-06-18 04:12:46.839755","5000.00"
77864,4,4,10,31,132,1508,2,6,6,"2024-12-11 20:31:27.802645","70000.00"
77865,4,4,10,31,132,1508,1,6,6,"2024-10-09 07:55:13.808983","20000.00"
77869,4,4,10,31,133,1509,4,6,6,"2025-02-02 23:47:27.806989","5000.00"
77871,4,4,10,31,133,1509,2,6,6,"2025-05-09 13:19:04.700792","70000.00"
77872,4,4,10,31,133,1509,1,6,6,"2024-10-06 07:56:18.02607","20000.00"
77875,4,4,10,32,134,1510,5,10,10,"2025-03-21 20:09:15.206385","10000.00"
77876,4,4,10,32,134,1510,4,10,10,"2025-05-10 07:48:28.006104","5000.00"
77877,4,4,10,32,134,1510,3,10,10,"2025-01-21 08:36:23.744149","50000.00"
77878,4,4,10,32,134,1510,2,10,10,"2024-12-12 13:32:54.277331","150000.00"
77879,4,4,10,32,134,1510,1,10,10,"2024-10-31 06:15:36.592695","30000.00"
77883,4,4,10,32,135,1511,4,2,2,"2025-05-11 19:26:20.221277","5000.00"
77885,4,4,10,32,135,1511,2,2,2,"2025-05-30 09:45:38.756613","54000.00"
77886,4,4,10,32,135,1511,1,2,2,"2024-10-02 16:42:49.266374","20000.00"
77889,4,4,10,32,136,1512,5,7,7,"2024-12-23 12:30:51.291717","10000.00"
77890,4,4,10,32,136,1512,4,7,7,"2025-04-09 15:30:56.066468","5000.00"
77891,4,4,10,32,136,1512,3,7,7,"2024-11-29 12:36:55.172335","50000.00"
77892,4,4,10,32,136,1512,2,7,7,"2025-04-17 20:05:36.766726","90000.00"
77893,4,4,10,32,136,1512,1,7,7,"2024-10-25 11:50:21.887406","20000.00"
77896,4,4,10,32,137,1513,5,1,1,"2025-02-12 12:35:32.15287","10000.00"
77897,4,4,10,32,137,1513,4,1,1,"2024-10-12 05:47:54.731575","5000.00"
77898,4,4,10,32,137,1513,3,1,1,"2025-04-29 11:10:12.637738","50000.00"
77899,4,4,10,32,137,1513,2,1,1,"2024-10-15 05:56:00.778442","150000.00"
77900,4,4,10,32,137,1513,1,1,1,"2024-10-02 07:36:53.645914","20000.00"
77903,4,4,10,32,138,1514,5,9,9,"2025-03-12 11:32:22.86129","10000.00"
77904,4,4,10,32,138,1514,4,9,9,"2025-05-21 10:36:36.832592","5000.00"
77905,4,4,10,32,138,1514,3,9,9,"2024-10-18 21:49:23.525597","50000.00"
77906,4,4,10,32,138,1514,2,9,9,"2025-02-25 11:44:51.843529","150000.00"
77907,4,4,10,32,138,1514,1,9,9,"2024-10-22 05:16:09.277801","20000.00"
77911,4,4,11,33,139,1515,4,9,9,"2024-10-18 14:13:56.976945","5000.00"
77913,4,4,11,33,139,1515,2,9,9,"2024-10-02 14:56:26.71184","70000.00"
77914,4,4,11,33,139,1515,1,9,9,"2024-10-14 00:44:19.392308","20000.00"
77918,4,4,11,33,140,1516,4,3,3,"2025-03-18 21:39:09.101355","5000.00"
77920,4,4,11,33,140,1516,2,3,3,"2025-02-06 15:38:54.635477","42000.00"
77921,4,4,11,33,140,1516,1,3,3,"2024-10-28 07:58:58.930866","20000.00"
77925,4,4,11,33,141,1517,4,9,9,"2024-10-30 04:58:10.032908","5000.00"
77927,4,4,11,33,141,1517,2,9,9,"2025-04-13 08:01:56.221788","70000.00"
77928,4,4,11,33,141,1517,1,9,9,"2024-10-11 14:57:22.759638","20000.00"
77932,4,4,10,30,128,1518,4,9,9,"2025-05-25 23:53:08.498387","5000.00"
77934,4,4,10,30,128,1518,2,9,9,"2025-03-08 19:11:11.96277","42000.00"
77935,4,4,10,30,128,1518,1,9,9,"2024-10-15 15:17:46.356374","20000.00"
77939,4,4,10,30,129,1519,4,3,3,"2024-10-20 05:18:57.839626","5000.00"
77941,4,4,10,30,129,1519,2,3,3,"2025-04-18 21:50:16.263148","42000.00"
77942,4,4,10,30,129,1519,1,3,3,"2024-10-07 06:59:00.800554","20000.00"
77946,4,4,10,30,130,1520,4,3,3,"2024-11-29 15:19:59.986923","5000.00"
77948,4,4,10,30,130,1520,2,3,3,"2025-01-20 02:29:22.370104","42000.00"
77949,4,4,10,30,130,1520,1,3,3,"2024-10-18 12:38:32.148665","20000.00"
77953,4,4,10,31,131,1521,4,6,6,"2025-06-03 10:08:10.334888","5000.00"
77955,4,4,10,31,131,1521,2,6,6,"2025-05-10 10:54:13.188616","42000.00"
77956,4,4,10,31,131,1521,1,6,6,"2024-10-15 08:21:05.66139","20000.00"
77960,4,4,10,31,132,1522,4,2,2,"2024-12-06 02:30:54.689605","5000.00"
77962,4,4,10,31,132,1522,2,2,2,"2024-12-25 01:44:00.267325","70000.00"
77963,4,4,10,31,132,1522,1,2,2,"2024-10-12 23:19:48.615463","20000.00"
77967,4,4,10,31,133,1523,4,3,3,"2024-12-05 03:49:33.086523","5000.00"
77969,4,4,10,31,133,1523,2,3,3,"2025-03-06 22:33:39.539453","70000.00"
77970,4,4,10,31,133,1523,1,3,3,"2024-10-08 21:04:44.456744","20000.00"
77973,4,4,10,32,134,1524,5,4,4,"2025-01-28 00:58:25.054207","10000.00"
77974,4,4,10,32,134,1524,4,4,4,"2025-04-24 20:20:20.352548","5000.00"
77975,4,4,10,32,134,1524,3,4,4,"2024-11-20 15:15:27.097508","50000.00"
77976,4,4,10,32,134,1524,2,4,4,"2025-01-22 15:56:20.780895","90000.00"
77977,4,4,10,32,134,1524,1,4,4,"2024-10-23 22:10:16.456082","30000.00"
77981,4,4,10,32,135,1525,4,3,3,"2025-02-24 14:51:12.806789","5000.00"
77983,4,4,10,32,135,1525,2,3,3,"2025-03-29 21:54:28.771025","90000.00"
77984,4,4,10,32,135,1525,1,3,3,"2024-10-04 18:18:34.063931","20000.00"
77987,4,4,10,32,136,1526,5,6,6,"2025-06-26 00:41:53.288763","10000.00"
77988,4,4,10,32,136,1526,4,6,6,"2024-10-20 11:31:44.444803","5000.00"
77989,4,4,10,32,136,1526,3,6,6,"2025-05-03 18:28:39.991914","50000.00"
77990,4,4,10,32,136,1526,2,6,6,"2025-03-20 05:45:37.856516","150000.00"
77991,4,4,10,32,136,1526,1,6,6,"2024-10-09 07:16:04.044049","20000.00"
77994,4,4,10,32,137,1527,5,10,10,"2025-06-23 15:42:56.715302","10000.00"
77995,4,4,10,32,137,1527,4,10,10,"2025-05-08 00:35:41.300013","5000.00"
77996,4,4,10,32,137,1527,3,10,10,"2024-10-16 18:26:04.872601","50000.00"
77997,4,4,10,32,137,1527,2,10,10,"2025-04-27 10:01:30.888747","90000.00"
77998,4,4,10,32,137,1527,1,10,10,"2024-10-07 23:19:46.678807","20000.00"
78001,4,4,10,32,138,1528,5,8,8,"2025-02-24 21:14:45.548468","10000.00"
78002,4,4,10,32,138,1528,4,8,8,"2024-11-15 11:27:27.906817","5000.00"
78003,4,4,10,32,138,1528,3,8,8,"2025-05-07 23:42:23.888122","50000.00"
78004,4,4,10,32,138,1528,2,8,8,"2025-06-19 09:13:09.402993","150000.00"
78005,4,4,10,32,138,1528,1,8,8,"2024-10-25 15:18:20.719937","20000.00"
78009,4,4,11,33,139,1529,4,8,8,"2024-11-27 08:40:05.721907","5000.00"
78011,4,4,11,33,139,1529,2,8,8,"2025-01-24 12:47:50.526819","70000.00"
78012,4,4,11,33,139,1529,1,8,8,"2024-10-02 12:02:18.372456","20000.00"
78016,4,4,11,33,140,1530,4,6,6,"2025-01-21 01:01:36.403816","5000.00"
78018,4,4,11,33,140,1530,2,6,6,"2025-05-11 09:49:58.311352","42000.00"
78019,4,4,11,33,140,1530,1,6,6,"2024-10-29 06:48:00.67677","20000.00"
78023,4,4,11,33,141,1531,4,7,7,"2025-05-19 15:17:11.167622","5000.00"
78025,4,4,11,33,141,1531,2,7,7,"2025-05-24 17:46:30.866964","70000.00"
78026,4,4,11,33,141,1531,1,7,7,"2024-10-24 01:35:12.813172","20000.00"
78030,4,4,10,30,128,1532,4,4,4,"2025-02-04 18:27:45.092193","5000.00"
78032,4,4,10,30,128,1532,2,4,4,"2024-11-15 03:45:21.177436","70000.00"
78033,4,4,10,30,128,1532,1,4,4,"2024-10-08 19:39:22.692881","20000.00"
78037,4,4,10,30,129,1533,4,4,4,"2025-05-13 05:07:23.05322","5000.00"
78039,4,4,10,30,129,1533,2,4,4,"2025-03-31 06:38:55.029747","70000.00"
78040,4,4,10,30,129,1533,1,4,4,"2024-10-18 19:10:14.374324","20000.00"
78044,4,4,10,30,130,1534,4,7,7,"2025-04-14 20:48:46.482603","5000.00"
78046,4,4,10,30,130,1534,2,7,7,"2024-11-21 23:43:41.879023","70000.00"
78047,4,4,10,30,130,1534,1,7,7,"2024-10-24 02:54:24.109442","20000.00"
78051,4,4,10,31,131,1535,4,2,2,"2024-10-21 23:19:08.90919","5000.00"
78053,4,4,10,31,131,1535,2,2,2,"2025-06-30 05:49:26.042162","42000.00"
78054,4,4,10,31,131,1535,1,2,2,"2024-10-14 07:24:29.163158","20000.00"
78058,4,4,10,31,132,1536,4,7,7,"2025-01-06 16:53:52.472955","5000.00"
78060,4,4,10,31,132,1536,2,7,7,"2025-05-01 21:12:51.231296","42000.00"
78061,4,4,10,31,132,1536,1,7,7,"2024-10-07 17:54:02.663999","20000.00"
78065,4,4,10,31,133,1537,4,7,7,"2025-01-07 22:51:11.604945","5000.00"
78067,4,4,10,31,133,1537,2,7,7,"2025-05-25 15:43:22.579119","70000.00"
78068,4,4,10,31,133,1537,1,7,7,"2024-10-08 01:02:45.915689","20000.00"
78071,4,4,10,32,134,1538,5,4,4,"2025-01-27 01:03:44.019718","10000.00"
78072,4,4,10,32,134,1538,4,4,4,"2024-11-02 06:27:16.637773","5000.00"
78073,4,4,10,32,134,1538,3,4,4,"2024-11-18 03:19:47.882019","50000.00"
78074,4,4,10,32,134,1538,2,4,4,"2025-02-26 07:19:02.596676","90000.00"
78075,4,4,10,32,134,1538,1,4,4,"2024-10-07 14:42:06.154246","30000.00"
78079,4,4,10,32,135,1539,4,1,1,"2025-02-22 22:27:53.628888","5000.00"
78081,4,4,10,32,135,1539,2,1,1,"2025-04-11 08:44:35.291621","90000.00"
78082,4,4,10,32,135,1539,1,1,1,"2024-10-24 19:21:37.210025","20000.00"
78085,4,4,10,32,136,1540,5,7,7,"2024-12-03 21:19:29.552662","10000.00"
78086,4,4,10,32,136,1540,4,7,7,"2025-02-13 11:09:09.063474","5000.00"
78087,4,4,10,32,136,1540,3,7,7,"2025-06-26 15:05:20.714635","50000.00"
78088,4,4,10,32,136,1540,2,7,7,"2025-03-22 13:55:45.122186","150000.00"
78089,4,4,10,32,136,1540,1,7,7,"2024-10-27 20:39:56.250925","20000.00"
