transaction_id,date,region_id,prefecture_id,agence_id,produit_id,quantite,montant_total
1,10/22/2023,2,40,40,16,3,98.22
2,1/15/2023,2,1,1,12,4,267.39
3,12/19/2023,2,24,24,1,5,977.74
4,2/6/2023,2,17,17,15,5,782.29
5,8/5/2022,5,13,13,14,5,795.41
6,6/12/2023,5,6,6,5,1,62.22
7,12/19/2021,4,33,33,8,5,476.01
8,10/5/2024,2,7,7,1,1,167.5
9,12/27/2021,1,11,11,1,2,354.49
10,11/23/2021,2,1,1,12,4,280.65
11,11/9/2024,5,6,6,14,3,646.03
12,6/4/2023,3,26,26,15,1,119.14
13,9/11/2022,5,6,6,16,1,30.36
14,2/12/2025,1,31,31,10,5,196.24
15,9/25/2023,2,24,24,4,1,163.33
16,7/18/2025,2,25,25,6,1,192.59
17,12/17/2022,3,16,16,7,3,586.44
18,4/24/2024,2,24,24,12,5,308.48
19,12/14/2023,3,16,16,3,1,108.09
20,8/30/2024,3,16,16,2,5,361.1
21,12/31/2024,2,24,24,8,2,199.37
22,6/24/2023,2,8,8,17,4,337.14
23,12/22/2021,2,39,39,7,4,716.55
24,2/4/2023,2,37,37,7,4,729.14
25,4/11/2024,2,1,1,4,5,820.67
26,12/12/2023,2,39,39,18,1,24.42
27,11/2/2024,1,34,34,17,1,84.94
28,1/29/2022,2,39,39,5,2,145.58
29,11/19/2021,5,13,13,15,2,253.03
30,8/5/2022,2,1,1,9,4,372.72
31,9/15/2022,2,25,25,11,5,1003.56
32,7/2/2023,5,6,6,5,3,181.11
33,9/1/2023,2,17,17,5,1,83.97
34,10/2/2024,2,8,8,13,4,608.59
35,12/2/2024,2,17,17,12,5,256.84
36,6/10/2023,2,25,25,12,4,195.12
37,11/1/2024,1,35,35,6,5,782
38,5/31/2025,2,24,24,3,3,259.51
39,3/30/2023,3,18,18,5,1,75.93
40,12/8/2022,2,17,17,13,2,369.44
41,8/29/2025,5,13,13,15,4,515.52
42,12/24/2022,2,40,40,10,1,49.79
43,4/13/2024,2,25,25,1,3,638.7
44,1/23/2023,2,1,1,15,4,601.02
45,3/23/2022,2,25,25,5,3,232.42
46,5/9/2022,2,8,8,16,3,74.2
47,9/22/2023,5,21,21,2,5,443.9
48,12/30/2023,2,40,40,9,2,168.67
49,6/29/2025,2,37,37,18,1,25.6
50,5/7/2024,3,28,28,3,3,274.18
51,4/19/2025,5,15,15,15,4,546.7
52,5/8/2022,3,38,38,7,3,609.62
53,7/11/2024,2,7,7,4,1,124.28
54,5/20/2023,4,33,33,17,2,134.52
55,4/26/2023,2,7,7,8,5,539.61
56,5/2/2024,2,1,1,18,3,87.64
57,1/20/2025,1,32,32,10,1,44
58,2/11/2024,2,39,39,10,3,123.07
59,8/19/2023,2,40,40,15,2,291.64
60,1/31/2023,5,10,10,8,2,217.84
61,11/4/2022,4,27,27,13,3,436.28
62,5/10/2025,2,8,8,6,3,597.54
63,3/18/2022,5,13,13,2,2,195.45
64,1/4/2022,1,11,11,10,3,124.55
65,2/17/2023,5,6,6,5,1,82.42
66,6/5/2024,2,24,24,2,2,160.78
67,1/15/2023,2,25,25,7,5,910.54
68,8/2/2023,2,1,1,17,1,99.95
69,9/27/2023,5,6,6,15,2,216.02
70,11/20/2024,2,24,24,12,1,66.97
71,1/13/2023,5,15,15,8,5,555.57
72,11/30/2023,2,25,25,17,5,491.1
73,6/27/2023,1,11,11,13,1,157.42
74,1/12/2023,2,25,25,1,5,874.59
75,2/7/2022,2,40,40,14,2,375.01
76,2/2/2024,5,13,13,7,3,501.92
77,10/12/2023,1,11,11,15,3,431.16
78,10/22/2021,5,10,10,17,3,284.21
79,6/6/2022,2,1,1,18,4,87.68
80,11/14/2021,2,25,25,7,4,766.4
81,4/16/2024,2,25,25,2,3,252.53
82,7/6/2023,2,25,25,12,1,69.92
83,3/22/2023,2,40,40,3,2,199.77
84,7/16/2024,2,7,7,3,4,417.18
85,8/20/2024,2,24,24,4,2,264.62
86,12/28/2024,4,23,23,2,1,79.77
87,9/1/2023,4,33,33,9,2,149.89
88,6/7/2024,2,37,37,14,3,501.69
89,10/13/2021,5,15,15,11,2,380.59
90,4/4/2025,2,24,24,14,1,171.97
91,11/7/2024,2,40,40,3,3,253.29
92,3/12/2024,2,8,8,14,1,145.42
93,8/30/2022,2,39,39,6,5,960.61
94,2/28/2023,5,21,21,10,2,83.78
95,12/5/2024,4,12,12,5,4,247.82
96,9/6/2022,2,7,7,17,2,197.81
97,12/31/2022,2,17,17,9,4,267.69
98,7/23/2024,2,39,39,18,3,69.78
99,9/8/2022,2,25,25,2,4,339.28
100,10/12/2021,1,31,31,10,2,94.56
101,6/20/2022,2,40,40,16,1,27.4
102,4/1/2025,2,40,40,11,4,646.36
103,2/9/2023,2,25,25,1,4,879.41
104,8/21/2025,5,13,13,9,3,192.95
105,10/30/2024,2,1,1,1,2,301.84
106,2/16/2023,1,35,35,8,3,298.67
107,12/27/2024,2,25,25,11,3,420.65
108,6/12/2025,2,8,8,8,5,483.83
109,10/17/2023,2,1,1,2,3,241.51
110,5/28/2023,2,1,1,5,4,297.61
111,9/15/2022,2,37,37,4,5,754.26
112,2/10/2025,2,24,24,18,2,59.76
113,10/17/2023,5,10,10,3,3,234.82
114,1/15/2025,2,7,7,17,3,206.44
115,2/1/2022,3,3,3,18,2,56.99
116,5/4/2024,2,17,17,10,1,41.66
117,11/10/2023,5,6,6,7,2,427.25
118,5/30/2025,2,7,7,5,3,215.83
119,2/19/2023,2,40,40,8,1,93.23
120,6/3/2025,2,25,25,5,4,261.74
121,8/4/2022,2,24,24,16,4,114.27
122,11/23/2023,5,10,10,3,1,96.5
123,9/9/2022,3,20,20,3,4,379.55
124,4/20/2024,5,6,6,4,4,496.25
125,11/14/2023,2,24,24,6,3,456.88
126,10/18/2024,2,25,25,16,2,65.61
127,7/3/2022,2,25,25,13,2,291.12
128,2/28/2023,2,24,24,4,3,343.61
129,12/30/2022,2,40,40,2,5,361.47
130,5/12/2025,2,17,17,7,1,214.98
131,5/5/2022,1,31,31,5,1,69.63
132,1/7/2023,2,37,37,9,5,405.3
133,7/21/2024,2,25,25,10,5,249.71
134,7/21/2023,5,13,13,17,1,81.18
135,10/26/2023,2,24,24,2,4,323.91
136,12/4/2023,5,21,21,4,5,594.77
137,12/16/2022,5,6,6,14,3,626.13
138,9/27/2023,2,8,8,6,3,518.62
139,3/24/2025,2,40,40,14,2,335.37
140,2/28/2024,3,28,28,7,4,933.83
141,4/18/2023,2,1,1,9,1,83.84
142,8/7/2024,2,39,39,17,1,96.78
143,12/6/2022,3,18,18,5,2,123.9
144,9/24/2024,2,40,40,7,5,953.84
145,7/8/2024,5,13,13,14,2,303.54
146,3/4/2023,2,37,37,2,4,353.89
147,12/16/2024,2,24,24,2,5,452.55
148,11/5/2022,2,8,8,12,4,233.97
149,3/29/2023,2,40,40,1,2,404.96
150,10/10/2023,5,21,21,2,5,439.17
151,6/29/2022,5,10,10,9,2,149.95
152,3/22/2023,2,25,25,8,2,222.79
153,4/20/2024,5,13,13,13,4,725.54
154,3/9/2023,2,24,24,16,4,123.03
155,11/19/2024,2,8,8,3,1,85.52
156,10/28/2021,2,39,39,2,2,174.31
157,2/27/2022,2,39,39,9,1,64.09
158,7/16/2024,2,8,8,6,5,852.8
159,4/30/2022,2,40,40,10,4,159.48
160,11/2/2022,2,17,17,9,3,235.34
161,5/25/2022,2,1,1,4,2,291.14
162,5/14/2022,1,11,11,10,2,102.71
163,2/10/2022,2,39,39,13,4,672.91
164,5/30/2025,3,22,22,11,5,989.04
165,9/16/2021,2,24,24,10,1,47.83
166,3/17/2022,2,37,37,13,2,320.08
167,5/3/2023,2,37,37,13,4,700.15
168,4/11/2023,2,1,1,10,1,45.39
169,10/17/2021,5,10,10,5,2,158.42
170,1/22/2024,2,1,1,12,3,186.05
171,10/30/2024,2,7,7,8,5,469.55
172,9/16/2021,2,39,39,12,4,197.97
173,11/28/2021,5,15,15,7,1,226.21
174,4/16/2022,2,25,25,17,4,401.5
175,8/16/2025,2,1,1,13,1,185.89
176,9/23/2024,2,39,39,13,4,604.71
177,10/26/2022,5,21,21,5,3,227.16
178,7/5/2023,2,25,25,15,2,309.96
179,4/29/2022,2,40,40,17,5,369.48
180,8/15/2023,2,1,1,9,4,355.86
181,3/26/2022,5,21,21,7,3,684.52
182,6/5/2024,5,19,19,7,1,175.47
183,10/24/2023,2,25,25,18,1,25.37
184,9/11/2024,2,25,25,10,3,115.04
185,12/24/2022,5,19,19,5,3,233.6
186,2/21/2025,2,40,40,11,4,649.85
187,2/15/2023,5,15,15,16,3,78.78
188,10/6/2022,2,24,24,6,3,462.91
189,8/8/2022,5,15,15,16,3,67.13
190,9/10/2025,2,1,1,7,3,706.74
191,6/23/2022,2,1,1,14,1,180.61
192,1/11/2025,2,24,24,13,4,612.78
193,6/5/2022,1,34,34,15,4,445.8
194,10/22/2022,3,3,3,14,5,969.36
195,5/12/2025,4,29,29,8,4,384.79
196,10/18/2024,2,1,1,16,4,96.58
197,3/5/2023,4,33,33,9,4,271.03
198,6/9/2022,5,10,10,5,1,80.4
199,12/24/2024,2,39,39,14,2,291.72
200,4/7/2023,2,7,7,11,3,443.77
201,7/11/2023,2,17,17,2,3,265.11
202,11/26/2024,2,17,17,2,3,201.02
203,8/31/2024,2,24,24,15,2,270.88
204,11/26/2024,2,7,7,5,5,395.41
205,4/16/2022,2,37,37,9,3,190.78
206,6/21/2024,4,36,36,7,5,1073.53
207,8/15/2022,2,37,37,3,4,379.07
208,3/26/2024,1,31,31,6,2,351.87
209,10/12/2022,2,25,25,11,4,745.8
210,12/13/2021,2,1,1,14,4,827.99
211,4/26/2025,2,25,25,5,2,177.05
212,7/13/2024,2,17,17,10,2,71.61
213,5/22/2023,5,6,6,11,3,603.21
214,12/24/2024,5,15,15,1,4,744.04
215,5/5/2022,3,4,4,14,4,838.88
216,7/30/2025,2,8,8,4,2,253.73
217,6/29/2024,2,39,39,2,5,429.38
218,8/25/2023,5,15,15,15,1,124.86
219,5/17/2022,5,9,9,1,4,757.15
220,9/9/2022,2,1,1,7,4,880.17
221,12/15/2021,3,18,18,3,5,458.01
222,9/17/2024,2,8,8,3,2,213.83
223,5/8/2023,2,37,37,6,1,194.16
224,2/12/2024,4,12,12,5,5,349
225,3/16/2023,5,6,6,13,4,584.28
226,7/25/2023,5,21,21,14,5,890.49
227,1/3/2022,5,15,15,16,5,134.8
228,8/10/2024,2,17,17,13,3,481.95
229,11/14/2021,5,19,19,16,2,57.14
230,7/2/2025,2,39,39,17,1,67.52
231,8/10/2023,2,17,17,11,5,963.3
232,1/19/2023,2,17,17,14,5,721.77
233,10/10/2022,2,7,7,18,1,22.07
234,1/18/2025,2,8,8,7,2,413.72
235,8/1/2025,5,13,13,3,2,232.92
236,5/22/2022,2,39,39,16,2,55.77
237,3/3/2024,2,40,40,1,2,417.33
238,9/28/2022,5,10,10,9,3,263.63
239,10/9/2023,5,10,10,1,5,809.26
240,12/27/2021,2,25,25,9,2,149.49
241,8/31/2023,1,35,35,1,2,406.49
242,10/4/2023,5,19,19,3,1,103.63
243,3/15/2023,2,40,40,9,1,78.68
244,2/26/2024,2,24,24,13,3,498.13
245,5/16/2024,2,40,40,7,3,607.39
246,9/28/2022,4,12,12,5,5,323.34
247,3/9/2024,2,1,1,5,5,398.13
248,10/9/2022,2,17,17,9,2,141.12
249,10/24/2023,5,13,13,16,3,79.06
250,3/16/2022,2,40,40,10,1,46.74
251,9/14/2024,2,24,24,13,3,540.46
252,8/23/2024,2,39,39,9,3,246.08
253,5/7/2023,1,32,32,16,5,149.83
254,1/22/2024,5,10,10,1,1,162.1
255,7/16/2023,1,32,32,6,3,551.23
256,1/15/2024,2,37,37,3,1,101.46
257,9/26/2023,2,7,7,18,5,126.42
258,9/24/2023,1,31,31,1,4,657.15
259,9/4/2022,2,25,25,11,5,837.57
260,5/24/2023,5,21,21,4,4,617.64
261,8/10/2024,2,25,25,17,4,305.52
262,6/7/2025,5,6,6,11,1,141.18
263,6/25/2022,2,17,17,15,3,418.26
264,5/26/2024,2,7,7,16,1,27.89
265,2/18/2025,3,26,26,1,2,374.8
266,6/2/2025,2,25,25,8,3,273.12
267,12/16/2023,5,13,13,3,2,169.16
268,6/29/2023,2,24,24,16,5,137.76
269,8/27/2025,2,40,40,5,5,358.49
270,1/1/2024,2,8,8,4,2,274.61
271,6/29/2022,2,39,39,4,3,385.3
272,4/26/2024,2,1,1,14,5,740
273,8/22/2024,5,6,6,14,2,334.64
274,11/3/2022,5,19,19,4,2,265.03
275,8/17/2022,2,25,25,15,2,241.94
276,8/22/2024,4,33,33,4,4,479.51
277,2/9/2025,5,9,9,3,2,169.07
278,11/13/2021,2,7,7,2,5,357.58
279,12/31/2022,5,10,10,10,5,202.2
280,11/19/2024,1,11,11,10,1,50.43
281,4/19/2024,2,7,7,8,2,217.76
282,6/29/2025,2,37,37,12,5,351.13
283,1/13/2025,5,6,6,4,3,353.21
284,12/13/2021,2,39,39,14,3,608.99
285,1/20/2025,2,40,40,4,3,432.64
286,7/27/2022,5,9,9,8,5,577.95
287,1/11/2025,2,37,37,10,5,206.23
288,10/17/2022,3,5,5,6,4,649.26
289,9/29/2022,3,16,16,12,2,119.99
290,3/13/2022,2,25,25,2,4,391.62
291,3/17/2024,2,25,25,7,5,1082.4
292,5/5/2022,1,35,35,2,2,194.46
293,1/26/2025,2,17,17,14,1,210.69
294,2/15/2025,2,40,40,1,5,1038.5
295,4/20/2025,2,17,17,5,4,327.84
296,12/16/2024,2,8,8,2,2,149.12
297,2/26/2022,5,9,9,16,3,78.92
298,2/20/2022,4,29,29,4,1,132.25
299,11/1/2023,1,11,11,8,5,459.84
300,10/16/2022,2,37,37,8,2,181.56
301,2/23/2024,2,7,7,7,5,959.94
302,9/8/2025,1,11,11,18,3,60.53
303,6/30/2023,2,39,39,5,4,248.01
304,3/21/2025,5,13,13,5,5,302.99
305,7/12/2023,5,9,9,14,2,316.22
306,4/28/2022,5,9,9,11,3,468.36
307,3/31/2023,1,31,31,6,5,929.8
308,9/29/2022,2,8,8,15,2,243.64
309,10/26/2023,2,24,24,2,3,248.26
310,6/24/2023,2,8,8,3,4,335.37
311,3/13/2022,2,17,17,6,2,379.29
312,4/21/2023,2,17,17,2,2,192.77
313,12/1/2023,5,15,15,8,5,559.61
314,5/12/2025,5,9,9,18,3,87.5
315,2/14/2024,2,7,7,11,5,932.23
316,3/9/2022,2,1,1,12,1,59.1
317,7/5/2023,2,7,7,6,1,172.33
318,9/7/2024,2,1,1,12,1,50.26
319,12/6/2024,5,19,19,10,1,46.84
320,12/11/2021,5,13,13,6,1,149.03
321,4/12/2022,2,7,7,12,3,187.78
322,6/14/2022,2,40,40,2,3,259.8
323,8/18/2023,2,24,24,17,3,228
324,4/9/2024,3,20,20,14,5,786.1
325,3/29/2023,2,8,8,10,4,140.08
326,6/30/2025,2,39,39,14,4,771.06
327,8/12/2022,5,6,6,5,1,73.37
328,1/22/2025,2,7,7,2,5,463.08
329,1/6/2024,3,18,18,14,5,950.49
330,11/4/2021,5,19,19,1,5,932.07
331,6/30/2024,5,13,13,2,3,283.9
332,5/18/2023,1,34,34,7,5,1134.54
333,3/14/2023,1,35,35,10,2,95.85
334,12/3/2024,2,39,39,16,4,92.88
335,8/24/2025,5,13,13,2,1,76.35
336,8/3/2022,2,8,8,14,3,554.76
337,5/25/2025,1,11,11,15,3,436.74
338,8/26/2022,2,25,25,18,5,134.96
339,3/30/2023,5,10,10,14,2,407.65
340,1/9/2023,2,24,24,4,1,125.89
341,5/26/2023,2,1,1,11,4,735.12
342,7/21/2025,1,34,34,12,4,226.97
343,4/11/2024,2,39,39,17,2,170.19
344,3/3/2023,2,1,1,8,4,347.01
345,1/18/2023,3,16,16,11,3,450.52
346,6/19/2023,4,36,36,10,3,138.54
347,8/1/2024,4,36,36,9,2,182.73
348,11/5/2021,5,6,6,14,1,190.84
349,9/23/2024,3,22,22,3,4,360.42
350,11/1/2022,5,21,21,5,1,74.38
351,2/1/2024,2,8,8,7,5,1078.81
352,6/21/2024,5,21,21,7,5,876.23
353,9/13/2023,3,4,4,1,5,1046.64
354,7/18/2024,2,17,17,9,2,126.52
355,1/23/2022,5,10,10,13,1,125.5
356,3/1/2025,2,40,40,12,1,68.31
357,8/2/2025,2,39,39,14,3,445.66
358,10/13/2023,5,19,19,10,1,43.68
359,10/28/2023,2,25,25,3,1,100.06
360,3/25/2024,2,17,17,17,5,416.23
361,10/8/2022,2,39,39,8,4,450.33
362,1/22/2023,1,34,34,10,5,192.98
363,1/26/2023,4,36,36,1,3,565.69
364,12/15/2022,5,19,19,6,1,177.22
365,5/24/2022,2,37,37,3,4,339.18
366,1/13/2025,5,9,9,1,3,452.6
367,2/15/2022,2,40,40,16,2,58.47
368,5/25/2024,2,40,40,15,2,295.79
369,12/26/2021,1,11,11,7,4,939.67
370,12/9/2022,2,24,24,8,2,215.39
371,1/2/2024,5,13,13,5,4,275.33
372,2/17/2024,2,7,7,9,2,177.67
373,12/26/2021,2,24,24,5,4,337.71
374,11/4/2023,1,34,34,12,5,351.87
375,11/24/2024,3,20,20,17,1,74.44
376,5/27/2025,2,1,1,3,2,219.44
377,3/12/2024,2,8,8,6,2,376.18
378,7/17/2025,2,40,40,13,2,369.8
379,1/25/2023,2,40,40,7,3,550.39
380,2/12/2022,2,39,39,16,1,26.46
381,10/27/2021,5,9,9,8,3,318.39
382,8/22/2022,2,37,37,8,5,561.89
383,4/28/2024,2,40,40,4,5,577.23
384,6/13/2023,2,7,7,14,2,413.52
385,10/15/2023,2,37,37,16,2,55.99
386,1/2/2022,5,21,21,14,4,811.57
387,12/9/2021,2,7,7,4,4,469.44
388,12/23/2023,2,8,8,3,3,274.82
389,9/17/2021,2,25,25,1,4,787.8
390,3/6/2025,2,8,8,11,1,181.57
391,7/11/2025,5,10,10,5,5,349.52
392,7/11/2024,2,1,1,9,2,161.22
393,4/6/2024,2,24,24,6,5,801.6
394,3/29/2022,2,17,17,16,5,157.69
395,4/4/2024,2,8,8,15,3,389.93
396,4/4/2022,5,15,15,18,5,112.89
397,1/7/2022,5,19,19,4,5,625.02
398,7/2/2024,4,27,27,11,4,611.92
399,10/8/2022,2,40,40,17,4,299.6
400,8/16/2023,5,15,15,5,4,299.7
401,1/15/2025,2,25,25,8,5,430.56
402,1/23/2022,2,7,7,16,5,133.36
403,10/8/2022,2,1,1,5,2,161.54
404,9/26/2021,5,13,13,13,4,697.22
405,2/9/2023,2,24,24,11,3,584.5
406,4/11/2023,2,17,17,14,4,730.21
407,5/10/2023,2,39,39,7,2,439.38
408,6/13/2025,2,25,25,9,2,140.08
409,12/6/2021,2,1,1,15,4,480.38
410,6/30/2024,2,17,17,15,3,448.33
411,10/16/2023,5,21,21,7,3,566.66
412,11/8/2021,1,31,31,5,3,252.94
413,7/21/2022,2,40,40,18,4,103.19
414,1/22/2022,2,7,7,9,3,201.58
415,5/20/2023,2,40,40,3,1,88.53
416,12/21/2023,5,13,13,2,3,224.34
417,9/1/2025,5,19,19,10,5,230.71
418,2/22/2024,5,6,6,5,1,88.47
419,5/30/2023,2,37,37,8,1,87.96
420,1/30/2025,2,8,8,17,3,212.82
421,4/13/2025,2,17,17,1,3,541.62
422,1/21/2025,2,40,40,4,5,651.41
423,8/2/2024,5,21,21,18,1,24.55
424,1/8/2022,3,22,22,9,4,332.47
425,6/22/2022,5,21,21,1,1,175.71
426,1/31/2023,3,28,28,2,5,454.88
427,9/29/2024,2,24,24,18,1,23.74
428,10/3/2022,2,37,37,9,1,85
429,9/5/2024,5,10,10,7,2,428.12
430,1/3/2023,2,7,7,7,5,994.69
431,8/29/2024,2,7,7,12,2,117.92
432,1/2/2022,5,19,19,18,2,56.39
433,12/29/2023,5,19,19,13,5,870.68
434,11/24/2023,2,25,25,8,3,249.55
435,2/21/2023,3,14,14,12,1,51.6
436,7/1/2025,5,10,10,5,3,213.29
437,4/1/2025,2,39,39,4,3,447.88
438,9/14/2022,3,4,4,6,4,662.74
439,1/21/2025,2,8,8,3,3,264.74
440,11/16/2023,2,17,17,1,5,1052.86
441,12/6/2023,2,39,39,15,1,125.46
442,8/24/2025,2,17,17,3,1,82.1
443,2/11/2025,5,10,10,10,4,157.16
444,9/27/2022,5,21,21,9,2,172.99
445,1/13/2024,5,15,15,6,1,168.44
446,11/22/2024,3,38,38,17,3,272.94
447,2/14/2024,3,22,22,18,1,21.98
448,2/4/2022,2,8,8,2,4,299.3
449,3/25/2024,2,40,40,18,2,56.83
450,8/4/2023,1,31,31,9,2,148.33
451,3/7/2022,2,39,39,10,2,99.89
452,10/27/2024,5,6,6,16,1,25.65
453,10/11/2021,2,17,17,8,2,159.87
454,12/6/2024,5,13,13,12,5,299.21
455,6/12/2025,1,31,31,7,4,768
456,8/19/2022,2,39,39,12,3,164.09
457,1/29/2024,2,39,39,16,2,53.74
458,1/1/2024,2,8,8,12,2,130.53
459,9/14/2024,2,24,24,18,2,53.49
460,9/23/2023,2,40,40,9,5,445.73
461,9/30/2022,5,21,21,10,4,155.13
462,2/27/2023,3,22,22,17,3,237.56
463,8/1/2025,5,15,15,2,2,160.08
464,3/31/2024,5,9,9,16,3,95.46
465,9/20/2023,2,40,40,12,3,199.57
466,12/18/2024,2,39,39,1,1,206.45
467,8/22/2024,2,8,8,13,4,571.77
468,12/10/2024,2,1,1,10,5,200.88
469,7/15/2025,5,6,6,17,1,83.65
470,11/30/2022,2,25,25,14,5,1075.12
471,3/15/2022,2,1,1,8,1,99.57
472,10/8/2023,5,15,15,5,4,241.18
473,9/26/2023,2,37,37,11,1,190.71
474,12/24/2022,2,1,1,11,1,182.66
475,12/30/2024,3,38,38,6,2,398.93
476,8/20/2023,2,24,24,8,1,98.16
477,1/27/2024,2,8,8,6,5,971.57
478,1/30/2022,2,40,40,11,2,355.34
479,4/18/2024,2,37,37,17,5,493.79
480,2/11/2024,2,25,25,12,3,199.89
481,1/2/2022,5,6,6,15,4,507.04
482,7/11/2022,2,8,8,1,3,533.99
483,5/30/2022,5,21,21,2,3,298.19
484,2/25/2023,5,9,9,15,1,124.9
485,6/4/2025,1,11,11,3,1,85.19
486,3/7/2025,5,15,15,9,4,278.69
487,10/31/2024,2,39,39,3,4,462.12
488,7/15/2024,2,37,37,4,4,492.82
489,12/26/2024,2,17,17,6,5,839.98
490,2/27/2023,4,29,29,2,2,159.31
491,3/26/2022,2,37,37,18,2,41.75
492,6/17/2023,2,8,8,7,1,173.17
493,4/2/2023,2,39,39,10,3,107.67
494,9/24/2024,2,1,1,13,2,359.46
495,7/5/2022,5,9,9,2,1,72.95
496,11/15/2022,2,24,24,9,3,199.72
497,12/24/2021,1,34,34,10,2,69.98
498,7/3/2023,2,8,8,15,1,121.84
499,9/17/2021,2,39,39,6,2,286.31
500,12/5/2021,2,39,39,2,1,91.88
501,8/25/2025,1,34,34,14,2,419.16
502,12/27/2021,2,1,1,13,3,555.71
503,5/15/2024,5,10,10,14,5,1026.21
504,12/5/2021,2,39,39,8,4,446.03
505,2/9/2023,2,25,25,13,1,130.62
506,5/23/2024,2,8,8,7,2,379.69
507,10/7/2024,2,37,37,14,5,919.53
508,10/25/2022,3,18,18,4,1,160.6
509,2/16/2024,2,37,37,6,2,310.38
510,10/13/2021,5,6,6,16,2,49.39
511,1/5/2024,2,25,25,16,4,101.31
512,1/13/2024,2,24,24,14,5,779.47
513,10/11/2024,5,9,9,18,4,120.85
514,6/29/2024,2,37,37,5,2,147.79
515,4/14/2025,2,17,17,2,3,226.1
516,5/23/2023,2,24,24,6,3,415.64
517,2/18/2023,5,15,15,18,1,27.07
518,3/30/2025,5,13,13,7,2,476.78
519,1/16/2022,2,1,1,15,1,140.31
520,6/11/2025,5,19,19,11,2,386.05
521,10/30/2024,1,32,32,16,3,96.23
522,1/7/2022,1,31,31,9,4,319.32
523,10/23/2022,2,40,40,11,1,182.73
524,2/4/2024,5,19,19,8,5,573.86
525,8/25/2024,2,24,24,12,4,200.12
526,7/31/2024,2,37,37,2,2,196.9
527,6/22/2025,2,24,24,18,3,81.76
528,11/4/2023,3,28,28,13,4,592.55
529,4/22/2025,1,34,34,13,1,170.42
530,8/15/2024,5,21,21,5,1,77.47
531,12/20/2021,1,11,11,8,4,422.16
532,1/28/2023,3,26,26,6,5,820.58
533,4/7/2025,2,40,40,12,5,355.69
534,12/13/2022,2,1,1,16,2,64.8
535,8/23/2025,2,8,8,11,3,486.24
536,2/20/2024,2,40,40,1,5,778.68
537,8/22/2023,3,5,5,13,5,690.97
538,8/18/2024,2,37,37,13,2,315.85
539,9/19/2022,2,40,40,14,1,175.41
540,11/27/2024,2,24,24,11,2,407.79
541,12/9/2023,3,16,16,9,5,387.1
542,1/12/2025,2,24,24,12,3,164.96
543,2/16/2023,2,24,24,7,2,371.79
544,6/14/2022,2,40,40,15,1,123.23
545,12/20/2023,5,13,13,16,1,26.39
546,6/24/2024,2,7,7,8,2,186.13
547,2/19/2024,1,31,31,7,4,913.08
548,9/8/2023,2,40,40,4,2,224.02
549,8/15/2022,2,39,39,10,1,35.92
550,5/2/2022,2,37,37,1,5,839.75
551,7/4/2022,5,13,13,8,1,102.23
552,9/9/2024,5,19,19,12,2,127.53
553,10/30/2023,2,40,40,6,2,322.38
554,9/21/2022,3,22,22,5,1,63.57
555,6/26/2023,1,32,32,18,5,130.72
556,8/4/2025,5,19,19,9,5,431.23
557,8/12/2022,3,3,3,18,4,120.92
558,4/19/2025,2,24,24,7,2,364.41
559,5/25/2024,2,37,37,10,4,196.41
560,1/22/2024,2,1,1,16,3,72.44
561,1/31/2025,2,40,40,3,4,352.4
562,10/18/2023,2,25,25,6,2,369.84
563,1/5/2025,2,1,1,4,1,123.7
564,8/15/2025,2,40,40,11,4,558.91
565,10/8/2022,5,19,19,3,3,271.45
566,9/13/2022,2,39,39,11,5,775.76
567,4/15/2025,2,7,7,2,3,290.61
568,1/17/2024,5,13,13,10,5,176.48
569,5/27/2024,2,17,17,15,4,585.18
570,12/22/2023,2,1,1,13,5,880.99
571,5/1/2023,2,24,24,16,2,62.43
572,5/11/2022,3,16,16,18,2,40.49
573,10/19/2024,5,9,9,10,3,144.07
574,12/5/2024,5,6,6,9,1,80.72
575,5/10/2023,5,10,10,9,3,262.99
576,6/7/2024,5,6,6,4,3,440.19
577,5/15/2022,5,6,6,17,5,427.5
578,7/29/2024,2,40,40,12,3,210.39
579,9/18/2022,1,34,34,3,3,324.61
580,7/10/2023,5,13,13,8,5,574.97
581,8/21/2022,2,37,37,17,1,71.05
582,11/21/2022,2,24,24,7,5,894.47
583,4/7/2024,3,16,16,13,1,155.31
584,2/24/2023,5,13,13,12,3,191.9
585,12/30/2023,2,24,24,16,3,96.67
586,7/20/2024,2,17,17,16,1,26.91
587,9/1/2025,1,32,32,10,4,150.85
588,2/2/2022,2,25,25,15,1,134.8
589,12/17/2022,2,37,37,2,1,74.29
590,4/19/2024,2,1,1,6,4,703.93
591,1/26/2023,3,4,4,6,3,586.3
592,6/22/2022,2,24,24,17,5,377.35
593,12/29/2022,2,37,37,8,3,300.13
594,5/26/2022,2,24,24,15,5,584.49
595,2/21/2022,5,15,15,2,5,405.63
596,3/28/2023,2,37,37,1,1,220.21
597,2/24/2025,2,1,1,4,5,663.46
598,2/4/2024,2,7,7,2,3,295.82
599,7/19/2023,5,13,13,5,1,74.76
600,12/19/2022,2,1,1,11,5,761.41
601,11/17/2023,5,9,9,16,4,104.2
602,11/1/2022,4,12,12,8,3,328.63
603,7/29/2024,2,40,40,4,3,413.46
604,8/10/2024,2,7,7,8,3,235.29
605,10/6/2021,5,6,6,11,5,946.75
606,8/21/2025,2,40,40,2,5,469.91
607,8/5/2025,2,25,25,13,4,657.58
608,12/27/2023,3,18,18,5,2,159.76
609,5/10/2023,4,12,12,1,2,437.58
610,6/12/2022,2,17,17,9,5,464.43
611,3/30/2024,2,40,40,4,4,502.54
612,9/30/2023,5,21,21,11,4,625.35
613,3/1/2024,2,24,24,3,1,88.65
614,1/12/2024,5,10,10,10,1,41.35
615,10/14/2023,2,40,40,17,4,368.07
616,6/16/2023,5,13,13,7,1,227.17
617,1/5/2022,5,9,9,7,1,181.62
618,10/10/2023,2,25,25,11,2,310.58
619,3/31/2022,2,40,40,14,1,187.36
620,4/13/2024,2,7,7,5,3,185.96
621,4/13/2025,2,25,25,6,2,381.63
622,1/15/2023,2,17,17,8,1,94.15
623,1/4/2024,2,1,1,7,2,436.06
624,12/27/2023,2,8,8,3,3,345.92
625,10/13/2023,2,8,8,11,1,166.65
626,7/21/2024,2,39,39,6,5,982.5
627,1/20/2024,2,37,37,7,1,228.9
628,9/16/2024,5,13,13,5,4,286.03
629,8/13/2022,2,7,7,4,5,759.38
630,1/21/2025,2,39,39,4,5,638.14
631,5/18/2022,2,25,25,13,3,507.33
632,8/13/2022,2,40,40,7,3,694.25
633,6/21/2025,2,17,17,15,5,771.1
634,7/3/2024,2,37,37,2,5,355.3
635,6/30/2022,2,24,24,5,2,123.91
636,9/18/2022,2,39,39,1,1,213.19
637,6/23/2023,2,25,25,3,4,422.22
638,9/9/2022,2,24,24,13,2,360.87
639,7/11/2024,5,10,10,17,1,91.38
640,12/8/2022,3,20,20,6,4,772.52
641,9/25/2022,2,17,17,13,4,512.52
642,5/7/2024,2,8,8,8,3,290.92
643,5/24/2022,2,24,24,18,2,50.34
644,9/15/2023,2,7,7,8,3,341.22
645,9/11/2024,2,8,8,6,1,154.12
646,1/20/2025,5,15,15,14,4,865.59
647,7/26/2022,2,17,17,13,1,178.39
648,1/4/2025,3,38,38,1,2,403.44
649,5/4/2025,2,1,1,10,3,143.8
650,7/19/2025,2,25,25,9,4,253.19
651,6/14/2023,2,17,17,6,4,717.92
652,7/8/2025,5,13,13,16,5,127.06
653,8/29/2023,2,7,7,2,5,479.18
654,7/24/2024,5,21,21,10,3,127.19
655,4/2/2024,2,17,17,12,3,203.9
656,12/10/2024,2,40,40,16,2,64.44
657,2/15/2023,1,11,11,18,1,29.72
658,11/15/2022,4,29,29,9,3,244.13
659,9/16/2022,2,24,24,17,3,224.8
660,9/14/2024,2,40,40,12,5,277.19
661,12/10/2021,2,37,37,9,2,185.95
662,7/15/2023,3,26,26,15,5,598.8
663,7/4/2025,5,19,19,15,5,558
664,4/7/2022,2,7,7,9,5,406.9
665,3/17/2023,3,4,4,4,4,621.36
666,7/19/2025,5,10,10,11,4,587.3
667,11/29/2024,5,15,15,13,1,130.32
668,1/26/2025,1,34,34,5,4,256.75
669,12/30/2021,2,37,37,11,4,675.64
670,7/30/2024,2,25,25,9,2,126.67
671,1/6/2024,2,40,40,12,4,251.55
672,5/18/2025,2,1,1,18,5,119.6
673,7/7/2024,5,9,9,10,4,198.58
674,5/2/2024,2,24,24,2,1,86.63
675,9/23/2022,2,7,7,4,5,606.69
676,10/27/2021,5,6,6,7,5,823.81
677,1/10/2023,5,6,6,8,3,277.1
678,12/21/2024,5,15,15,1,3,499.97
679,11/17/2023,5,6,6,7,2,362.08
680,1/24/2025,2,40,40,10,3,118.83
681,1/10/2022,5,13,13,9,3,213.18
682,3/20/2025,4,36,36,4,1,121.22
683,7/5/2024,2,25,25,5,2,153.49
684,11/28/2021,2,17,17,3,2,218.7
685,7/30/2024,3,18,18,13,3,448.68
686,12/7/2024,2,40,40,6,4,741.81
687,5/13/2025,5,6,6,18,1,28.48
688,2/7/2024,3,22,22,10,4,160.73
689,1/26/2024,2,8,8,10,2,86.51
690,8/14/2022,3,38,38,13,3,473.01
691,8/25/2025,5,10,10,6,1,202.29
692,8/21/2023,3,4,4,6,4,696.47
693,12/20/2023,2,25,25,1,4,672.63
694,2/5/2025,2,25,25,18,4,109.85
695,2/10/2022,2,17,17,13,2,312.66
696,5/27/2025,2,17,17,18,2,58.34
697,4/20/2022,5,10,10,7,2,400.63
698,5/26/2022,2,8,8,7,1,231.34
699,4/4/2024,2,8,8,9,2,143.36
700,8/24/2022,2,39,39,13,1,130.38
701,4/28/2023,2,24,24,16,1,32.92
702,8/16/2025,2,1,1,13,3,501.61
703,7/9/2023,2,24,24,8,1,108.72
704,3/29/2024,5,15,15,16,3,82.15
705,11/22/2023,2,8,8,8,3,336.92
706,2/16/2023,2,1,1,12,3,172.25
707,7/10/2024,2,1,1,11,4,818.18
708,3/26/2023,2,8,8,17,3,279.73
709,10/17/2024,2,1,1,2,4,277.09
710,1/28/2025,5,9,9,8,3,285.85
711,5/18/2025,2,17,17,13,3,539.35
712,12/22/2023,2,40,40,15,5,625.96
713,12/22/2024,2,8,8,3,5,486.37
714,3/1/2022,2,24,24,2,1,97.86
715,12/17/2021,1,34,34,7,5,1194.28
716,12/24/2022,3,38,38,7,3,658.5
717,8/6/2025,2,17,17,15,1,148.5
718,3/30/2023,2,37,37,16,3,68.12
719,10/2/2024,5,9,9,1,4,684.08
720,1/25/2025,2,1,1,2,1,89.11
721,2/10/2022,5,13,13,18,3,80.47
722,1/7/2023,2,39,39,5,4,332.43
723,10/3/2021,5,6,6,13,1,130.27
724,9/19/2021,3,3,3,5,2,170.24
725,3/30/2025,5,15,15,2,1,80.2
726,4/4/2022,5,9,9,14,5,751.34
727,5/24/2024,1,32,32,16,1,23.07
728,3/3/2023,2,17,17,13,4,541.29
729,3/8/2025,4,33,33,1,5,897.33
730,1/14/2022,2,8,8,1,1,197.11
731,1/28/2025,2,7,7,1,2,426
732,10/22/2022,2,40,40,17,4,375.6
733,9/5/2024,2,24,24,9,3,236.92
734,3/1/2023,4,23,23,7,5,836.23
735,5/11/2022,4,27,27,3,1,107.5
736,1/11/2024,2,25,25,8,2,200.41
737,1/4/2023,3,28,28,6,5,973.91
738,5/23/2025,2,24,24,17,4,389.25
739,4/30/2023,2,25,25,15,3,395.18
740,10/3/2021,2,39,39,10,5,213.86
741,11/15/2024,2,25,25,4,3,375.33
742,11/30/2023,2,24,24,12,2,136.91
743,11/15/2024,5,15,15,14,2,421.97
744,3/11/2023,2,1,1,13,3,448.65
745,4/9/2023,4,23,23,5,2,169.49
746,11/6/2023,2,37,37,17,5,363.73
747,10/18/2022,1,32,32,14,2,412.63
748,8/16/2025,2,40,40,7,4,831.88
749,3/25/2025,2,24,24,7,5,840.8
750,3/5/2025,2,8,8,13,5,698.32
751,2/10/2023,5,21,21,3,3,247.45
752,10/30/2022,2,1,1,4,1,158.43
753,5/6/2025,2,17,17,11,4,651.12
754,2/7/2025,5,6,6,1,1,196.52
755,10/10/2023,2,24,24,18,4,109.67
756,9/28/2023,2,24,24,9,2,142.27
757,9/6/2022,4,33,33,16,5,139.27
758,10/27/2022,5,6,6,11,4,700
759,5/13/2023,2,40,40,11,1,143.79
760,5/30/2023,2,40,40,9,1,78.59
761,1/2/2022,4,27,27,10,4,202.7
762,9/20/2021,5,9,9,12,2,97.06
763,11/5/2023,1,32,32,5,1,60.93
764,4/22/2025,2,24,24,14,2,399.28
765,8/16/2022,5,19,19,1,3,617.09
766,8/3/2025,1,11,11,1,3,648.23
767,2/8/2023,2,25,25,6,2,388.24
768,1/14/2024,2,40,40,3,4,439.72
769,2/22/2024,2,39,39,13,3,500.15
770,8/12/2025,5,13,13,1,3,544.98
771,9/2/2024,5,10,10,1,1,190.15
772,11/19/2022,2,39,39,6,4,663.31
773,4/21/2023,2,40,40,2,5,451.98
774,4/30/2024,1,34,34,18,3,76.27
775,7/8/2024,1,31,31,1,2,381.5
776,1/8/2023,3,14,14,8,2,178.56
777,12/1/2024,2,1,1,9,2,159.68
778,10/12/2024,5,9,9,14,4,639.58
779,1/2/2023,2,1,1,1,1,154.64
780,1/12/2025,3,4,4,18,5,129.84
781,9/27/2022,2,7,7,3,5,527.48
782,10/25/2021,5,10,10,11,2,292.96
783,6/27/2025,1,31,31,7,2,403.17
784,7/8/2024,2,40,40,3,1,101.86
785,4/28/2025,5,6,6,13,1,135.67
786,5/20/2024,1,32,32,12,3,163.96
787,7/21/2022,2,25,25,13,2,277.46
788,1/30/2023,2,24,24,18,5,117.02
789,9/16/2022,2,17,17,11,2,314.98
790,2/21/2022,2,40,40,2,5,334.06
791,8/13/2024,2,24,24,1,2,318.56
792,11/8/2024,2,1,1,13,2,357.66
793,7/26/2023,4,12,12,4,5,764.22
794,1/1/2023,5,19,19,13,2,366.09
795,7/30/2024,3,22,22,2,5,340.71
796,8/17/2022,2,40,40,6,3,596.24
797,4/18/2025,2,1,1,2,3,221.49
798,3/29/2023,2,40,40,4,2,246.91
799,4/7/2025,5,21,21,12,4,192.19
800,5/22/2025,1,32,32,18,5,124.71
801,7/28/2023,5,15,15,16,5,115.03
802,9/22/2023,2,24,24,9,4,285.97
803,7/2/2025,5,19,19,17,1,88.03
804,6/27/2022,1,34,34,12,5,247.98
805,3/23/2025,2,40,40,14,3,451.67
806,8/16/2024,2,24,24,15,2,305.95
807,8/5/2025,5,15,15,17,5,354.6
808,6/29/2023,2,17,17,3,5,417.69
809,4/2/2023,5,6,6,7,1,166.34
810,3/6/2024,2,8,8,10,5,210.29
811,8/19/2023,2,1,1,5,4,296.21
812,3/10/2022,1,11,11,1,5,822.37
813,12/28/2024,5,10,10,16,3,69.03
814,5/24/2022,5,9,9,12,2,136.6
815,10/15/2022,2,7,7,1,3,467.57
816,11/6/2024,2,25,25,11,2,292.41
817,8/4/2022,1,34,34,15,3,444.07
818,8/17/2023,2,37,37,7,2,367.23
819,2/4/2022,2,39,39,2,2,163.73
820,7/24/2024,2,40,40,13,2,326.29
821,3/6/2025,2,24,24,1,1,205.21
822,1/4/2025,3,14,14,3,4,321.77
823,3/21/2024,2,7,7,15,5,644.88
824,5/25/2025,3,16,16,8,5,477.48
825,6/28/2022,2,39,39,17,3,212.06
826,3/16/2025,2,40,40,18,3,68.41
827,8/29/2024,2,8,8,8,5,582.97
828,3/19/2025,4,30,30,13,2,295.39
829,8/6/2023,2,25,25,12,2,95.52
830,9/24/2024,2,39,39,2,5,400.56
831,8/1/2024,5,10,10,12,2,116.57
832,5/17/2024,2,17,17,8,2,161.29
833,2/25/2023,2,7,7,10,3,110.48
834,1/20/2023,2,17,17,3,3,346.99
835,10/4/2023,2,8,8,17,2,153.17
836,7/26/2024,3,38,38,8,4,365.14
837,4/5/2025,1,11,11,8,5,423.69
838,7/12/2023,5,21,21,11,5,838.74
839,6/17/2022,3,20,20,2,3,270.49
840,10/17/2024,2,40,40,3,1,95.57
841,1/26/2025,2,37,37,8,1,92.24
842,7/9/2022,3,38,38,18,4,117.13
843,7/17/2023,2,1,1,2,5,339.04
844,10/3/2023,2,1,1,1,5,781.3
845,6/27/2022,1,32,32,6,1,143.57
846,9/18/2022,5,19,19,18,4,91.13
847,9/9/2022,3,20,20,7,1,233.39
848,4/11/2023,2,25,25,7,2,367.27
849,5/22/2023,1,32,32,4,2,232.39
850,11/1/2023,2,25,25,11,1,200.08
851,7/29/2025,2,8,8,9,4,301
852,11/22/2021,3,20,20,18,5,110.39
853,7/17/2025,2,17,17,8,5,541.93
854,1/17/2025,5,6,6,11,4,637.85
855,5/14/2025,2,37,37,10,2,70.21
856,5/30/2025,2,25,25,10,3,109.88
857,1/31/2025,2,40,40,3,3,279.69
858,3/17/2025,2,1,1,6,5,970.66
859,6/22/2024,2,25,25,8,3,267.25
860,1/29/2023,2,7,7,12,1,50.02
861,10/28/2021,2,1,1,16,1,30.45
862,5/25/2022,2,7,7,10,1,41.97
863,9/9/2023,2,8,8,12,3,210.52
864,10/25/2023,2,40,40,3,2,177.54
865,9/15/2021,2,25,25,18,3,89.42
866,5/30/2025,2,40,40,5,2,136.63
867,3/21/2023,2,37,37,6,4,802.79
868,10/1/2023,2,17,17,2,2,169.74
869,10/14/2022,2,8,8,6,5,744.03
870,6/9/2023,1,34,34,10,5,207.66
871,10/25/2024,2,40,40,4,1,139.45
872,8/14/2025,5,21,21,8,4,339.08
873,9/27/2021,2,17,17,7,5,1119.93
874,11/14/2023,2,1,1,3,1,105.15
875,5/2/2025,2,1,1,4,1,128.57
876,2/12/2022,2,7,7,16,4,89.74
877,8/10/2022,5,15,15,9,1,66.67
878,3/22/2022,2,39,39,7,3,595.44
879,11/15/2024,2,40,40,1,3,509.52
880,7/11/2025,2,39,39,8,3,322.37
881,7/11/2024,2,7,7,1,3,551.93
882,4/12/2023,2,39,39,11,5,825.13
883,3/21/2024,3,16,16,8,4,339.43
884,12/24/2024,2,1,1,2,1,85.19
885,5/28/2024,2,25,25,4,5,813.13
886,5/21/2024,2,40,40,8,2,168.78
887,5/3/2024,2,8,8,4,4,564.21
888,5/3/2023,2,37,37,1,3,463.4
889,3/31/2024,5,6,6,1,5,853.16
890,6/23/2024,5,13,13,13,1,131.03
891,2/22/2023,2,39,39,7,4,672.15
892,8/3/2023,1,35,35,9,1,79.73
893,10/26/2021,2,7,7,10,4,176.52
894,7/29/2023,4,33,33,18,4,88.49
895,4/20/2023,2,7,7,14,4,619.01
896,2/19/2024,2,8,8,11,5,1019.92
897,3/3/2022,2,24,24,14,3,462.88
898,10/30/2024,2,25,25,14,5,802.41
899,8/8/2023,5,10,10,1,3,633.67
900,6/9/2025,2,17,17,7,2,405.26
901,9/18/2024,5,15,15,11,5,774.19
902,2/27/2022,2,25,25,10,2,86.24
903,1/29/2024,2,39,39,18,5,146.49
904,3/9/2023,2,24,24,6,5,801.91
905,9/27/2021,2,8,8,5,1,86.96
906,6/10/2023,2,8,8,6,3,596.62
907,8/23/2023,3,26,26,2,3,228.15
908,1/15/2024,2,1,1,18,2,48.83
909,8/17/2024,5,10,10,1,3,576.7
910,1/25/2023,2,25,25,17,2,139.31
911,4/8/2023,5,13,13,18,1,30.12
912,5/1/2025,2,25,25,10,2,78.55
913,7/15/2025,2,17,17,11,5,870.31
914,1/29/2024,2,17,17,10,3,152.5
915,1/5/2024,2,40,40,2,2,181.91
916,5/22/2024,2,17,17,9,2,177.03
917,3/29/2022,2,37,37,12,4,240.06
918,2/27/2025,1,32,32,9,1,74.76
919,7/22/2022,5,19,19,17,1,97.16
920,5/7/2025,2,37,37,7,4,749.2
921,6/17/2022,2,7,7,16,3,92.19
922,12/8/2024,1,11,11,8,2,231.63
923,8/24/2023,2,25,25,11,2,375.37
924,6/13/2022,5,19,19,17,3,291.65
925,1/29/2024,2,37,37,12,1,58.83
926,7/13/2024,4,33,33,11,4,595.29
927,9/17/2022,5,21,21,6,4,747.54
928,12/20/2024,2,25,25,7,5,1077.75
929,11/10/2024,2,40,40,6,2,390.34
930,7/1/2022,2,24,24,8,1,85.55
931,4/11/2024,2,40,40,15,2,264.84
932,4/13/2024,2,1,1,15,5,541.12
933,7/1/2023,3,2,2,1,2,373.76
934,8/3/2023,5,9,9,12,1,64.79
935,1/15/2024,2,39,39,1,5,919.77
936,9/24/2023,2,17,17,14,2,327.93
937,4/30/2022,2,7,7,11,1,137.73
938,7/1/2023,1,32,32,2,5,482.83
939,4/2/2025,2,24,24,16,3,76.09
940,8/3/2024,2,37,37,12,3,149.25
941,9/6/2022,2,17,17,7,5,964.08
942,5/25/2025,2,37,37,12,4,263
943,2/19/2025,2,40,40,1,2,389.22
944,6/13/2025,1,34,34,18,5,130.11
945,6/14/2024,2,40,40,15,3,335.46
946,2/14/2024,2,1,1,9,5,364.11
947,8/18/2023,2,39,39,11,1,200.51
948,10/6/2022,2,1,1,5,5,435.44
949,4/19/2025,2,1,1,17,3,208.64
950,8/3/2023,2,8,8,11,3,598.17
951,12/23/2024,1,31,31,1,4,757.58
952,8/9/2024,3,3,3,6,2,380.69
953,8/21/2023,5,9,9,10,4,194.79
954,11/9/2023,2,37,37,1,5,1082.61
955,11/10/2022,2,1,1,17,2,134.85
956,1/23/2025,2,25,25,3,2,180.74
957,9/21/2021,3,5,5,5,3,216.41
958,8/9/2023,2,7,7,13,3,476.99
959,10/22/2022,5,10,10,7,1,176.65
960,6/30/2023,2,39,39,2,1,85.86
961,9/5/2022,2,24,24,17,5,456.17
962,4/9/2024,3,28,28,14,2,315.82
963,6/17/2025,5,19,19,11,2,305.71
964,2/28/2025,3,38,38,13,2,322.69
965,10/14/2023,2,1,1,5,1,60.6
966,12/13/2022,4,30,30,12,4,259.56
967,8/25/2024,2,7,7,3,2,176.43
968,12/14/2021,5,13,13,2,3,291.22
969,4/26/2024,5,6,6,17,1,79.09
970,7/7/2024,3,5,5,3,5,392
971,5/28/2022,5,9,9,8,3,239.7
972,5/5/2022,2,8,8,1,1,212.94
973,9/16/2022,2,37,37,8,4,375.58
974,1/27/2025,4,12,12,6,1,178.56
975,12/10/2023,2,24,24,7,2,460.9
976,2/24/2024,2,24,24,15,1,134.18
977,10/24/2024,5,6,6,3,5,541.55
978,9/1/2022,2,1,1,1,1,157.98
979,9/3/2024,2,7,7,11,1,153.75
980,7/8/2024,2,25,25,18,1,24.18
981,7/10/2022,2,7,7,1,4,676.85
982,4/22/2023,1,31,31,7,2,460.04
983,1/10/2023,2,1,1,8,5,466.23
984,12/16/2023,5,10,10,15,1,150.93
985,8/12/2023,5,6,6,17,1,97.01
986,6/12/2023,5,6,6,3,2,217.69
987,3/13/2025,5,19,19,6,5,692.72
988,4/8/2023,4,30,30,7,4,866.56
989,5/5/2022,5,13,13,11,3,439.47
990,5/16/2023,2,37,37,2,5,426.43
991,8/3/2024,5,19,19,4,2,314.06
992,4/21/2025,2,8,8,8,3,316.99
993,5/16/2024,2,37,37,14,2,352.92
994,5/11/2025,2,17,17,14,1,147.95
995,3/8/2025,3,3,3,6,3,454.9
996,3/11/2022,2,39,39,13,1,184.9
997,1/7/2022,5,21,21,5,2,118.5
998,4/5/2022,5,10,10,1,3,553.09
999,1/26/2025,2,37,37,11,5,971.34
1000,11/18/2021,5,21,21,15,2,230.75
1001,1/27/2024,5,13,13,5,3,225
1002,4/21/2025,2,17,17,16,4,129.65
1003,4/22/2023,2,8,8,18,1,26.53
1004,7/10/2025,2,17,17,12,3,174.03
1005,6/15/2022,2,39,39,10,3,109.52
1006,7/9/2025,2,37,37,4,1,148.45
1007,9/18/2023,5,15,15,18,3,74.63
1008,4/21/2024,5,10,10,12,1,52.16
1009,11/10/2022,1,32,32,10,5,209.79
1010,2/25/2023,3,38,38,16,4,128.53
1011,5/25/2024,2,8,8,3,4,386.93
1012,7/6/2023,5,15,15,2,1,90.61
1013,5/20/2023,1,11,11,18,5,116.87
1014,6/22/2022,2,39,39,16,3,97.3
1015,11/1/2024,5,6,6,2,4,374.02
1016,5/22/2022,2,37,37,1,4,858.41
1017,1/22/2025,3,16,16,5,1,73.9
1018,5/6/2024,4,30,30,1,3,528.11
1019,10/22/2022,2,1,1,9,2,169.85
1020,4/17/2025,2,40,40,7,1,211.47
1021,6/28/2025,4,27,27,17,3,292.07
1022,11/21/2022,3,4,4,9,1,64.87
1023,1/13/2024,2,39,39,7,2,357.28
1024,11/26/2021,2,17,17,11,4,552.67
1025,3/24/2024,2,8,8,17,3,228.31
1026,10/23/2022,2,8,8,8,5,517.02
1027,8/22/2022,3,4,4,18,4,89.2
1028,10/8/2022,2,17,17,4,1,144.26
1029,9/18/2024,1,11,11,17,5,450.01
1030,12/1/2024,5,15,15,3,2,175.45
1031,5/15/2024,2,17,17,2,2,157.67
1032,12/28/2023,2,37,37,2,2,154.26
1033,3/8/2023,1,35,35,9,3,217.38
1034,2/2/2024,2,17,17,15,4,616.99
1035,5/10/2024,3,16,16,6,5,950.97
1036,4/20/2024,2,7,7,12,3,205.4
1037,5/22/2022,2,8,8,13,4,600.89
1038,5/28/2024,2,17,17,15,4,614.55
1039,7/21/2023,5,10,10,15,1,148.96
1040,7/24/2024,2,40,40,18,5,132.5
1041,10/17/2024,5,10,10,3,3,253.03
1042,2/18/2024,2,7,7,17,5,444.8
1043,4/29/2022,5,21,21,17,2,166.28
1044,5/29/2022,2,17,17,1,2,366.93
1045,6/30/2023,2,25,25,5,1,65.44
1046,12/31/2021,2,39,39,2,4,301.08
1047,3/10/2022,2,25,25,16,4,125.23
1048,12/4/2022,2,25,25,14,4,659.1
1049,6/3/2024,5,9,9,10,3,125.14
1050,5/1/2024,2,40,40,6,2,356.19
1051,3/16/2025,5,19,19,18,5,134.41
1052,6/18/2025,2,24,24,8,2,159.59
1053,4/28/2025,3,2,2,8,5,543.01
1054,8/1/2024,5,6,6,16,5,135.09
1055,5/17/2022,1,35,35,11,4,771.86
1056,12/13/2024,5,6,6,18,3,77.8
1057,4/3/2025,5,6,6,2,3,282.07
1058,11/14/2022,2,1,1,6,2,291.65
1059,9/12/2023,1,31,31,16,4,127.97
1060,7/7/2022,4,23,23,6,1,153.52
1061,12/3/2023,2,1,1,16,1,32.73
1062,6/18/2023,3,18,18,8,2,178.18
1063,6/26/2024,2,7,7,11,1,141.69
1064,6/9/2025,5,19,19,15,1,105.99
1065,5/17/2023,3,18,18,5,1,66.49
1066,3/29/2025,4,12,12,4,1,136.82
1067,2/5/2025,1,34,34,9,3,191.43
1068,5/9/2023,2,40,40,4,3,406.5
1069,1/4/2023,2,8,8,7,4,796.46
1070,10/12/2022,2,39,39,14,4,634.29
1071,4/16/2023,2,1,1,17,5,494.9
1072,6/28/2025,1,32,32,1,1,189.9
1073,5/15/2025,2,25,25,11,1,182.17
1074,12/7/2021,1,35,35,14,5,806.99
1075,1/6/2023,4,12,12,16,3,88.43
1076,3/26/2023,2,8,8,3,2,203.98
1077,5/31/2024,2,25,25,7,2,431.62
1078,1/10/2022,4,36,36,6,2,407.38
1079,5/27/2022,2,40,40,16,2,66.85
1080,3/12/2025,1,31,31,11,3,605.72
1081,8/9/2024,4,36,36,3,5,486.74
1082,10/26/2021,2,37,37,13,2,319.49
1083,4/8/2023,2,8,8,15,2,275.66
1084,12/12/2021,3,18,18,10,5,176
1085,8/3/2025,5,21,21,15,1,129.18
1086,8/8/2025,2,25,25,18,5,123.28
1087,8/28/2025,3,4,4,1,4,865.59
1088,11/18/2024,2,17,17,6,5,703.68
1089,3/13/2023,2,8,8,17,3,203.43
1090,10/22/2022,2,25,25,15,1,135.15
1091,7/25/2024,1,35,35,14,2,365.92
1092,11/22/2024,3,2,2,7,5,880.91
1093,9/15/2024,2,8,8,8,3,293.11
1094,11/23/2021,2,39,39,9,4,329.84
1095,1/26/2025,3,3,3,11,1,192.96
1096,11/22/2021,5,21,21,1,5,889.51
1097,3/19/2025,2,25,25,2,3,253.4
1098,8/27/2025,3,18,18,13,4,552.4
1099,9/16/2023,2,8,8,18,1,30.24
1100,10/12/2021,1,31,31,6,5,852.26
1101,11/5/2023,2,37,37,10,1,52.05
1102,9/19/2022,2,1,1,10,2,78.63
1103,7/2/2024,2,17,17,15,2,279.05
1104,1/6/2022,5,13,13,10,4,202.69
1105,6/13/2022,3,26,26,5,4,344.29
1106,10/25/2022,2,37,37,7,2,332.9
1107,8/12/2025,5,15,15,3,2,217.56
1108,3/28/2025,2,7,7,10,1,35.57
1109,5/7/2024,1,31,31,9,5,440.25
1110,10/13/2021,5,13,13,14,4,736.37
1111,8/6/2025,2,1,1,15,2,240.87
1112,8/13/2024,2,1,1,8,3,268.57
1113,1/14/2025,1,11,11,9,3,215.06
1114,11/1/2022,2,37,37,10,3,137.5
1115,10/16/2024,1,31,31,6,1,180.82
1116,12/27/2023,2,17,17,6,4,728.26
1117,3/17/2025,2,25,25,15,3,417.5
1118,10/27/2023,5,21,21,10,3,128.86
1119,2/28/2022,2,39,39,2,4,317.33
1120,3/7/2024,3,4,4,5,4,348.16
1121,10/4/2023,5,15,15,2,1,96.45
1122,10/14/2022,2,25,25,2,5,447.57
1123,6/16/2024,2,17,17,18,3,75.27
1124,3/24/2024,3,28,28,4,3,360.01
1125,6/13/2024,5,19,19,11,5,879.26
1126,2/10/2025,2,8,8,5,2,161.05
1127,12/17/2023,2,25,25,11,2,397.27
1128,8/29/2025,5,9,9,5,5,367.9
1129,7/12/2022,2,1,1,15,1,105.59
1130,9/9/2024,1,34,34,11,4,583.69
1131,10/3/2023,2,8,8,4,2,293.68
1132,2/24/2022,2,24,24,8,3,330.96
1133,11/16/2024,3,38,38,3,3,248.18
1134,2/1/2022,2,40,40,18,1,28.49
1135,3/6/2023,5,19,19,3,1,85.49
1136,2/20/2022,2,37,37,17,3,270.11
1137,10/4/2021,2,17,17,9,3,269.92
1138,12/31/2024,5,15,15,2,5,420.47
1139,2/4/2024,2,37,37,10,4,174.28
1140,1/19/2025,2,39,39,12,2,115.26
1141,10/31/2024,2,39,39,5,2,159.72
1142,4/6/2025,4,33,33,7,1,239.88
1143,12/28/2022,2,7,7,6,3,589.52
1144,11/24/2022,2,25,25,15,3,452.91
1145,2/14/2025,3,26,26,15,5,749.26
1146,6/16/2022,2,17,17,7,5,809.46
1147,10/28/2023,2,1,1,13,2,262.96
1148,7/22/2022,5,9,9,8,1,110.06
1149,7/20/2025,2,17,17,18,3,83.94
1150,8/29/2024,3,20,20,4,3,403.44
1151,10/24/2024,2,8,8,2,3,243.37
1152,1/21/2024,5,10,10,13,2,337.83
1153,9/22/2024,5,9,9,17,1,89.38
1154,9/20/2022,1,35,35,5,1,88.52
1155,2/9/2023,2,39,39,7,5,942.98
1156,6/15/2025,5,21,21,3,4,461.06
1157,1/16/2024,2,25,25,3,5,431.32
1158,5/6/2024,2,40,40,7,2,478.03
1159,12/3/2023,4,23,23,4,3,411.1
1160,11/26/2023,1,34,34,16,2,60.91
1161,11/7/2022,2,8,8,15,5,628.24
1162,1/5/2023,5,21,21,4,3,438.46
1163,3/27/2025,5,19,19,1,4,700.89
1164,8/1/2023,2,17,17,1,4,726.64
1165,2/10/2024,2,40,40,6,2,366.19
1166,12/14/2024,2,39,39,16,2,65.9
1167,6/28/2023,4,27,27,17,1,82.77
1168,4/19/2025,4,23,23,15,2,222.17
1169,7/17/2022,2,24,24,7,5,900.71
1170,8/13/2022,2,8,8,7,2,332.22
1171,11/11/2021,5,6,6,15,4,502.02
1172,2/28/2023,1,35,35,3,4,319.37
1173,6/29/2022,5,10,10,13,5,705
1174,3/18/2024,4,29,29,4,2,322.11
1175,1/10/2024,3,20,20,17,5,448.35
1176,9/26/2024,1,32,32,3,2,167.54
1177,10/22/2022,2,17,17,2,2,159.23
1178,9/2/2025,5,19,19,6,4,668.23
1179,9/12/2023,5,21,21,1,5,813.02
1180,10/21/2022,2,8,8,4,4,645.51
1181,12/18/2023,2,17,17,6,3,554.17
1182,12/30/2022,2,8,8,4,5,649.25
1183,9/21/2022,2,1,1,2,1,77.88
1184,7/1/2025,3,14,14,3,5,486.53
1185,2/26/2022,1,32,32,4,3,420.84
1186,6/10/2024,2,25,25,11,4,631.25
1187,10/29/2022,2,7,7,16,4,103.24
1188,2/29/2024,2,17,17,11,2,399.69
1189,10/30/2022,5,6,6,9,1,64.46
1190,5/8/2025,5,13,13,14,5,1023.09
1191,1/24/2022,1,11,11,6,2,406.32
1192,9/5/2022,2,25,25,11,2,311.41
1193,6/8/2023,2,25,25,7,4,791.55
1194,8/10/2024,3,16,16,7,5,1057.22
1195,12/5/2024,5,15,15,2,1,71.53
1196,3/26/2025,2,25,25,13,2,340.81
1197,3/26/2022,2,17,17,12,4,274.06
1198,4/11/2023,2,37,37,16,5,115.4
1199,7/4/2025,2,24,24,17,5,436.77
1200,11/2/2024,2,8,8,10,3,156.39
1201,6/28/2022,3,22,22,8,5,429.82
1202,6/28/2024,2,1,1,9,5,317.55
1203,7/27/2023,2,39,39,1,2,366.12
1204,2/24/2023,5,9,9,10,4,207.68
1205,12/28/2023,2,7,7,8,1,88.77
1206,3/17/2023,2,1,1,2,5,475.8
1207,5/22/2025,5,6,6,9,4,277.92
1208,6/24/2022,1,34,34,17,2,171.53
1209,1/10/2024,2,17,17,17,1,84.11
1210,2/17/2025,1,32,32,18,5,119.96
1211,9/16/2022,2,17,17,5,1,63.83
1212,10/18/2022,1,34,34,17,3,206.53
1213,7/10/2023,1,34,34,5,5,354.73
1214,9/17/2022,2,37,37,15,1,110
1215,5/28/2025,2,39,39,7,5,1102.15
1216,9/2/2022,2,25,25,11,3,489.81
1217,12/13/2023,2,17,17,18,3,71.99
1218,6/29/2022,5,15,15,13,2,347.47
1219,3/29/2023,2,24,24,4,2,268.09
1220,9/20/2024,3,20,20,2,4,284.48
1221,11/9/2022,4,12,12,12,2,117.91
1222,1/25/2024,2,39,39,3,2,179.65
1223,6/24/2024,2,17,17,11,5,884.95
1224,1/20/2025,3,38,38,14,4,728.64
1225,4/2/2022,2,39,39,13,2,355.86
1226,9/9/2023,2,24,24,16,3,67.19
1227,8/24/2023,5,15,15,7,2,377.47
1228,9/28/2021,2,25,25,15,3,366.04
1229,6/5/2023,1,34,34,14,1,152.51
1230,5/18/2022,2,37,37,17,5,418.43
1231,5/4/2023,2,8,8,16,2,48.74
1232,7/8/2023,2,39,39,8,3,316.98
1233,4/4/2022,2,1,1,15,4,563.27
1234,8/22/2024,5,10,10,1,3,587.26
1235,11/27/2021,4,30,30,17,4,305.8
1236,10/9/2023,2,17,17,18,3,69.86
1237,3/2/2023,2,1,1,6,3,455.34
1238,9/20/2021,2,40,40,4,4,463.28
1239,12/19/2023,2,40,40,16,2,61.36
1240,9/25/2021,2,39,39,12,3,198.54
1241,7/30/2024,2,8,8,14,4,613.66
1242,3/19/2025,5,13,13,18,2,42.44
1243,5/26/2023,1,35,35,16,5,123.18
1244,5/7/2023,1,32,32,3,5,557.03
1245,2/4/2024,2,40,40,1,3,652.16
1246,1/11/2022,3,16,16,11,2,310.03
1247,1/22/2025,2,24,24,10,1,41.03
1248,7/31/2022,2,17,17,17,2,159.24
1249,1/9/2022,2,7,7,12,2,138.83
1250,1/5/2022,5,10,10,10,3,124.44
1251,1/26/2024,4,33,33,3,5,531.92
1252,3/5/2023,1,32,32,9,4,366.75
1253,10/29/2021,2,8,8,12,3,196.53
1254,4/4/2025,2,40,40,14,5,967.55
1255,5/14/2025,5,9,9,11,4,588.53
1256,3/22/2024,2,37,37,11,3,509.96
1257,9/13/2022,2,1,1,18,1,22.57
1258,2/13/2025,2,25,25,6,3,496.16
1259,3/14/2025,5,6,6,10,5,206.98
1260,6/25/2024,2,17,17,10,2,73.04
1261,9/2/2022,2,25,25,11,1,159.98
1262,5/3/2024,2,8,8,3,2,196.65
1263,10/9/2024,5,9,9,8,5,407.43
1264,4/14/2022,5,13,13,3,3,317.12
1265,2/14/2022,1,11,11,15,2,223.15
1266,2/11/2025,1,32,32,4,4,506.65
1267,11/17/2023,2,24,24,13,5,922.75
1268,1/18/2025,2,24,24,6,1,156.79
1269,1/2/2025,5,9,9,10,4,142.68
1270,8/15/2022,1,32,32,1,3,464.32
1271,2/28/2022,2,1,1,15,1,129.48
1272,10/17/2024,2,39,39,7,2,407.01
1273,7/30/2022,5,13,13,2,3,247.68
1274,3/11/2023,2,1,1,17,3,270.57
1275,6/18/2024,2,25,25,18,1,26.14
1276,9/27/2022,2,37,37,4,1,146.15
1277,12/23/2022,2,7,7,18,2,52.86
1278,10/12/2022,1,32,32,7,2,456.41
1279,12/9/2022,5,19,19,10,1,51.94
1280,3/13/2023,2,25,25,13,1,137.94
1281,9/19/2021,3,38,38,2,4,322.35
1282,10/17/2023,1,32,32,5,1,69.04
1283,11/5/2022,5,19,19,2,1,80.25
1284,7/17/2025,3,3,3,1,5,903.4
1285,12/21/2021,5,15,15,2,3,277.61
1286,8/7/2023,3,3,3,2,4,328.37
1287,2/27/2023,2,8,8,15,3,349.51
1288,4/29/2023,2,24,24,2,1,75.92
1289,9/8/2022,2,1,1,1,2,340.55
1290,3/20/2024,2,39,39,12,5,251.03
1291,11/21/2021,2,8,8,10,4,200.74
1292,4/22/2023,2,1,1,17,5,398.87
1293,10/31/2024,2,24,24,9,2,175.27
1294,6/8/2022,2,39,39,10,3,156.18
1295,10/23/2023,3,4,4,18,1,28.39
1296,8/9/2023,4,36,36,15,3,321.57
1297,12/17/2021,5,9,9,5,3,212.17
1298,4/8/2023,4,27,27,9,3,268.81
1299,9/24/2022,3,26,26,5,1,66.64
1300,10/18/2023,2,39,39,7,2,387.29
1301,6/15/2023,2,40,40,8,4,348.33
1302,1/9/2025,2,40,40,1,5,766.38
1303,4/10/2025,2,7,7,9,2,158.39
1304,5/26/2024,3,2,2,17,5,387.15
1305,12/31/2022,2,8,8,7,1,236.12
1306,12/5/2024,4,33,33,7,2,397.23
1307,11/25/2022,2,24,24,13,2,353.93
1308,3/7/2023,2,25,25,9,1,85.87
1309,12/22/2022,1,11,11,1,3,491.14
1310,12/13/2023,2,24,24,3,5,391.88
1311,4/29/2024,2,1,1,10,5,207.97
1312,6/12/2022,2,24,24,14,1,171.53
1313,11/29/2024,2,7,7,9,5,376.12
1314,10/17/2024,4,12,12,13,5,761.74
1315,9/20/2021,4,23,23,6,4,730.86
1316,6/1/2022,2,39,39,13,4,621.56
1317,10/18/2021,5,10,10,17,5,389.75
1318,2/25/2024,2,39,39,5,1,85.02
1319,3/15/2023,5,15,15,6,5,874.64
1320,5/11/2022,5,10,10,5,5,342.37
1321,11/3/2024,4,33,33,2,5,339.46
1322,11/28/2022,2,17,17,14,3,484.02
1323,7/4/2022,1,34,34,9,2,145.44
1324,8/31/2023,2,40,40,14,4,616.7
1325,9/18/2023,2,1,1,8,4,400.5
1326,9/22/2022,2,8,8,1,3,576.03
1327,12/17/2022,2,8,8,1,5,995.86
1328,2/11/2023,2,40,40,12,3,159.84
1329,4/20/2025,2,17,17,12,4,274.43
1330,11/8/2022,3,16,16,1,5,890.6
1331,4/9/2022,2,37,37,7,5,828.44
1332,3/21/2022,2,7,7,16,1,29.55
1333,5/12/2022,2,7,7,11,4,725.45
1334,10/22/2024,2,8,8,8,4,432.4
1335,9/17/2021,5,19,19,2,1,98.34
1336,8/26/2024,3,38,38,8,1,116.97
1337,5/2/2024,3,28,28,3,2,227.03
1338,6/20/2024,5,13,13,17,3,215.99
1339,10/22/2021,2,17,17,1,1,188.25
1340,2/4/2025,3,28,28,12,2,113.97
1341,9/9/2022,2,25,25,18,5,147.61
1342,6/11/2024,3,14,14,13,3,446.74
1343,6/11/2025,3,2,2,18,1,30.23
1344,8/12/2024,2,24,24,4,1,151.64
1345,1/1/2023,5,19,19,8,4,387.79
1346,5/7/2025,5,6,6,14,5,1023.62
1347,12/30/2021,1,31,31,10,3,140.26
1348,9/15/2023,2,37,37,17,4,321.42
1349,5/16/2023,2,39,39,7,2,472.63
1350,8/2/2025,3,5,5,7,2,348.84
1351,4/1/2022,2,37,37,9,3,226.66
1352,9/2/2024,2,39,39,7,2,430.49
1353,4/28/2025,2,39,39,11,4,556.57
1354,12/14/2022,4,30,30,8,4,376.6
1355,12/1/2021,4,23,23,1,1,220.66
1356,7/17/2025,1,31,31,14,5,903.63
1357,1/5/2025,5,10,10,2,5,477.32
1358,1/3/2022,2,7,7,7,4,892.49
1359,6/4/2024,2,40,40,16,3,77.3
1360,5/7/2022,2,39,39,6,1,201.85
1361,12/7/2022,5,19,19,16,1,31.43
1362,2/12/2025,2,39,39,3,3,290.27
1363,2/19/2024,4,12,12,10,5,255.55
1364,1/12/2024,5,19,19,13,1,173.93
1365,6/9/2023,2,25,25,7,5,977.31
1366,6/19/2023,2,7,7,4,4,546.06
1367,1/12/2025,2,40,40,1,5,738.42
1368,7/28/2025,2,25,25,7,5,956.28
1369,1/12/2022,2,8,8,16,4,121.27
1370,3/12/2024,5,15,15,15,5,754.97
1371,3/18/2022,2,39,39,8,2,204.96
1372,6/20/2022,1,31,31,5,4,243.59
1373,12/2/2023,3,26,26,18,2,40.86
1374,1/11/2023,2,25,25,12,4,194.26
1375,6/24/2025,3,3,3,4,1,155.64
1376,11/18/2024,2,39,39,3,2,227.93
1377,11/6/2022,2,39,39,7,5,1114.63
1378,4/29/2022,2,24,24,5,2,150.74
1379,10/27/2022,2,25,25,16,4,128.51
1380,10/9/2024,5,19,19,13,2,332.15
1381,6/8/2023,1,31,31,8,3,293.73
1382,12/16/2023,3,16,16,9,4,337.22
1383,8/14/2024,2,1,1,11,4,570.69
1384,11/16/2022,2,1,1,3,1,78.43
1385,4/13/2023,1,34,34,14,4,782.4
1386,1/19/2022,2,24,24,13,4,608.69
1387,6/10/2024,3,20,20,18,4,109.31
1388,10/12/2022,2,37,37,15,3,419.36
1389,4/27/2022,2,40,40,3,1,78.26
1390,11/2/2021,5,10,10,11,1,188.02
1391,9/21/2024,2,25,25,11,1,203.19
1392,3/12/2023,2,1,1,18,2,42.72
1393,7/13/2025,2,24,24,9,4,274.66
1394,5/21/2025,2,40,40,4,1,137.1
1395,7/8/2025,2,39,39,12,3,158.69
1396,4/30/2024,5,15,15,7,1,166.08
1397,8/9/2024,2,25,25,10,3,142.15
1398,5/25/2024,2,1,1,15,1,149.98
1399,8/15/2023,2,37,37,10,1,41.1
1400,7/5/2024,2,1,1,2,1,99.49
1401,12/10/2021,2,17,17,12,3,184.18
1402,6/6/2023,2,24,24,1,2,296.87
1403,9/13/2025,2,8,8,5,3,240.25
1404,5/3/2025,2,40,40,7,4,936.53
1405,10/13/2021,2,1,1,16,5,138.06
1406,3/23/2025,2,7,7,4,3,492.6
1407,12/27/2021,2,1,1,11,4,678.45
1408,12/21/2022,2,37,37,11,2,303.48
1409,2/17/2025,2,8,8,8,5,492.24
1410,8/3/2024,1,31,31,8,2,225.51
1411,2/18/2023,4,12,12,9,4,265.59
1412,12/22/2023,2,39,39,18,3,88.58
1413,4/22/2022,2,37,37,8,2,193.54
1414,12/29/2024,5,10,10,1,2,324.53
1415,12/27/2021,5,19,19,12,2,114.87
1416,3/4/2022,2,8,8,13,1,166.71
1417,12/14/2024,3,16,16,9,5,447.52
1418,3/8/2023,4,27,27,8,4,325.23
1419,9/24/2024,5,15,15,13,5,710.73
1420,6/7/2025,5,15,15,13,3,494.37
1421,7/8/2022,2,17,17,8,2,224.03
1422,12/26/2021,2,1,1,5,5,319.13
1423,11/26/2023,2,7,7,1,3,500.33
1424,10/20/2021,4,36,36,10,5,218.05
1425,2/13/2025,2,1,1,13,2,358.07
1426,3/29/2022,2,8,8,14,4,603.54
1427,3/28/2025,4,27,27,13,4,554.53
1428,9/30/2024,2,40,40,17,2,148.66
1429,6/27/2025,2,24,24,10,2,80.57
1430,4/30/2022,3,18,18,11,3,529.23
1431,2/21/2023,2,25,25,11,1,205.75
1432,8/24/2022,2,25,25,3,1,87.69
1433,8/4/2023,2,40,40,16,3,68.05
1434,1/31/2024,3,14,14,7,3,696.78
1435,2/19/2023,2,40,40,3,2,172.43
1436,1/17/2025,3,38,38,18,3,63.97
1437,7/4/2023,2,25,25,17,3,222.54
1438,12/30/2024,1,31,31,4,4,592.52
1439,7/19/2023,1,31,31,16,2,56.06
1440,9/4/2025,2,17,17,6,3,615.47
1441,9/30/2022,2,25,25,6,1,187.51
1442,1/1/2023,5,21,21,9,1,91.5
1443,6/22/2024,2,8,8,1,5,1001.8
1444,10/14/2022,2,25,25,18,3,86.62
1445,1/15/2024,2,40,40,2,5,365.97
1446,7/23/2022,2,37,37,10,3,146.82
1447,3/21/2024,4,33,33,3,1,82.44
1448,4/18/2024,2,8,8,11,4,751.27
1449,7/23/2024,2,24,24,8,3,260.24
1450,1/7/2023,2,25,25,1,3,487.81
1451,12/4/2021,2,37,37,8,2,161.12
1452,8/11/2022,2,24,24,12,2,135.96
1453,9/6/2025,5,19,19,6,4,591.97
1454,3/24/2023,4,30,30,18,3,62.65
1455,6/11/2023,2,40,40,8,5,526.52
1456,11/12/2021,2,40,40,15,3,433.15
1457,10/7/2023,3,3,3,13,5,887.34
1458,8/17/2025,2,40,40,18,4,111.2
1459,6/5/2023,1,31,31,13,1,132.48
1460,9/1/2024,2,8,8,8,1,87.79
1461,5/19/2022,2,8,8,2,4,364.69
1462,2/22/2022,2,8,8,12,2,137.92
1463,3/1/2023,3,38,38,7,5,888.71
1464,12/8/2023,2,24,24,14,2,350.03
1465,9/16/2024,3,18,18,8,4,340.85
1466,2/1/2022,2,40,40,15,3,434.84
1467,12/3/2023,2,1,1,16,2,65.05
1468,11/8/2023,2,8,8,6,3,492.72
1469,3/26/2022,4,33,33,17,2,133.94
1470,4/25/2022,2,8,8,15,1,136.32
1471,11/4/2024,5,19,19,15,1,120.47
1472,1/8/2022,2,39,39,12,1,61.34
1473,6/15/2025,3,38,38,14,4,827.97
1474,7/2/2022,1,32,32,5,5,307.46
1475,9/11/2025,1,34,34,10,2,101.7
1476,11/11/2022,2,24,24,6,1,178.36
1477,11/10/2021,2,7,7,2,1,92.59
1478,9/15/2021,2,25,25,7,5,929.08
1479,5/3/2023,2,40,40,9,4,377.61
1480,12/13/2024,2,24,24,12,2,120.37
1481,3/2/2023,5,6,6,16,2,63.4
1482,5/24/2022,2,25,25,6,2,295.27
1483,2/2/2023,1,11,11,4,5,585.27
1484,3/2/2022,2,39,39,5,2,151.01
1485,4/9/2025,4,36,36,13,5,666.35
1486,1/9/2025,5,9,9,17,1,83.93
1487,6/14/2022,2,17,17,8,2,157.03
1488,8/20/2022,2,24,24,8,2,183.51
1489,5/1/2024,2,39,39,2,2,149.21
1490,9/8/2024,5,21,21,7,2,382.89
1491,4/2/2025,2,7,7,8,2,166.76
1492,12/1/2021,2,25,25,12,5,292.74
1493,4/11/2025,3,22,22,16,4,126.55
1494,2/27/2025,2,1,1,11,3,464.66
1495,6/20/2025,2,25,25,2,2,177.8
1496,4/6/2025,2,1,1,7,4,742.66
1497,7/15/2022,2,1,1,12,3,190.76
1498,10/16/2024,2,1,1,13,3,411.27
1499,11/25/2021,2,40,40,4,3,482.54
1500,1/11/2023,2,8,8,18,1,26.98
1501,3/10/2022,3,26,26,17,1,71.3
1502,3/5/2023,2,24,24,7,1,204.91
1503,10/11/2024,3,22,22,2,2,170.31
1504,9/27/2021,3,3,3,12,5,258.23
1505,4/5/2025,2,39,39,11,4,780.29
1506,10/28/2023,2,24,24,1,1,181.61
1507,1/27/2023,1,31,31,16,4,119.44
1508,8/24/2023,3,22,22,9,5,398.17
1509,10/16/2024,2,7,7,8,1,110.91
1510,7/10/2023,2,39,39,6,1,204.98
1511,8/18/2023,3,28,28,4,5,710.84
1512,3/1/2024,2,17,17,15,1,121.2
1513,11/15/2023,2,37,37,18,3,75.28
1514,10/23/2024,5,9,9,5,2,145.48
1515,7/17/2022,2,8,8,5,3,218.65
1516,5/12/2022,5,21,21,5,3,242.77
1517,12/29/2022,2,37,37,6,5,901.15
1518,8/4/2025,2,17,17,3,4,374.66
1519,5/21/2023,2,24,24,15,5,766.67
1520,8/21/2024,3,3,3,5,1,75.94
1521,1/13/2024,2,25,25,4,4,593.26
1522,9/4/2025,2,1,1,5,2,166.46
1523,2/11/2023,2,17,17,6,5,926.77
1524,9/15/2024,2,37,37,9,2,127.74
1525,5/6/2024,2,25,25,17,1,74.2
1526,12/30/2024,2,8,8,14,1,160.18
1527,11/15/2023,2,40,40,8,4,461.91
1528,6/19/2022,2,8,8,6,1,140.19
1529,3/3/2025,2,24,24,6,4,573.54
1530,9/21/2021,1,34,34,13,2,292.84
1531,6/14/2023,2,24,24,10,4,201.63
1532,12/30/2024,3,4,4,6,2,342.54
1533,4/7/2023,2,24,24,9,5,329.29
1534,1/20/2023,5,9,9,17,2,190.24
1535,6/26/2023,2,8,8,12,5,310.21
1536,2/5/2025,1,32,32,9,3,222.19
1537,9/20/2021,5,6,6,10,5,181.31
1538,11/20/2022,4,12,12,4,3,394.32
1539,5/6/2024,5,15,15,11,4,607.73
1540,1/7/2022,2,39,39,6,1,188.99
1541,1/9/2024,2,17,17,17,2,169.03
1542,3/4/2024,3,28,28,15,4,568.54
1543,2/11/2024,2,8,8,2,4,269.29
1544,6/28/2023,2,25,25,18,3,68.85
1545,12/9/2021,2,24,24,9,3,228.31
1546,6/19/2025,5,19,19,4,2,252.17
1547,9/24/2023,2,1,1,3,5,532.23
1548,3/15/2024,2,25,25,2,5,417.96
1549,5/7/2022,1,34,34,11,2,358.17
1550,8/16/2022,2,39,39,9,5,436.63
1551,2/25/2024,2,8,8,11,1,150.7
1552,6/21/2022,2,1,1,16,2,56.93
1553,9/30/2022,2,1,1,4,4,530.89
1554,6/9/2023,2,25,25,17,3,293.42
1555,7/19/2023,2,25,25,9,1,76.87
1556,4/8/2023,5,9,9,16,4,105.51
1557,11/7/2021,2,7,7,10,2,74.87
1558,8/11/2025,5,9,9,2,1,75.3
1559,11/3/2022,2,7,7,1,3,495.6
1560,9/9/2023,5,19,19,2,3,285.99
1561,3/29/2025,3,22,22,12,3,176.22
1562,4/13/2025,1,32,32,6,2,281.06
1563,3/18/2025,2,25,25,8,5,410.31
1564,11/1/2021,2,17,17,17,4,335.04
1565,1/17/2023,2,8,8,14,4,708.21
1566,11/21/2021,2,1,1,9,4,332.96
1567,10/22/2022,5,13,13,5,4,327.73
1568,12/7/2022,2,24,24,4,4,654.94
1569,5/25/2024,2,39,39,1,3,550.88
1570,3/14/2024,1,31,31,1,4,823.58
1571,3/4/2024,2,24,24,3,2,184.58
1572,11/26/2021,5,6,6,15,4,603.66
1573,1/23/2022,5,6,6,13,5,704.66
1574,8/25/2022,3,20,20,10,1,38.8
1575,2/13/2024,5,21,21,11,5,950.61
1576,12/3/2023,2,1,1,1,5,1091.23
1577,6/27/2024,5,19,19,3,4,356.38
1578,8/4/2022,5,13,13,6,5,859.91
1579,6/18/2022,2,25,25,12,1,66.05
1580,9/5/2024,2,7,7,6,1,153.63
1581,10/2/2023,2,17,17,13,3,548.2
1582,7/16/2024,5,21,21,1,4,728.03
1583,6/2/2023,3,2,2,15,3,370.03
1584,3/20/2023,2,40,40,17,4,296.73
1585,4/11/2023,1,11,11,18,2,52.68
1586,10/25/2024,5,21,21,5,5,322.99
1587,12/28/2021,5,15,15,1,4,641
1588,5/23/2023,2,39,39,1,2,377.71
1589,11/22/2021,4,12,12,14,3,454.97
1590,7/19/2023,2,8,8,16,5,124.36
1591,3/11/2025,5,9,9,4,4,501.76
1592,7/22/2024,1,32,32,14,5,949.97
1593,2/15/2023,3,5,5,10,5,220.31
1594,9/6/2025,5,15,15,17,4,365.45
1595,7/4/2022,2,25,25,12,3,173.05
1596,7/23/2024,2,39,39,16,1,24.32
1597,10/22/2022,4,12,12,8,1,102.81
1598,10/19/2022,3,28,28,1,5,918.36
1599,3/7/2022,2,40,40,15,2,258.46
1600,12/1/2021,3,38,38,10,3,143.71
1601,6/27/2023,1,32,32,10,3,146.16
1602,1/23/2023,2,25,25,5,2,163.27
1603,2/22/2024,2,39,39,16,2,60.35
1604,10/2/2022,2,25,25,3,5,491.96
1605,1/5/2024,2,1,1,14,5,946.51
1606,9/11/2023,4,36,36,11,5,699.78
1607,12/10/2024,4,36,36,4,4,637.04
1608,3/27/2025,2,25,25,4,4,509.7
1609,10/7/2022,2,25,25,11,2,281.26
1610,2/17/2023,1,32,32,11,2,357.76
1611,6/22/2023,2,39,39,8,5,460.93
1612,2/11/2023,2,24,24,17,3,261.19
1613,10/8/2023,5,6,6,3,1,111.07
1614,6/3/2024,3,16,16,4,3,368.29
1615,7/4/2025,2,7,7,1,4,863.33
1616,9/1/2023,1,32,32,12,4,236.56
1617,3/11/2023,5,6,6,7,5,1192.2
1618,2/13/2022,2,7,7,5,2,153.31
1619,2/18/2024,2,17,17,17,1,68.28
1620,10/14/2022,2,8,8,15,1,141.43
1621,9/1/2024,2,40,40,15,2,274.4
1622,9/30/2024,3,22,22,11,2,304.96
1623,12/3/2021,5,19,19,15,3,350.52
1624,1/6/2022,2,8,8,7,2,476.43
1625,4/12/2024,2,8,8,12,4,248.22
1626,3/31/2025,2,37,37,16,5,152.31
1627,12/27/2024,2,40,40,18,2,55.57
1628,8/25/2024,3,38,38,14,2,293.61
1629,4/16/2022,5,10,10,2,4,395.17
1630,11/28/2022,2,17,17,12,4,226.44
1631,5/22/2025,2,37,37,3,3,309.08
1632,6/26/2025,2,39,39,14,1,203.49
1633,8/7/2024,2,8,8,15,5,606.28
1634,12/27/2022,2,37,37,10,1,49.94
1635,10/30/2022,3,5,5,8,5,555.94
1636,11/9/2022,2,40,40,9,2,163.26
1637,8/23/2025,2,17,17,2,1,92.98
1638,5/25/2022,2,1,1,2,2,142.6
1639,7/21/2025,2,37,37,11,2,311.27
1640,8/19/2025,3,5,5,9,4,304.15
1641,5/8/2023,2,1,1,3,2,179.87
1642,1/15/2022,2,24,24,11,4,731.56
1643,11/27/2024,5,9,9,2,2,152.6
1644,3/14/2024,2,1,1,8,1,106.54
1645,11/23/2024,2,39,39,9,2,173.93
1646,5/17/2022,5,19,19,18,1,26.89
1647,10/13/2024,2,37,37,14,5,1050.97
1648,4/19/2023,3,16,16,8,5,504.77
1649,9/20/2021,2,7,7,16,4,126.52
1650,2/20/2023,2,17,17,14,5,857.78
1651,2/10/2025,4,23,23,2,2,148.18
1652,12/28/2021,2,37,37,6,4,718.21
1653,3/17/2023,3,26,26,5,3,245.55
1654,12/22/2022,3,14,14,4,2,272.27
1655,12/29/2023,5,9,9,13,5,836.27
1656,7/14/2024,2,40,40,2,3,229.42
1657,1/25/2025,2,39,39,7,5,941.03
1658,12/21/2023,5,13,13,12,5,315
1659,12/12/2022,2,24,24,12,5,284.9
1660,7/4/2023,5,9,9,18,3,67.66
1661,8/1/2022,5,9,9,10,2,85.17
1662,10/25/2021,4,33,33,18,3,73.92
1663,11/17/2024,2,17,17,7,3,645.95
1664,11/22/2024,2,7,7,8,5,536.74
1665,9/19/2021,3,38,38,5,1,67.37
1666,3/18/2024,2,17,17,5,5,378.56
1667,12/11/2023,5,6,6,15,4,511.98
1668,6/22/2023,2,8,8,17,2,165.38
1669,2/14/2022,1,31,31,15,4,468.37
1670,6/28/2025,2,39,39,14,3,520.65
1671,6/20/2023,2,1,1,2,4,395.83
1672,12/17/2021,2,17,17,4,4,615.86
1673,10/18/2023,2,17,17,2,3,259.42
1674,3/14/2025,2,7,7,1,5,880.85
1675,1/7/2023,2,25,25,8,4,464.61
1676,8/6/2022,5,6,6,14,3,530.73
1677,6/25/2023,5,13,13,12,2,128.88
1678,12/12/2024,2,25,25,7,3,540.8
1679,8/29/2022,5,19,19,5,2,147.67
1680,1/12/2024,2,37,37,3,4,418.39
1681,4/28/2022,3,22,22,11,3,450.45
1682,1/13/2025,2,8,8,2,2,174.05
1683,8/16/2022,2,39,39,11,2,371.54
1684,10/16/2021,3,2,2,6,3,559.43
1685,5/28/2025,2,7,7,8,4,427.59
1686,3/19/2025,5,9,9,1,3,642.88
1687,6/7/2022,4,12,12,16,1,25
1688,4/22/2023,5,6,6,14,3,473.35
1689,1/14/2022,5,9,9,1,4,781.89
1690,4/2/2023,2,8,8,3,4,401.56
1691,3/28/2025,5,13,13,3,5,466.1
1692,3/16/2024,4,23,23,5,1,78
1693,6/26/2022,2,1,1,11,2,340.76
1694,11/30/2023,2,7,7,12,2,122
1695,10/3/2024,2,17,17,9,4,289.87
1696,4/9/2022,2,25,25,18,4,119.72
1697,4/21/2022,2,39,39,9,3,202.25
1698,10/29/2024,2,39,39,14,2,334.2
1699,5/20/2022,2,8,8,10,4,176.82
1700,1/5/2024,5,13,13,16,5,124.68
1701,9/26/2021,2,39,39,18,4,114.41
1702,4/15/2024,2,25,25,9,5,405.56
1703,6/6/2023,2,40,40,5,1,66.77
1704,4/10/2022,2,17,17,18,3,79.05
1705,12/17/2022,2,25,25,8,5,418.71
1706,9/21/2023,2,1,1,14,3,538.93
1707,1/3/2024,5,15,15,5,1,61.01
1708,5/15/2022,2,1,1,5,2,169.71
1709,1/26/2025,2,17,17,11,5,878.18
1710,12/27/2024,3,14,14,10,4,191.29
1711,9/4/2022,5,21,21,18,5,141.61
1712,6/20/2022,5,15,15,4,3,481.44
1713,2/18/2023,5,19,19,17,1,68.13
1714,5/4/2022,3,28,28,2,3,260.54
1715,4/2/2023,5,15,15,14,2,325.07
1716,2/13/2023,1,35,35,6,1,144.19
1717,12/17/2021,2,24,24,15,2,273.68
1718,4/13/2025,5,21,21,16,5,143.13
1719,2/1/2022,2,39,39,9,2,182.74
1720,12/5/2023,5,19,19,3,1,102.38
1721,8/9/2022,2,17,17,1,5,794.26
1722,11/27/2022,5,10,10,11,3,617.38
1723,3/18/2025,2,25,25,16,2,46.66
1724,10/3/2022,4,33,33,16,4,109.58
1725,10/7/2021,1,34,34,14,5,988.49
1726,2/19/2025,2,39,39,18,4,112.65
1727,6/13/2025,1,34,34,13,2,251.91
1728,3/11/2025,2,24,24,9,5,386.38
1729,1/5/2024,2,7,7,11,5,901.94
1730,7/6/2025,3,18,18,6,4,621.75
1731,12/31/2022,4,27,27,5,5,361.41
1732,3/7/2023,5,9,9,3,2,218.97
1733,4/12/2023,2,17,17,6,4,773.67
1734,5/2/2024,2,1,1,6,1,172.11
1735,6/24/2022,2,1,1,6,4,800.02
1736,11/15/2021,3,2,2,13,1,134.75
1737,9/2/2022,2,37,37,3,2,224.55
1738,10/5/2024,2,25,25,17,4,392.59
1739,9/15/2023,2,1,1,6,5,876.99
1740,7/19/2023,4,30,30,16,4,121.85
1741,10/1/2023,2,17,17,15,1,107.14
1742,10/30/2023,2,7,7,16,4,97.25
1743,4/17/2025,3,4,4,5,4,273.57
1744,5/19/2025,2,24,24,4,4,444.86
1745,7/2/2024,5,19,19,7,2,467.95
1746,10/22/2022,2,7,7,10,3,134.19
1747,12/28/2023,2,40,40,10,1,36.68
1748,4/8/2023,3,16,16,2,5,439.63
1749,4/25/2025,4,29,29,15,5,716.84
1750,10/17/2024,5,13,13,5,2,138.39
1751,3/14/2025,3,16,16,1,1,174.23
1752,6/5/2024,5,21,21,6,4,625.54
1753,2/8/2023,3,14,14,2,1,67.54
1754,6/26/2022,2,17,17,15,3,341.66
1755,11/11/2024,1,31,31,7,1,171.12
1756,11/29/2023,5,21,21,8,4,453.34
1757,7/16/2024,5,6,6,6,5,885.66
1758,9/7/2025,2,17,17,3,1,85.23
1759,9/21/2022,2,37,37,12,3,185.5
1760,2/28/2023,2,7,7,4,3,407.21
1761,9/1/2022,2,39,39,13,4,680.9
1762,7/19/2025,1,11,11,12,4,272.93
1763,6/2/2025,2,8,8,8,4,333.02
1764,2/24/2025,4,36,36,5,4,301.72
1765,9/9/2023,2,1,1,14,4,580.67
1766,7/3/2022,2,24,24,4,5,596.46
1767,6/23/2022,5,15,15,15,3,432.89
1768,8/17/2024,2,37,37,13,3,513
1769,7/14/2024,1,11,11,8,5,451.18
1770,3/3/2024,2,37,37,15,3,434.26
1771,5/17/2022,1,32,32,7,3,649.16
1772,1/1/2024,2,24,24,12,2,138.23
1773,7/28/2025,2,37,37,7,4,916.88
1774,10/31/2024,2,17,17,11,2,348.66
1775,12/25/2023,1,32,32,15,4,615.39
1776,10/8/2022,2,39,39,13,1,144.35
1777,2/14/2022,2,7,7,15,4,623.44
1778,1/29/2022,2,7,7,8,3,305.36
1779,12/4/2022,5,15,15,2,1,89.03
1780,4/3/2024,1,35,35,13,4,609.89
1781,9/14/2022,5,21,21,9,3,214.03
1782,4/13/2022,2,7,7,13,5,790.98
1783,12/1/2021,5,10,10,14,2,289.35
1784,1/27/2025,3,26,26,7,1,198.4
1785,10/11/2022,2,8,8,3,4,422.93
1786,5/21/2024,5,19,19,17,5,414.23
1787,10/30/2024,2,25,25,16,1,26.57
1788,10/30/2022,2,17,17,4,2,286.02
1789,6/14/2022,5,9,9,5,3,204.27
1790,8/23/2022,2,39,39,6,3,582.58
1791,9/28/2022,5,13,13,1,3,498.93
1792,2/14/2022,2,7,7,14,3,512.66
1793,7/4/2022,2,40,40,13,1,179.29
1794,8/5/2023,2,1,1,2,5,499.47
1795,7/5/2024,5,6,6,13,5,757.05
1796,11/18/2022,5,15,15,9,5,455.12
1797,8/24/2022,3,38,38,17,4,306.91
1798,10/5/2024,3,4,4,2,4,372.31
1799,9/7/2022,2,1,1,7,4,737.08
1800,10/6/2021,3,14,14,15,3,424.25
1801,8/26/2022,5,15,15,16,5,126.96
1802,1/7/2023,5,6,6,12,4,215.72
1803,2/27/2023,2,1,1,6,3,583.5
1804,3/26/2025,2,8,8,12,1,71.06
1805,6/12/2023,2,24,24,10,1,42.55
1806,1/16/2024,1,34,34,9,1,68.39
1807,2/23/2024,2,17,17,5,5,322.35
1808,6/8/2024,2,1,1,13,1,130.93
1809,12/31/2024,2,40,40,3,5,452.37
1810,4/27/2023,2,17,17,12,3,162.12
1811,2/19/2025,2,25,25,5,5,443.05
1812,1/9/2023,2,1,1,8,3,265.85
1813,10/9/2023,5,21,21,8,4,405.55
1814,3/1/2023,2,1,1,12,3,164.41
1815,12/4/2022,2,7,7,15,3,329.73
1816,3/20/2022,2,40,40,12,4,274.55
1817,7/20/2025,4,12,12,1,2,308.84
1818,5/29/2025,2,17,17,4,3,463.41
1819,10/5/2024,2,39,39,5,4,334.97
1820,3/27/2022,3,18,18,10,3,144.17
1821,12/13/2021,3,14,14,4,3,370.75
1822,1/14/2024,1,11,11,17,2,178.72
1823,5/15/2023,3,38,38,14,2,360.27
1824,10/9/2023,2,7,7,15,4,442.57
1825,5/18/2023,2,8,8,9,5,458.56
1826,7/12/2025,2,7,7,9,3,223.22
1827,7/18/2023,5,6,6,3,3,281.93
1828,12/10/2024,2,40,40,12,3,209.2
1829,6/15/2024,5,6,6,5,2,120.07
1830,4/16/2025,1,35,35,12,4,206.19
1831,5/13/2022,2,1,1,4,4,598.19
1832,9/6/2022,2,8,8,18,5,140.37
1833,6/5/2022,2,39,39,17,1,70.42
1834,1/21/2024,2,24,24,15,2,230.34
1835,11/24/2023,1,11,11,1,5,795.05
1836,1/7/2024,5,6,6,15,1,115.61
1837,4/25/2024,2,1,1,3,3,350.02
1838,6/28/2022,5,15,15,15,3,459.39
1839,11/6/2021,1,31,31,17,2,177.4
1840,2/18/2022,2,24,24,3,4,394.04
1841,8/9/2023,2,25,25,1,4,689.48
1842,12/30/2021,4,29,29,3,4,436.63
1843,6/4/2023,5,13,13,12,1,55.79
1844,12/28/2021,2,39,39,1,5,987.3
1845,6/22/2024,2,25,25,13,4,729.88
1846,8/31/2022,2,1,1,13,2,294.61
1847,9/16/2021,2,40,40,13,5,896.96
1848,10/26/2022,2,17,17,10,2,101.78
1849,7/26/2023,2,7,7,17,3,253.17
1850,1/13/2024,2,17,17,13,2,288
1851,1/26/2023,2,40,40,8,4,378.8
1852,8/23/2024,5,15,15,11,5,843.15
1853,5/7/2024,2,37,37,18,1,22.36
1854,7/4/2023,2,39,39,5,3,195.13
1855,5/10/2024,1,32,32,6,3,534.88
1856,8/20/2024,5,6,6,6,1,160.54
1857,8/31/2024,2,17,17,17,5,397.93
1858,12/4/2021,1,31,31,10,4,147.24
1859,10/16/2024,2,1,1,9,5,340.15
1860,11/7/2022,5,19,19,11,3,448.78
1861,2/18/2022,2,37,37,17,3,267.25
1862,6/2/2023,3,2,2,1,1,211.64
1863,6/9/2022,5,21,21,8,1,92.07
1864,4/6/2023,5,21,21,1,1,220.26
1865,6/14/2024,1,31,31,15,1,127.04
1866,4/22/2024,4,29,29,4,2,251.56
1867,5/4/2022,2,40,40,12,2,115.05
1868,10/5/2023,2,7,7,17,5,487.79
1869,9/22/2023,3,2,2,1,1,181.37
1870,8/26/2025,3,18,18,5,5,419.7
1871,5/28/2022,5,21,21,17,5,437.39
1872,9/7/2023,2,24,24,3,3,273.14
1873,6/5/2024,5,19,19,11,3,502.9
1874,1/14/2022,2,17,17,9,4,323.65
1875,4/23/2022,2,8,8,2,1,89.19
1876,12/8/2023,5,15,15,1,4,863.1
1877,11/8/2022,1,11,11,3,1,111.52
1878,11/22/2021,4,33,33,2,3,215
1879,3/5/2023,2,17,17,13,4,589.69
1880,8/27/2024,3,20,20,14,3,437.15
1881,10/11/2023,4,12,12,11,1,143.25
1882,8/17/2023,5,19,19,14,1,200.83
1883,4/12/2023,5,9,9,16,4,130.87
1884,12/6/2023,2,8,8,5,4,300.49
1885,4/26/2024,3,26,26,18,1,26.09
1886,2/9/2022,2,37,37,6,1,160.42
1887,5/31/2023,2,37,37,6,3,536.88
1888,5/25/2024,2,37,37,8,1,114.93
1889,4/27/2023,2,37,37,14,3,445.1
1890,10/9/2021,2,1,1,16,3,86.64
1891,6/27/2022,3,5,5,4,3,346.71
1892,6/5/2025,2,25,25,17,1,81.39
1893,12/9/2022,2,7,7,8,2,197.11
1894,3/15/2024,2,40,40,6,2,364.72
1895,12/3/2024,2,8,8,17,4,303.93
1896,7/1/2024,5,6,6,5,4,269.54
1897,10/14/2024,2,37,37,6,4,746.28
1898,7/3/2023,2,24,24,5,2,169.98
1899,6/10/2024,2,1,1,17,5,426.98
1900,1/13/2025,2,40,40,2,2,137.29
1901,5/11/2025,2,40,40,7,1,217.18
1902,1/2/2023,2,7,7,13,5,898.1
1903,2/19/2024,5,19,19,13,3,392.45
1904,4/12/2025,2,25,25,17,4,279.82
1905,7/12/2025,4,12,12,1,1,182.99
1906,4/15/2022,2,25,25,14,2,372.08
1907,12/5/2023,5,13,13,15,1,128.48
1908,7/26/2024,2,17,17,4,3,362.35
1909,9/4/2023,5,19,19,1,4,870.38
1910,4/3/2023,2,37,37,8,5,420.36
1911,7/26/2023,1,32,32,18,4,104.65
1912,12/13/2024,2,25,25,17,3,262.49
1913,12/7/2023,2,8,8,14,5,775.97
1914,5/14/2024,3,4,4,17,1,70.59
1915,12/29/2022,5,15,15,10,4,159.9
1916,6/6/2024,2,24,24,18,1,27.43
1917,8/11/2022,2,24,24,6,3,498.23
1918,7/24/2023,2,40,40,1,4,715.63
1919,6/10/2025,5,19,19,9,1,84.56
1920,12/29/2024,2,17,17,8,3,299.25
1921,1/16/2024,3,5,5,2,3,274.71
1922,12/4/2021,2,7,7,18,5,141.37
1923,5/4/2023,2,17,17,9,3,260.04
1924,10/26/2022,2,1,1,6,2,296.73
1925,2/23/2022,2,37,37,2,1,71.54
1926,8/3/2024,2,40,40,13,4,523.27
1927,8/18/2023,5,13,13,12,5,286.56
1928,1/24/2024,2,24,24,12,3,208.09
1929,4/11/2025,5,21,21,15,5,653.01
1930,7/19/2022,1,11,11,6,5,1023.06
1931,7/31/2025,5,13,13,18,4,89.38
1932,4/1/2024,2,25,25,6,1,163.84
1933,9/7/2025,2,37,37,8,3,335.7
1934,1/9/2023,5,15,15,13,2,369.06
1935,11/29/2023,2,1,1,12,3,165.44
1936,2/22/2024,2,8,8,13,1,157.44
1937,10/25/2023,3,3,3,5,3,262.57
1938,9/25/2024,2,25,25,8,5,474.38
1939,5/21/2025,1,31,31,12,3,209.61
1940,5/17/2023,2,24,24,13,1,138.78
1941,10/1/2023,2,39,39,11,4,652.7
1942,10/9/2022,5,21,21,4,2,231.6
1943,6/9/2024,3,20,20,11,1,150.41
1944,1/5/2023,2,40,40,4,5,579.91
1945,7/28/2022,5,21,21,12,5,299.89
1946,7/26/2024,2,8,8,16,2,52.25
1947,5/13/2024,2,24,24,17,4,313.72
1948,4/4/2023,2,24,24,12,3,150.99
1949,5/17/2024,2,8,8,15,4,581.21
1950,9/5/2022,2,8,8,13,2,259.82
1951,9/16/2022,5,13,13,2,1,88
1952,11/17/2022,5,15,15,8,1,93.95
1953,1/26/2023,5,9,9,14,5,1041.16
1954,4/6/2022,5,21,21,2,4,394.19
1955,3/13/2022,3,22,22,2,1,86.56
1956,6/13/2023,2,25,25,11,5,866.36
1957,2/1/2025,5,15,15,8,4,404.01
1958,9/24/2021,3,4,4,2,5,377.81
1959,8/22/2024,5,19,19,5,1,81.97
1960,5/27/2024,1,34,34,1,2,435.53
1961,4/24/2022,2,8,8,4,5,586.92
1962,3/1/2022,2,7,7,5,1,61.84
1963,12/23/2021,2,17,17,2,3,227.08
1964,7/16/2024,4,27,27,10,1,38.7
1965,8/8/2025,5,10,10,9,2,178.69
1966,8/14/2024,5,19,19,10,5,188.05
1967,8/24/2023,2,7,7,13,4,512.25
1968,6/29/2025,3,4,4,17,4,400.83
1969,3/24/2022,5,6,6,5,3,204.22
1970,5/22/2024,3,3,3,16,4,101.09
1971,2/5/2025,2,25,25,3,5,560.32
1972,5/16/2025,5,15,15,13,5,857.99
1973,2/13/2023,5,10,10,6,5,852.3
1974,6/8/2025,2,37,37,13,2,292.76
1975,3/14/2024,2,40,40,2,5,492
1976,10/12/2024,2,24,24,11,1,151.14
1977,11/18/2021,2,7,7,12,1,51.5
1978,10/19/2021,2,25,25,7,5,1171.05
1979,12/18/2023,5,21,21,4,4,579.76
1980,10/4/2021,3,14,14,16,1,32.02
1981,9/26/2022,2,8,8,9,2,137.11
1982,2/25/2022,2,8,8,14,1,196.6
1983,8/1/2024,5,21,21,10,1,39.7
1984,9/13/2024,2,37,37,14,3,579.57
1985,2/14/2022,2,24,24,5,2,144.71
1986,7/10/2023,2,25,25,6,5,792.04
1987,2/8/2025,5,10,10,12,3,194.17
1988,6/12/2025,5,6,6,14,3,480.99
1989,9/18/2021,5,9,9,12,3,167.89
1990,7/4/2022,1,35,35,12,1,70.06
1991,2/6/2023,2,37,37,7,3,597
1992,6/22/2023,2,24,24,4,2,282.08
1993,11/17/2023,2,39,39,10,5,214.16
1994,6/11/2022,5,15,15,15,1,151.41
1995,5/24/2025,2,39,39,3,4,365.92
1996,1/30/2024,2,1,1,2,5,406.63
1997,1/2/2025,1,35,35,13,4,496.39
1998,2/1/2023,2,17,17,11,5,760.41
1999,7/25/2022,2,39,39,4,5,680.82
2000,8/12/2024,3,5,5,7,1,225.81
2001,11/23/2022,2,1,1,10,2,79.42
2002,7/26/2024,3,28,28,8,4,414.01
2003,9/1/2024,2,8,8,12,3,154.49
2004,11/22/2022,5,13,13,14,1,184.13
2005,7/20/2022,3,18,18,10,3,116.35
2006,12/4/2024,2,7,7,5,2,170.21
2007,1/20/2022,2,8,8,5,1,68.47
2008,6/26/2023,5,9,9,15,1,130.47
2009,9/14/2022,2,17,17,5,3,195.39
2010,3/9/2022,5,19,19,15,5,775.87
2011,5/8/2024,2,7,7,3,5,435.45
2012,4/3/2024,2,40,40,3,1,98.01
2013,3/13/2025,2,1,1,7,1,234.41
2014,10/1/2021,2,7,7,2,2,146.61
2015,4/7/2022,5,6,6,12,2,139.39
2016,9/28/2021,5,6,6,10,1,40.1
2017,2/1/2023,5,21,21,18,2,60.04
2018,1/18/2023,2,39,39,4,5,694.43
2019,12/1/2024,5,19,19,3,5,528.08
2020,11/24/2023,2,25,25,15,3,356.43
2021,9/16/2022,2,1,1,2,2,136.24
2022,6/19/2022,2,24,24,18,1,20.3
2023,8/8/2022,2,25,25,5,2,147.95
2024,6/20/2022,2,8,8,10,3,153.84
2025,12/4/2022,2,25,25,12,2,108.02
2026,5/28/2025,2,24,24,11,4,777.49
2027,5/27/2024,2,17,17,15,2,255.04
2028,5/20/2024,2,37,37,10,5,254.05
2029,2/13/2024,3,16,16,3,5,395.55
2030,6/24/2023,1,11,11,12,1,52.37
2031,12/5/2021,3,22,22,10,5,213.72
2032,2/23/2022,2,25,25,8,1,95.27
2033,2/22/2023,2,37,37,5,4,246.3
2034,5/23/2025,5,9,9,16,4,117.84
2035,7/13/2025,5,6,6,4,5,696.69
2036,11/8/2021,3,2,2,1,1,156.59
2037,5/12/2022,2,37,37,5,5,372.07
2038,6/28/2022,2,1,1,5,1,86.37
2039,7/22/2022,2,24,24,12,3,152.98
2040,1/9/2025,2,39,39,6,5,756.21
2041,8/31/2023,2,1,1,18,3,87.21
2042,7/16/2024,2,25,25,15,3,375.03
2043,1/26/2025,5,15,15,12,4,226.17
2044,8/1/2024,2,37,37,18,2,52.15
2045,8/14/2022,2,17,17,12,2,96.92
2046,9/29/2022,2,8,8,12,2,121.82
2047,5/20/2022,5,13,13,5,2,161.45
2048,1/3/2024,2,40,40,4,2,277.62
2049,11/7/2024,2,39,39,8,1,84.65
2050,10/27/2021,2,39,39,16,1,27.91
2051,11/4/2021,2,25,25,5,2,152.05
2052,6/5/2024,2,8,8,15,4,478.65
2053,7/26/2023,5,19,19,6,3,436.37
2054,7/16/2022,3,22,22,11,2,338.62
2055,12/13/2022,2,8,8,6,3,554.49
2056,8/16/2024,3,38,38,9,2,169.87
2057,4/30/2023,5,19,19,2,2,177.8
2058,1/11/2025,2,39,39,2,2,192.03
2059,7/21/2023,5,6,6,3,5,550.73
2060,12/13/2024,2,8,8,6,5,688.4
2061,6/23/2023,2,25,25,8,5,422.37
2062,3/12/2025,5,15,15,9,1,85.04
2063,5/2/2023,5,13,13,8,2,233.59
2064,7/26/2025,1,32,32,5,1,59.75
2065,2/16/2023,2,1,1,2,5,458.65
2066,10/28/2022,5,6,6,13,3,487.27
2067,4/13/2025,2,7,7,18,5,137.12
2068,8/9/2023,2,8,8,9,4,272.59
2069,8/18/2022,2,24,24,13,2,257.44
2070,2/27/2025,2,17,17,3,4,426.24
2071,2/3/2025,2,1,1,15,1,120.9
2072,1/23/2024,2,37,37,8,1,107.84
2073,7/6/2025,4,29,29,11,5,921.42
2074,6/29/2025,2,7,7,14,2,359.7
2075,1/10/2022,5,9,9,13,4,523.51
2076,2/15/2024,2,24,24,14,5,836.64
2077,7/2/2023,5,21,21,17,3,206.38
2078,7/9/2024,2,37,37,12,3,143.53
2079,6/23/2025,5,13,13,6,1,146.8
2080,1/23/2025,5,6,6,1,2,437.89
2081,1/7/2025,2,25,25,12,3,204.28
2082,9/9/2025,5,15,15,9,3,237.18
2083,11/12/2024,2,40,40,7,3,548.05
2084,8/3/2023,1,31,31,15,3,361.66
2085,10/10/2021,2,17,17,3,3,261.39
2086,10/1/2021,2,37,37,11,1,196.39
2087,12/25/2021,2,17,17,1,4,780.98
2088,8/3/2022,2,7,7,1,5,943.31
2089,6/8/2022,2,24,24,14,4,805.28
2090,4/13/2023,2,7,7,18,5,120.51
2091,7/23/2025,5,13,13,13,3,510.59
2092,8/21/2025,5,21,21,10,3,136.71
2093,3/6/2022,2,24,24,7,2,326.57
2094,7/13/2022,2,1,1,1,2,319.7
2095,8/26/2025,1,32,32,14,5,812.78
2096,2/22/2025,2,40,40,12,3,193.92
2097,4/25/2023,5,9,9,7,5,876.24
2098,1/15/2024,2,8,8,11,3,509.13
2099,5/7/2023,2,24,24,8,4,423.37
2100,9/15/2024,3,4,4,18,3,82.71
2101,2/12/2023,2,7,7,3,3,270.18
2102,7/18/2023,5,9,9,14,2,351.17
2103,2/27/2024,2,39,39,5,4,295.3
2104,3/12/2023,4,12,12,4,2,232.55
2105,7/1/2022,2,7,7,14,4,735.63
2106,6/21/2023,2,39,39,12,3,204.53
2107,7/22/2022,2,8,8,15,4,585.09
2108,7/13/2023,4,36,36,3,5,568.3
2109,1/5/2025,2,17,17,10,4,175.16
2110,5/19/2024,2,40,40,15,4,624.2
2111,11/10/2023,2,37,37,6,2,321.49
2112,8/29/2022,2,24,24,6,5,870.88
2113,1/15/2022,5,13,13,7,1,229.54
2114,8/7/2024,2,7,7,2,1,95.93
2115,11/26/2021,2,40,40,13,4,698.26
2116,6/21/2025,2,24,24,15,4,423.86
2117,7/17/2024,3,20,20,13,3,436.82
2118,1/11/2022,1,11,11,15,2,305.64
2119,10/9/2021,2,39,39,15,2,308.25
2120,12/14/2022,2,1,1,8,1,114.01
2121,6/25/2024,5,13,13,1,2,436.58
2122,11/7/2024,2,17,17,14,4,639.31
2123,11/29/2022,4,12,12,18,4,93.42
2124,2/27/2023,2,7,7,7,3,662.89
2125,6/8/2025,2,8,8,5,5,347.74
2126,8/19/2023,2,39,39,4,4,561.73
2127,5/31/2022,1,11,11,15,1,106.38
2128,8/26/2022,1,11,11,4,1,152.87
2129,1/18/2023,5,15,15,11,5,873.16
2130,4/29/2022,1,31,31,3,4,375.73
2131,4/27/2025,2,8,8,9,5,441.21
2132,5/27/2023,5,21,21,10,1,47.1
2133,8/13/2024,2,8,8,7,1,193.43
2134,10/16/2021,5,6,6,15,5,749.85
2135,1/6/2024,1,32,32,6,1,172.48
2136,1/20/2025,2,1,1,7,5,915.86
2137,3/14/2025,2,24,24,4,4,515.82
2138,10/24/2023,2,25,25,2,3,243.61
2139,8/29/2024,5,15,15,8,2,158.95
2140,8/10/2024,2,40,40,11,5,878.7
2141,8/5/2025,4,27,27,10,5,244.68
2142,10/29/2023,2,39,39,10,4,168.19
2143,6/9/2025,2,39,39,3,4,320.95
2144,11/18/2022,2,25,25,11,5,1003.51
2145,6/25/2025,3,14,14,14,1,195.21
2146,7/31/2023,2,40,40,3,3,261.31
2147,9/5/2023,2,8,8,12,5,318.63
2148,7/25/2023,2,1,1,13,3,406.56
2149,7/5/2023,5,19,19,2,1,71.83
2150,12/17/2022,5,9,9,15,4,539.82
2151,1/31/2024,2,17,17,17,1,77.15
2152,8/6/2022,2,17,17,6,5,824.45
2153,3/3/2023,2,40,40,14,5,972.22
2154,7/13/2025,2,40,40,9,2,165.4
2155,3/6/2022,2,17,17,18,3,85.63
2156,10/10/2024,2,17,17,11,3,601.31
2157,2/27/2022,2,17,17,13,1,141.62
2158,1/18/2022,2,25,25,9,5,386.39
2159,6/29/2023,2,25,25,15,1,145.49
2160,6/12/2023,2,39,39,15,2,237.97
2161,9/3/2025,1,11,11,5,5,396.41
2162,7/20/2025,2,25,25,17,4,297.77
2163,11/2/2024,2,1,1,15,3,459.39
2164,10/9/2024,2,40,40,9,5,465.12
2165,11/13/2021,2,8,8,3,5,578.72
2166,6/30/2025,5,13,13,14,1,146.48
2167,8/1/2023,2,17,17,17,1,98.27
2168,8/5/2022,3,18,18,18,3,60.8
2169,6/28/2025,4,30,30,2,1,72.69
2170,4/21/2022,2,7,7,4,3,391.83
2171,12/23/2023,2,37,37,2,4,346.43
2172,12/19/2024,2,8,8,11,4,559.56
2173,9/9/2025,3,22,22,10,2,90.63
2174,3/23/2024,2,40,40,2,3,239.37
2175,9/25/2023,1,11,11,17,1,84.98
2176,3/9/2024,3,18,18,16,1,27.43
2177,3/11/2024,5,19,19,7,3,495.29
2178,6/30/2023,2,7,7,8,1,93.16
2179,7/30/2025,2,17,17,16,4,107.89
2180,3/12/2025,3,4,4,18,5,120.41
2181,2/6/2022,5,15,15,17,5,491.27
2182,9/8/2024,2,24,24,9,4,263.13
2183,2/7/2024,1,35,35,16,5,137.03
2184,12/27/2022,2,37,37,16,3,72.23
2185,7/7/2024,3,18,18,2,5,377.4
2186,5/17/2025,2,25,25,11,2,317.31
2187,9/1/2022,2,40,40,9,4,339.03
2188,8/1/2025,4,23,23,18,5,147.78
2189,4/10/2024,2,24,24,15,1,126.68
2190,6/25/2025,2,8,8,15,5,752.07
2191,6/13/2023,2,8,8,4,4,575.48
2192,4/24/2025,2,1,1,9,4,332.81
2193,5/31/2023,2,8,8,18,1,27.54
2194,5/24/2025,2,25,25,6,2,326.13
2195,5/11/2022,2,40,40,12,1,70.91
2196,4/6/2022,2,37,37,9,5,327.53
2197,6/13/2022,2,8,8,17,4,356.23
2198,3/14/2024,2,37,37,7,4,731.86
2199,6/29/2023,2,8,8,15,2,259.64
2200,4/6/2023,1,11,11,7,2,467.75
2201,8/30/2025,2,37,37,7,5,1172.45
2202,3/24/2025,2,40,40,12,4,276.46
2203,8/31/2025,5,19,19,6,2,377.01
2204,3/19/2024,2,39,39,18,5,143.23
2205,11/16/2024,2,7,7,15,5,655.48
2206,5/18/2024,2,17,17,12,1,57.2
2207,4/11/2024,2,40,40,17,1,67.78
2208,7/26/2023,3,22,22,10,3,118.26
2209,8/11/2023,2,37,37,14,3,512.44
2210,9/14/2023,2,37,37,5,5,425.69
2211,9/27/2024,5,21,21,13,4,665.85
2212,5/19/2023,2,40,40,8,5,482.62
2213,8/14/2022,2,39,39,8,2,201.52
2214,10/15/2021,5,15,15,5,2,130.49
2215,1/18/2024,2,25,25,17,2,148.27
2216,1/11/2025,2,7,7,17,5,369.16
2217,12/28/2021,5,21,21,5,4,317.26
2218,7/1/2024,2,37,37,16,1,27.71
2219,9/6/2024,2,25,25,17,3,286.47
2220,10/24/2024,2,25,25,14,1,213.4
2221,10/6/2021,5,19,19,2,4,386.04
2222,1/13/2024,4,33,33,12,2,111.96
2223,11/13/2024,2,1,1,7,1,207.38
2224,7/6/2024,2,39,39,18,1,27.84
2225,2/27/2025,3,18,18,11,5,990.56
2226,2/15/2023,5,9,9,15,4,621.79
2227,4/26/2025,3,5,5,15,5,760.62
2228,10/10/2021,5,10,10,17,5,457.14
2229,5/31/2024,5,6,6,3,1,96.47
2230,12/11/2024,2,25,25,15,1,132
2231,3/19/2023,1,34,34,14,4,646.13
2232,10/9/2022,2,39,39,2,1,68.24
2233,3/28/2022,5,6,6,10,4,165.86
2234,10/14/2021,2,40,40,8,3,302.88
2235,9/27/2021,2,40,40,16,1,29.6
2236,4/2/2025,5,15,15,2,5,418.54
2237,6/17/2022,2,39,39,4,3,333.62
2238,11/16/2023,2,39,39,2,4,388.31
2239,6/27/2024,2,40,40,18,5,115.18
2240,9/1/2022,2,25,25,10,5,213.71
2241,6/22/2025,2,17,17,2,3,258.15
2242,4/3/2025,2,40,40,9,3,222.92
2243,5/23/2024,3,18,18,4,5,660.41
2244,4/30/2022,2,25,25,3,1,103.16
2245,6/25/2022,2,1,1,8,3,242.47
2246,6/21/2023,2,1,1,5,1,78.15
2247,2/14/2023,2,7,7,4,1,118.3
2248,5/20/2022,2,24,24,8,1,112.59
2249,5/15/2025,2,37,37,8,4,372.91
2250,11/18/2021,4,36,36,10,2,76.67
2251,7/14/2022,3,20,20,1,4,801.28
2252,11/15/2021,2,25,25,10,2,75.78
2253,3/5/2023,1,11,11,16,3,84.4
2254,5/11/2022,3,26,26,3,3,330.42
2255,11/20/2023,5,19,19,16,3,81.32
2256,6/7/2022,2,39,39,15,2,260.33
2257,5/13/2025,2,17,17,12,5,287.1
2258,10/23/2023,2,24,24,16,5,153.85
2259,2/6/2022,2,39,39,10,2,76.13
2260,2/14/2022,5,19,19,10,2,90.5
2261,5/14/2025,2,8,8,12,5,329.97
2262,3/1/2023,2,40,40,8,5,517.15
2263,5/21/2022,2,40,40,8,5,546.72
2264,11/24/2022,1,35,35,11,1,153.54
2265,11/23/2024,2,1,1,13,1,140.36
2266,10/2/2023,2,37,37,17,3,212.92
2267,2/1/2023,2,1,1,3,2,183.6
2268,11/24/2022,2,25,25,8,3,242.22
2269,3/22/2024,3,28,28,13,5,644.3
2270,1/17/2025,3,38,38,1,5,954.47
2271,12/22/2023,2,40,40,15,4,591.91
2272,1/31/2023,2,39,39,17,3,240.58
2273,3/10/2024,5,6,6,11,3,573.16
2274,11/2/2021,5,13,13,3,4,375.97
2275,5/19/2025,3,20,20,2,2,195.05
2276,3/24/2024,4,27,27,18,2,53.51
2277,6/6/2025,2,17,17,10,5,202.85
2278,4/10/2025,2,7,7,2,4,369.99
2279,5/11/2025,3,16,16,8,4,452.23
2280,12/21/2022,5,21,21,5,3,224.51
2281,10/12/2023,2,1,1,13,2,296.13
2282,3/14/2023,2,40,40,4,3,413.29
2283,1/7/2024,2,8,8,11,1,201.83
2284,8/11/2022,3,16,16,8,4,420.05
2285,10/21/2023,2,8,8,14,1,179.15
2286,5/6/2022,2,7,7,11,4,651.72
2287,9/7/2022,2,39,39,9,4,376.87
2288,9/19/2024,2,1,1,6,3,576.9
2289,5/9/2022,2,1,1,3,3,243.71
2290,8/4/2025,5,21,21,2,5,496.53
2291,5/23/2022,2,37,37,12,3,206.44
2292,1/19/2024,2,37,37,9,2,174.66
2293,2/10/2024,5,13,13,17,1,97.83
2294,9/20/2022,2,1,1,16,1,29.14
2295,5/27/2024,3,5,5,6,5,701.42
2296,6/2/2023,2,8,8,12,2,115.13
2297,6/22/2025,4,36,36,11,1,154.29
2298,3/29/2024,2,40,40,7,3,600.95
2299,2/22/2025,2,40,40,8,4,362.22
2300,3/8/2023,2,37,37,13,4,715.82
2301,9/30/2021,3,28,28,7,3,654.91
2302,5/12/2023,2,7,7,16,3,99.7
2303,3/17/2025,2,8,8,16,3,91.27
2304,4/3/2023,5,21,21,16,3,74.57
2305,8/16/2023,2,17,17,17,1,88.44
2306,2/15/2023,5,9,9,8,2,188.04
2307,6/10/2024,3,28,28,9,1,74.16
2308,6/22/2022,3,2,2,7,5,995.93
2309,9/10/2024,2,17,17,2,1,97.44
2310,9/18/2023,5,9,9,8,2,179.85
2311,5/28/2025,5,19,19,8,3,300.21
2312,10/15/2024,1,34,34,10,3,131.87
2313,8/8/2025,1,31,31,5,1,65.55
2314,9/23/2022,4,12,12,14,3,638.37
2315,12/27/2024,2,40,40,11,1,185.21
2316,2/20/2022,2,7,7,7,3,498.66
2317,12/20/2024,1,34,34,2,3,288.09
2318,9/25/2022,2,24,24,7,4,685.18
2319,6/24/2022,2,40,40,8,5,536.3
2320,1/17/2025,2,37,37,2,4,378.02
2321,11/16/2023,2,40,40,13,3,531.45
2322,4/24/2022,5,10,10,2,2,189.66
2323,9/5/2024,4,36,36,7,5,877.88
2324,5/23/2023,4,12,12,16,2,66.85
2325,4/25/2022,5,19,19,14,4,830.76
2326,4/25/2023,2,7,7,4,5,737.1
2327,6/28/2025,2,7,7,13,3,385.24
2328,6/29/2024,5,21,21,14,2,402.88
2329,7/24/2022,2,17,17,18,3,65.92
2330,9/1/2024,2,39,39,15,5,563.68
2331,10/27/2021,2,39,39,10,1,35.2
2332,9/17/2024,2,8,8,15,2,296.67
2333,7/22/2023,2,25,25,13,5,693.9
2334,12/29/2021,2,17,17,3,1,97.89
2335,7/11/2022,5,21,21,10,1,43.93
2336,9/28/2024,3,5,5,5,1,82.64
2337,10/28/2022,2,1,1,13,2,277.72
2338,3/24/2023,2,8,8,15,2,235.65
2339,5/26/2022,2,24,24,16,1,27.46
2340,11/23/2021,2,17,17,6,1,161.96
2341,3/9/2022,2,17,17,5,1,66.36
2342,8/31/2022,2,40,40,9,3,208.77
2343,2/22/2024,4,29,29,8,4,367.52
2344,4/20/2025,2,40,40,17,5,348.83
2345,10/2/2024,2,25,25,18,5,105.24
2346,10/1/2022,5,9,9,17,5,405.49
2347,9/3/2022,2,37,37,4,3,432.24
2348,8/24/2023,2,39,39,12,4,261.23
2349,8/31/2023,2,40,40,9,1,92.1
2350,12/3/2024,4,36,36,9,4,358.27
2351,12/6/2022,2,40,40,14,4,819.33
2352,9/30/2023,2,40,40,18,3,90.67
2353,1/12/2025,3,18,18,1,4,730.59
2354,8/23/2022,2,17,17,16,3,97.21
2355,10/9/2023,5,21,21,13,4,679.55
2356,3/7/2024,2,8,8,16,3,88.17
2357,10/27/2024,2,24,24,8,5,394.39
2358,11/19/2021,2,37,37,3,1,104.29
2359,11/2/2023,2,40,40,6,5,970.68
2360,12/3/2023,5,15,15,2,5,394.33
2361,9/3/2025,4,30,30,16,1,26.69
2362,1/21/2022,2,40,40,1,5,811.13
2363,9/7/2024,2,1,1,10,3,145.6
2364,7/30/2025,2,40,40,14,3,488.53
2365,5/14/2024,2,40,40,18,4,116.39
2366,6/30/2025,5,15,15,10,5,189.01
2367,8/28/2023,1,34,34,4,5,568.55
2368,1/4/2024,2,25,25,7,3,612.5
2369,8/15/2022,1,35,35,7,1,178.17
2370,4/13/2023,2,24,24,2,3,277.8
2371,2/4/2022,5,9,9,17,3,212.69
2372,7/25/2023,2,40,40,7,1,185.49
2373,3/27/2022,2,40,40,3,2,227.01
2374,12/17/2023,2,1,1,13,4,509
2375,4/12/2024,2,1,1,12,3,185.72
2376,10/24/2021,2,17,17,11,5,1029.45
2377,11/25/2023,2,40,40,11,2,280.39
2378,9/24/2022,2,7,7,9,1,72.26
2379,10/4/2021,3,18,18,9,3,238
2380,10/6/2024,5,19,19,18,1,20.54
2381,1/5/2023,2,40,40,10,4,176.99
2382,3/5/2023,2,40,40,2,2,166.79
2383,6/30/2024,2,25,25,6,4,790.87
2384,6/10/2022,2,8,8,8,1,109.61
2385,2/21/2024,2,1,1,16,2,57.44
2386,5/17/2024,5,13,13,9,2,160.61
2387,7/4/2025,2,24,24,18,4,85.07
2388,9/14/2023,2,25,25,2,5,448.66
2389,5/23/2022,5,9,9,4,5,679.26
2390,6/20/2024,2,1,1,16,2,50.08
2391,6/7/2025,2,24,24,4,1,126.25
2392,4/10/2022,2,7,7,16,3,67.03
2393,2/4/2023,2,25,25,16,3,88.46
2394,7/9/2023,5,19,19,3,5,551.68
2395,9/19/2022,1,11,11,14,1,204.33
2396,10/5/2023,2,40,40,2,2,141.54
2397,12/1/2021,2,40,40,1,3,464.66
2398,6/5/2024,2,1,1,10,4,188.59
2399,3/7/2023,2,25,25,16,4,124.07
2400,9/14/2023,5,15,15,6,3,592.07
2401,3/9/2022,2,8,8,3,5,406.12
2402,10/6/2024,3,4,4,9,2,188.93
2403,2/25/2025,2,8,8,10,3,116
2404,12/24/2021,3,16,16,13,4,721.21
2405,11/21/2023,2,17,17,5,1,60.61
2406,11/8/2021,2,25,25,17,3,210.33
2407,2/5/2023,2,24,24,2,5,357.64
2408,10/26/2022,2,39,39,2,4,292.2
2409,4/29/2025,2,17,17,1,5,780.61
2410,7/2/2022,2,40,40,7,2,381.32
2411,1/23/2022,5,19,19,13,3,443.19
2412,3/24/2025,2,37,37,10,1,50.75
2413,3/24/2022,5,13,13,4,4,439.08
2414,4/1/2025,5,6,6,8,3,315.59
2415,7/8/2022,2,24,24,17,4,400.32
2416,5/4/2023,2,24,24,1,1,152.61
2417,2/17/2022,2,37,37,6,3,506.61
2418,4/27/2024,2,40,40,8,4,464.35
2419,2/22/2024,3,14,14,1,4,597.37
2420,11/1/2022,2,1,1,13,1,124.31
2421,4/23/2022,2,1,1,13,1,158.82
2422,2/7/2022,2,8,8,15,4,429.46
2423,11/14/2024,3,22,22,9,1,82.04
2424,8/14/2023,2,40,40,7,3,543.01
2425,3/27/2022,2,37,37,2,1,69.96
2426,6/23/2022,3,16,16,1,4,744.45
2427,6/1/2024,1,32,32,1,5,1047.78
2428,11/29/2021,5,13,13,15,1,123.42
2429,4/19/2022,2,7,7,12,4,214.49
2430,9/3/2023,2,17,17,3,3,290.76
2431,5/18/2023,2,25,25,18,4,89.42
2432,6/26/2025,2,25,25,10,1,41.41
2433,6/30/2022,2,40,40,2,5,341.04
2434,2/17/2025,2,37,37,10,1,35.8
2435,6/26/2025,5,9,9,6,4,633.75
2436,12/2/2024,2,40,40,12,5,313.13
2437,8/7/2023,4,27,27,16,5,144.62
2438,9/3/2025,1,31,31,14,3,467.69
2439,9/23/2024,2,24,24,2,1,80.97
2440,11/30/2023,2,40,40,15,4,428.33
2441,2/14/2022,3,16,16,16,4,128.55
2442,5/21/2022,1,11,11,15,5,694.67
2443,1/3/2024,4,12,12,13,3,435.76
2444,11/11/2023,1,11,11,11,5,780.2
2445,12/21/2024,2,7,7,9,2,165.23
2446,11/25/2022,2,7,7,8,1,113.01
2447,6/15/2025,5,15,15,11,3,510.58
2448,6/8/2025,2,1,1,7,4,889.54
2449,4/2/2025,2,40,40,11,1,156.45
2450,5/19/2023,2,1,1,1,2,368.98
2451,1/31/2025,2,24,24,12,3,152.17
2452,7/4/2023,2,7,7,15,5,642.55
2453,7/30/2023,2,40,40,15,5,727.33
2454,3/14/2023,5,9,9,9,1,67.26
2455,2/26/2024,1,31,31,8,2,179.84
2456,5/27/2023,4,36,36,7,5,1108.94
2457,9/28/2024,2,40,40,6,3,462.36
2458,5/6/2024,2,7,7,7,2,385.88
2459,4/30/2023,1,35,35,3,4,319.93
2460,12/14/2022,5,13,13,12,3,167.44
2461,10/9/2021,3,20,20,7,4,800.64
2462,1/19/2025,5,6,6,1,5,770.89
2463,7/3/2025,2,25,25,10,4,177.07
2464,10/22/2021,5,9,9,6,2,278.06
2465,9/22/2021,3,16,16,2,4,376.38
2466,4/22/2024,5,21,21,4,5,820.54
2467,7/5/2022,5,15,15,17,4,331.33
2468,9/22/2023,5,10,10,7,2,330.42
2469,12/31/2024,2,8,8,2,5,430.72
2470,1/26/2024,5,9,9,9,1,93.33
2471,1/26/2022,4,30,30,6,1,180.99
2472,2/1/2022,2,7,7,5,3,219.2
2473,6/24/2022,4,27,27,16,1,28.76
2474,10/1/2024,2,1,1,15,4,616.48
2475,8/20/2024,5,13,13,11,1,180.7
2476,7/7/2022,5,21,21,9,2,148.35
2477,3/22/2023,2,17,17,15,4,455.51
2478,5/30/2025,2,25,25,10,5,210.72
2479,10/19/2021,2,7,7,18,5,117
2480,3/11/2024,5,13,13,15,3,407.24
2481,12/13/2022,2,1,1,11,5,830.09
2482,8/30/2024,2,39,39,13,1,143.71
2483,11/5/2024,2,17,17,2,4,294.99
2484,9/4/2025,5,10,10,5,3,195.71
2485,3/24/2023,2,17,17,11,3,580.77
2486,9/27/2022,2,37,37,11,5,767.47
2487,9/19/2022,2,8,8,1,2,388.48
2488,6/10/2025,5,10,10,17,4,320.92
2489,9/2/2025,2,1,1,16,2,47.5
2490,2/14/2023,5,10,10,1,2,361.73
2491,3/13/2024,5,6,6,7,3,702.14
2492,1/7/2025,2,37,37,11,5,711.01
2493,7/24/2025,2,1,1,8,1,96.42
2494,11/12/2021,5,19,19,11,3,447.94
2495,5/27/2024,2,1,1,5,4,349.51
2496,7/1/2024,2,25,25,10,5,194.04
2497,1/2/2024,2,37,37,2,1,71.78
2498,12/19/2021,2,40,40,6,2,382.65
2499,6/22/2025,2,24,24,10,1,43
2500,9/2/2025,2,1,1,18,1,20.82
2501,5/28/2024,3,5,5,11,3,577.06
2502,10/17/2022,1,31,31,4,3,358.24
2503,11/14/2024,2,1,1,15,4,597.96
2504,9/30/2021,3,26,26,13,5,772.83
2505,5/30/2022,2,24,24,16,1,30.54
2506,3/26/2022,2,39,39,4,1,159.43
2507,11/26/2022,2,37,37,6,1,189.26
2508,7/22/2025,2,1,1,8,1,79.51
2509,2/7/2022,2,7,7,16,3,77.31
2510,4/2/2024,5,10,10,15,3,330.06
2511,11/26/2023,5,21,21,9,1,66.45
2512,5/4/2024,5,9,9,3,5,405.64
2513,6/3/2025,5,13,13,15,4,485.75
2514,6/12/2023,2,39,39,4,1,139.72
2515,6/21/2025,2,37,37,12,1,60.19
2516,7/31/2025,2,24,24,10,5,226.09
2517,9/13/2022,2,8,8,4,2,311.28
2518,2/26/2022,2,39,39,6,4,788.84
2519,8/6/2024,1,32,32,11,5,874.83
2520,9/25/2021,5,6,6,16,2,48.67
2521,10/25/2022,3,26,26,4,4,547.34
2522,10/17/2021,2,8,8,2,2,185.88
2523,10/24/2021,2,1,1,9,1,71.47
2524,8/15/2025,2,40,40,4,5,817.74
2525,2/27/2022,2,37,37,4,3,437.57
2526,9/3/2022,1,31,31,15,4,464.77
2527,6/10/2024,2,17,17,10,2,82.7
2528,5/17/2022,2,39,39,10,1,52.14
2529,1/31/2022,2,8,8,10,2,77.19
2530,4/20/2024,4,33,33,14,3,457.71
2531,12/8/2022,2,25,25,6,2,301.09
2532,10/27/2022,5,21,21,10,2,90.56
2533,11/16/2024,2,37,37,2,5,443.74
2534,4/1/2022,2,24,24,6,2,295.2
2535,6/24/2025,2,17,17,18,4,104.71
2536,4/20/2024,5,15,15,18,4,89.89
2537,1/1/2023,4,33,33,5,5,323.51
2538,2/27/2022,2,37,37,12,3,209.03
2539,8/14/2023,2,1,1,3,5,505.14
2540,5/29/2024,3,14,14,5,4,265.91
2541,1/28/2022,2,1,1,11,4,609.33
2542,8/8/2024,5,21,21,17,3,285.68
2543,2/24/2023,3,5,5,2,1,93.05
2544,8/7/2023,4,30,30,13,2,340.96
2545,12/25/2023,1,32,32,10,3,120.59
2546,4/23/2025,3,3,3,12,4,235.12
2547,4/3/2024,2,37,37,10,3,127.52
2548,9/24/2022,2,24,24,8,5,565.11
2549,11/21/2024,1,34,34,16,4,129.93
2550,2/8/2023,2,24,24,12,4,233.87
2551,7/11/2025,2,17,17,7,3,647.24
2552,10/26/2024,2,25,25,1,3,449.06
2553,8/13/2025,4,23,23,3,2,179.84
2554,10/26/2024,2,37,37,5,2,118.76
2555,1/1/2024,2,7,7,10,5,182.83
2556,12/21/2023,2,24,24,12,3,167.85
2557,10/31/2022,2,25,25,3,2,173.65
2558,8/25/2022,4,30,30,15,2,254.73
2559,1/27/2023,5,10,10,17,2,160.79
2560,10/31/2021,3,5,5,7,1,208.56
2561,9/10/2025,2,37,37,8,3,348.09
2562,8/26/2025,2,40,40,11,1,149.09
2563,6/21/2022,2,37,37,7,5,1064.65
2564,6/20/2022,2,1,1,17,5,456.03
2565,5/16/2023,2,37,37,10,5,240.27
2566,1/16/2023,2,1,1,6,3,499.49
2567,3/8/2024,2,39,39,9,4,311.8
2568,8/10/2025,2,25,25,12,5,245.39
2569,6/13/2023,2,17,17,3,1,113.84
2570,11/27/2023,2,39,39,7,4,915.23
2571,1/13/2025,2,17,17,5,4,284.76
2572,9/5/2022,4,27,27,2,2,174.17
2573,9/17/2024,4,23,23,17,5,367.9
2574,3/8/2022,2,40,40,5,4,265.38
2575,8/30/2025,2,1,1,2,4,293.81
2576,11/5/2023,5,13,13,8,1,116.47
2577,7/28/2025,2,7,7,16,1,31.58
2578,5/7/2022,2,37,37,3,4,440.5
2579,7/8/2025,1,32,32,1,5,1103.78
2580,1/27/2023,2,1,1,16,3,89.76
2581,12/3/2023,3,26,26,17,1,70.4
2582,12/8/2022,5,10,10,3,2,197.46
2583,6/15/2024,2,39,39,1,1,157.32
2584,11/9/2022,2,25,25,10,3,124.7
2585,12/9/2024,2,25,25,3,1,108.63
2586,8/31/2024,2,8,8,14,2,342.19
2587,6/30/2024,3,14,14,2,2,134.67
2588,1/13/2024,2,8,8,4,2,238.78
2589,6/30/2023,3,3,3,7,4,919.34
2590,4/9/2022,2,37,37,3,1,91.1
2591,4/29/2024,2,25,25,8,1,97.26
2592,3/23/2022,2,25,25,4,2,270.12
2593,3/23/2022,3,18,18,3,4,383.75
2594,8/17/2022,2,24,24,18,5,132.46
2595,12/9/2022,2,1,1,2,5,449.58
2596,2/14/2022,2,25,25,18,1,24.34
2597,10/12/2021,5,19,19,16,2,45.74
2598,1/9/2024,4,33,33,12,3,193.6
2599,12/23/2021,3,4,4,8,1,107.21
2600,12/15/2022,5,10,10,2,2,196.01
2601,2/3/2024,2,1,1,8,3,279.34
2602,10/9/2022,2,40,40,12,2,129.98
2603,11/3/2023,1,31,31,8,4,458.61
2604,9/3/2025,5,10,10,9,4,277.87
2605,8/27/2022,2,37,37,16,3,95.3
2606,6/26/2025,2,25,25,13,1,174.67
2607,5/3/2022,4,33,33,17,3,209.08
2608,9/16/2023,5,10,10,10,2,102.14
2609,5/3/2025,2,1,1,3,2,194.17
2610,5/28/2023,4,12,12,15,2,252.43
2611,2/25/2022,2,8,8,15,1,113.95
2612,5/12/2022,2,40,40,13,2,334.83
2613,10/27/2021,5,10,10,13,2,311.67
2614,6/7/2022,1,34,34,18,3,69.15
2615,4/15/2022,2,8,8,4,1,149.39
2616,5/24/2024,1,32,32,5,1,60.56
2617,3/3/2025,3,4,4,5,4,261.19
2618,9/15/2021,2,7,7,18,3,90.59
2619,11/12/2021,1,35,35,15,3,348.92
2620,3/14/2022,5,19,19,2,4,364.95
2621,4/15/2025,2,1,1,1,1,163.41
2622,7/18/2022,2,8,8,8,4,350.99
2623,2/5/2025,2,25,25,18,4,90.33
2624,10/17/2022,3,14,14,8,4,398.84
2625,10/2/2022,2,39,39,11,2,317.72
2626,11/2/2024,2,7,7,9,5,471.3
2627,5/18/2024,2,37,37,14,5,879.56
2628,5/8/2025,2,40,40,6,2,378.88
2629,1/15/2022,2,1,1,5,3,213.92
2630,5/4/2025,5,9,9,15,2,240.93
2631,3/23/2023,2,1,1,14,1,157.95
2632,10/18/2021,2,37,37,12,2,140.69
2633,11/10/2021,2,8,8,16,3,93.8
2634,4/7/2024,2,25,25,16,2,52.33
2635,12/30/2024,2,24,24,17,3,291.3
2636,10/18/2023,5,10,10,6,1,201.72
2637,6/14/2023,5,6,6,4,3,420.89
2638,2/17/2025,2,17,17,7,4,811.16
2639,12/22/2022,2,37,37,18,3,83.34
2640,4/27/2023,2,25,25,18,1,25.42
2641,5/17/2023,2,24,24,13,4,696.58
2642,2/2/2025,5,15,15,13,3,377.66
2643,9/4/2022,2,37,37,10,5,244.97
2644,9/24/2021,2,39,39,14,5,854.64
2645,7/7/2024,2,39,39,8,3,347.97
2646,8/4/2025,4,12,12,16,1,32.09
2647,9/6/2024,2,24,24,12,1,67.19
2648,3/8/2023,4,33,33,13,1,131.51
2649,12/2/2021,2,25,25,9,1,84.61
2650,11/12/2024,5,19,19,18,4,83.96
2651,11/16/2021,2,24,24,11,5,688.88
2652,3/11/2022,5,15,15,2,1,75.73
2653,6/15/2025,2,8,8,6,5,1026.87
2654,8/13/2025,2,39,39,7,4,831.59
2655,5/26/2022,2,40,40,16,5,138.53
2656,8/17/2024,1,35,35,2,5,447.68
2657,4/12/2025,5,13,13,10,2,93.12
2658,2/2/2022,1,34,34,1,1,168
2659,12/15/2022,5,21,21,10,1,37.66
2660,4/21/2024,2,8,8,3,1,115.37
2661,1/17/2024,2,37,37,6,3,415.25
2662,2/1/2025,2,37,37,17,3,228.71
2663,2/18/2024,2,39,39,16,4,111.4
2664,12/28/2023,5,9,9,16,3,69.86
2665,12/25/2023,1,11,11,17,4,335
2666,9/22/2022,2,39,39,9,1,87.36
2667,1/22/2025,5,6,6,12,2,141.87
2668,11/24/2024,2,17,17,11,5,900.62
2669,4/1/2023,2,7,7,2,2,195.71
2670,9/3/2024,2,39,39,15,3,382.01
2671,1/10/2022,2,7,7,17,2,199.97
2672,1/11/2024,2,37,37,14,3,612.42
2673,7/22/2022,5,13,13,6,1,164.1
2674,6/1/2024,2,17,17,17,1,98.06
2675,6/11/2025,2,39,39,8,1,95.63
2676,3/15/2024,5,13,13,5,1,63.64
2677,7/15/2023,2,17,17,16,3,97.89
2678,9/20/2023,2,39,39,7,4,911.67
2679,10/4/2022,2,40,40,16,5,152.77
2680,9/11/2024,2,1,1,5,1,59.79
2681,12/25/2022,5,21,21,2,1,88.97
2682,2/6/2022,2,7,7,15,1,128.92
2683,8/18/2025,2,7,7,7,2,427.37
2684,2/9/2025,5,6,6,12,2,106.14
2685,12/29/2024,2,8,8,18,2,46.24
2686,10/23/2022,1,11,11,17,2,150.28
2687,8/26/2025,2,37,37,13,2,251.43
2688,7/29/2022,2,24,24,6,3,571.6
2689,7/6/2025,5,19,19,3,2,219.39
2690,7/21/2024,5,10,10,16,2,52.68
2691,4/6/2024,2,39,39,6,4,620.88
2692,3/23/2022,2,8,8,2,1,78.6
2693,7/12/2022,2,25,25,5,3,213.02
2694,9/27/2024,2,24,24,8,5,413.64
2695,10/20/2023,3,26,26,12,4,254.12
2696,12/20/2023,2,17,17,8,1,109.4
2697,12/14/2021,1,35,35,8,1,95.34
2698,10/6/2024,2,25,25,11,2,407.49
2699,6/11/2022,5,19,19,11,2,361.51
2700,7/22/2023,4,36,36,14,5,1026.54
2701,4/13/2025,5,13,13,12,5,251.35
2702,2/26/2023,2,39,39,13,3,465.63
2703,5/12/2022,2,24,24,11,2,410.73
2704,8/24/2023,2,40,40,15,3,386.84
2705,2/6/2022,5,6,6,3,1,109.63
2706,3/11/2023,5,10,10,7,5,1024.05
2707,9/4/2024,2,40,40,5,1,65.03
2708,4/7/2024,2,1,1,3,5,565.23
2709,2/17/2025,2,1,1,6,3,584.07
2710,12/8/2024,2,40,40,9,1,82.69
2711,6/5/2025,2,37,37,18,2,44.65
2712,9/15/2022,2,25,25,2,1,89.37
2713,6/6/2024,5,10,10,3,4,460.68
2714,8/10/2024,2,7,7,15,2,264.36
2715,9/19/2022,2,8,8,5,1,60.89
2716,6/12/2025,2,17,17,12,5,317.65
2717,9/19/2024,3,22,22,1,5,1004.96
2718,8/14/2024,3,2,2,1,1,209.5
2719,5/6/2025,2,1,1,14,3,529.22
2720,6/15/2025,2,8,8,9,3,225.72
2721,7/28/2022,2,1,1,1,1,185.07
2722,9/28/2024,2,40,40,2,3,286.86
2723,12/2/2023,2,17,17,17,1,87.28
2724,7/5/2023,2,39,39,14,5,779.41
2725,4/6/2022,2,17,17,3,2,171.53
2726,8/14/2023,2,25,25,18,3,68.79
2727,6/1/2025,2,17,17,6,1,157.31
2728,2/23/2024,2,8,8,8,5,572.14
2729,3/15/2022,3,16,16,16,5,112.36
2730,4/14/2025,2,24,24,14,1,162.03
2731,9/22/2021,2,1,1,16,1,26.71
2732,4/15/2023,5,10,10,16,2,51.81
2733,5/10/2023,2,8,8,18,4,112.96
2734,1/13/2025,2,8,8,5,4,350.68
2735,1/10/2023,2,8,8,6,2,333.13
2736,9/20/2023,2,24,24,18,3,60.72
2737,12/5/2024,5,10,10,16,2,47.72
2738,12/19/2022,2,17,17,18,4,107.57
2739,4/23/2023,2,8,8,16,5,112.07
2740,12/7/2024,2,7,7,16,4,91.64
2741,7/10/2025,5,15,15,10,5,206.38
2742,2/20/2023,2,25,25,13,2,315.81
2743,3/9/2022,1,35,35,12,1,69.29
2744,9/6/2025,2,8,8,6,5,1011.32
2745,2/8/2024,2,24,24,8,1,88.56
2746,11/19/2022,2,8,8,1,4,802.65
2747,11/9/2022,2,37,37,14,3,615.47
2748,6/7/2022,2,25,25,10,3,114.98
2749,4/15/2022,5,6,6,3,4,317.39
2750,4/4/2022,5,6,6,8,4,426.22
2751,10/29/2024,5,13,13,9,3,255.19
2752,12/30/2021,2,37,37,13,4,738.78
2753,1/1/2024,2,40,40,2,4,324.64
2754,9/8/2024,2,17,17,4,5,682.86
2755,4/22/2022,1,11,11,8,5,472.84
2756,8/16/2025,2,25,25,15,4,574.4
2757,9/8/2024,2,24,24,2,5,342.26
2758,6/28/2023,5,15,15,14,3,563.22
2759,12/24/2021,5,9,9,4,3,424.18
2760,10/1/2022,1,32,32,3,2,167.26
2761,9/17/2023,2,24,24,6,5,762.63
2762,3/4/2025,5,9,9,8,1,97.78
2763,8/16/2023,2,25,25,1,2,308.2
2764,10/2/2021,2,25,25,10,4,156.21
2765,10/14/2022,5,6,6,14,3,466.37
2766,12/11/2023,4,12,12,18,5,147.83
2767,2/19/2022,3,5,5,10,3,147.6
2768,3/5/2022,2,17,17,8,3,341.52
2769,4/30/2022,5,13,13,3,2,156.84
2770,8/28/2025,2,17,17,8,1,106.81
2771,2/4/2022,2,37,37,1,3,599.58
2772,7/30/2022,2,24,24,5,2,138.01
2773,8/26/2025,1,35,35,16,3,98.11
2774,5/7/2024,2,1,1,16,1,31.84
2775,12/20/2022,1,34,34,9,2,165.47
2776,7/3/2022,5,10,10,9,2,157.22
2777,12/9/2022,4,12,12,1,2,361.78
2778,11/1/2021,2,25,25,13,2,274.91
2779,9/29/2024,5,10,10,3,2,225.29
2780,10/28/2023,2,24,24,7,2,424.43
2781,4/18/2023,2,7,7,17,1,95.78
2782,5/29/2025,2,1,1,6,4,613.95
2783,1/21/2025,5,9,9,14,2,353.41
2784,2/2/2024,2,24,24,9,4,302.12
2785,3/17/2024,2,24,24,5,2,165.91
2786,5/2/2024,2,25,25,16,3,94.05
2787,3/11/2024,2,24,24,16,3,75.16
2788,5/27/2024,2,7,7,16,4,90.4
2789,11/29/2024,4,23,23,7,3,483.26
2790,8/27/2024,2,40,40,8,5,399.81
2791,5/21/2025,5,10,10,18,5,103.78
2792,3/30/2025,5,15,15,18,2,40.98
2793,4/10/2024,2,25,25,13,2,274.6
2794,5/31/2024,2,8,8,11,5,944.36
2795,8/3/2023,2,25,25,3,3,329.25
2796,5/14/2023,2,17,17,6,5,1018.23
2797,9/10/2024,2,25,25,3,2,194.69
2798,5/2/2024,5,6,6,15,1,141.92
2799,3/23/2025,3,20,20,1,2,412.15
2800,9/7/2023,2,37,37,16,2,61.58
2801,11/12/2024,2,37,37,18,3,83.64
2802,3/31/2025,2,24,24,15,2,213.08
2803,12/11/2021,5,21,21,12,2,131.91
2804,7/25/2023,5,13,13,16,1,30.8
2805,12/30/2022,2,37,37,7,3,497.21
2806,1/10/2022,1,32,32,9,4,307.84
2807,1/7/2022,4,36,36,15,5,540.98
2808,8/1/2025,5,13,13,11,4,566.55
2809,2/1/2025,2,17,17,9,2,157.72
2810,2/8/2024,2,8,8,13,3,480.59
2811,12/28/2021,2,39,39,15,1,128.44
2812,9/30/2023,1,35,35,4,4,637.1
2813,1/18/2023,5,10,10,10,2,93.18
2814,1/25/2024,2,39,39,11,1,198.6
2815,6/14/2023,2,40,40,9,4,351.5
2816,4/26/2025,2,17,17,16,3,97.61
2817,1/9/2024,2,17,17,12,4,257.25
2818,1/18/2023,5,6,6,11,3,557.55
2819,12/2/2021,2,1,1,13,4,612.64
2820,8/6/2024,2,8,8,14,2,305.39
2821,11/26/2022,5,6,6,18,4,97.43
2822,5/20/2025,2,1,1,8,2,205.34
2823,10/24/2023,2,25,25,12,1,57.38
2824,11/25/2021,2,8,8,13,2,271.85
2825,4/16/2023,5,21,21,12,1,51
2826,1/8/2022,2,25,25,8,2,216.71
2827,4/27/2025,2,39,39,7,4,717.15
2828,3/14/2022,1,34,34,11,5,771.6
2829,10/17/2024,2,7,7,10,2,95.54
2830,1/13/2023,3,22,22,11,4,765.64
2831,5/4/2022,2,7,7,4,2,248.09
2832,10/1/2024,2,8,8,12,1,49.66
2833,11/20/2022,2,25,25,14,4,793.23
2834,1/1/2022,2,1,1,10,1,35.86
2835,4/10/2024,2,25,25,16,3,77.26
2836,1/3/2023,2,40,40,10,2,73.91
2837,8/10/2022,5,6,6,2,4,338.86
2838,4/25/2023,1,32,32,13,2,263.91
2839,10/22/2024,2,1,1,14,3,638.01
2840,6/21/2024,2,7,7,10,3,123.41
2841,4/7/2024,3,3,3,15,4,480.27
2842,9/23/2024,2,8,8,12,2,121.48
2843,12/11/2021,2,24,24,5,5,356.29
2844,1/8/2025,2,25,25,1,1,204.94
2845,9/3/2024,3,4,4,4,2,263
2846,9/13/2022,2,7,7,16,2,52.69
2847,10/24/2021,2,1,1,13,2,277.42
2848,6/21/2023,2,25,25,3,1,112.72
2849,11/4/2022,5,21,21,17,1,94.99
2850,7/8/2024,2,7,7,12,5,246.06
2851,9/4/2024,1,11,11,8,3,325.16
2852,7/30/2024,5,15,15,10,1,45.31
2853,7/23/2024,2,25,25,8,4,387.96
2854,12/12/2024,3,28,28,7,5,1090.98
2855,1/2/2023,2,25,25,2,1,91.26
2856,4/28/2022,1,11,11,8,5,555.93
2857,4/13/2022,2,1,1,10,5,180.93
2858,10/24/2024,2,40,40,9,2,126.99
2859,11/17/2022,2,37,37,7,5,894.9
2860,3/20/2022,3,22,22,13,3,467.42
2861,1/9/2023,2,1,1,14,1,203.09
2862,7/22/2024,2,39,39,5,3,184.91
2863,11/1/2021,5,13,13,14,1,155.26
2864,6/3/2022,5,19,19,3,4,408.59
2865,8/20/2022,2,25,25,17,4,271.16
2866,8/6/2022,2,17,17,8,5,498.64
2867,1/26/2024,3,38,38,6,5,947.87
2868,3/14/2024,2,25,25,14,5,877.57
2869,12/16/2022,2,8,8,7,2,346.88
2870,5/30/2024,2,17,17,2,2,174.05
2871,4/3/2023,2,8,8,12,3,190.45
2872,9/8/2023,2,25,25,2,3,294.46
2873,10/9/2022,4,23,23,8,5,476.36
2874,7/13/2024,5,9,9,18,3,89.46
2875,8/5/2025,2,39,39,5,4,259.77
2876,1/18/2025,2,7,7,6,4,598.22
2877,8/31/2023,2,7,7,8,2,216.6
2878,12/1/2024,2,24,24,16,5,119.21
2879,7/19/2024,2,17,17,1,4,705.6
2880,5/15/2024,2,8,8,11,1,163.75
2881,11/21/2021,2,1,1,2,1,67.06
2882,7/8/2024,1,32,32,8,2,196.75
2883,2/22/2023,5,10,10,15,1,113.14
2884,12/11/2023,2,7,7,4,5,620.62
2885,3/5/2023,2,17,17,18,1,23.52
2886,3/3/2025,2,37,37,13,4,552.4
2887,7/3/2023,5,9,9,11,1,174.32
2888,5/11/2022,2,39,39,12,4,247.31
2889,1/3/2024,1,32,32,11,3,518.44
2890,10/26/2024,2,17,17,15,4,513.06
2891,12/6/2021,2,37,37,10,5,190.9
2892,3/23/2025,2,7,7,12,2,131.99
2893,4/8/2022,2,17,17,17,3,257.21
2894,3/10/2023,5,13,13,8,4,415.45
2895,7/26/2025,2,8,8,5,4,335.68
2896,2/14/2025,5,15,15,12,4,272.33
2897,8/13/2023,2,7,7,12,3,152.37
2898,12/18/2024,2,8,8,13,5,778.48
2899,3/4/2023,1,31,31,9,5,350.4
2900,10/25/2023,2,39,39,18,2,46.74
2901,8/28/2025,2,7,7,2,4,274.7
2902,6/3/2025,2,1,1,6,4,784.56
2903,7/6/2024,2,39,39,2,5,496.74
2904,7/23/2024,5,21,21,12,3,146.99
2905,2/15/2024,2,7,7,2,2,173.92
2906,12/12/2021,5,21,21,13,5,861.81
2907,7/12/2025,2,25,25,18,5,102.66
2908,7/6/2022,4,12,12,11,2,307.65
2909,4/16/2022,2,7,7,3,2,223.57
2910,12/10/2021,2,40,40,5,5,421.31
2911,4/18/2022,2,39,39,1,5,998.58
2912,2/1/2025,4,30,30,4,1,154.06
2913,1/31/2023,5,13,13,4,2,255.68
2914,10/17/2022,3,22,22,3,3,330.23
2915,9/5/2024,3,18,18,17,5,491.41
2916,5/1/2023,4,36,36,11,4,768.94
2917,1/11/2024,1,32,32,3,1,80.12
2918,12/30/2023,1,31,31,8,3,252.33
2919,5/8/2024,5,21,21,8,3,311.47
2920,3/29/2025,2,25,25,16,3,77.29
2921,12/19/2021,4,33,33,13,4,666.62
2922,9/13/2022,5,21,21,18,2,50.71
2923,5/11/2023,2,24,24,4,5,758.96
2924,6/20/2023,2,24,24,9,3,279.85
2925,7/30/2023,2,8,8,17,4,367.9
2926,12/2/2021,2,1,1,5,1,70.63
2927,3/22/2022,2,7,7,4,5,720.47
2928,10/20/2024,3,5,5,13,3,386.13
2929,11/7/2022,2,1,1,6,3,415.14
2930,5/19/2024,4,30,30,16,4,113.11
2931,1/4/2023,2,8,8,7,2,338.18
2932,1/13/2024,4,29,29,11,4,570.76
2933,12/20/2022,3,4,4,1,4,808.24
2934,11/20/2023,5,10,10,10,4,154.18
2935,4/23/2023,2,24,24,12,2,130.29
2936,3/18/2025,5,10,10,17,1,78.39
2937,9/6/2024,2,17,17,6,5,990.97
2938,1/4/2023,2,1,1,17,2,174.94
2939,1/9/2025,4,12,12,12,4,281
2940,4/5/2024,5,13,13,8,2,217.36
2941,10/2/2021,2,40,40,7,2,366.77
2942,2/21/2024,2,17,17,13,3,389.16
2943,8/28/2023,2,39,39,4,3,453.14
2944,3/18/2023,2,24,24,18,4,91.16
2945,12/17/2023,2,39,39,10,4,196.68
2946,6/30/2025,5,13,13,9,1,85.96
2947,5/16/2025,5,13,13,13,4,710.88
2948,2/3/2022,2,37,37,3,4,342.09
2949,1/12/2024,2,37,37,7,2,456.78
2950,7/21/2023,2,8,8,8,3,343.24
2951,3/19/2023,2,17,17,3,2,208.28
2952,8/19/2022,2,25,25,16,2,52.47
2953,9/14/2022,2,1,1,9,4,331.99
2954,2/17/2023,3,2,2,9,4,363.3
2955,10/8/2022,5,10,10,1,4,878.28
2956,11/7/2022,2,39,39,10,3,127.59
2957,1/5/2022,2,1,1,2,3,206.96
2958,12/10/2024,2,37,37,9,3,275.7
2959,4/26/2025,2,25,25,9,5,411.17
2960,5/13/2025,2,24,24,5,2,165.91
2961,9/27/2024,2,8,8,10,4,162.36
2962,12/12/2022,3,22,22,2,2,188.53
2963,12/29/2023,5,10,10,5,2,118.86
2964,1/23/2023,2,8,8,14,4,834.02
2965,5/27/2022,5,15,15,6,4,608.8
2966,6/28/2023,4,12,12,15,5,587.22
2967,11/15/2024,5,21,21,11,5,971.32
2968,1/29/2025,2,17,17,12,1,70.95
2969,6/8/2023,5,21,21,16,2,46.75
2970,9/1/2023,1,32,32,4,5,588.19
2971,6/3/2024,3,5,5,13,5,828.49
2972,12/5/2024,2,25,25,17,3,205.42
2973,6/30/2024,2,37,37,15,3,395.99
2974,8/15/2024,2,17,17,13,3,510.46
2975,8/17/2022,2,7,7,8,2,224.07
2976,6/29/2025,2,7,7,12,5,332.91
2977,8/20/2022,3,26,26,15,1,151.69
2978,7/15/2022,5,15,15,10,1,44.5
2979,4/23/2025,2,24,24,5,1,68.41
2980,8/6/2022,3,2,2,10,5,237.1
2981,8/12/2022,2,17,17,14,4,769.93
2982,9/7/2025,5,6,6,16,1,29.32
2983,4/8/2025,2,25,25,15,5,583.99
2984,4/30/2024,1,32,32,9,3,235.87
2985,8/30/2024,5,9,9,4,2,273.32
2986,4/27/2023,1,35,35,4,1,128.72
2987,3/3/2022,5,19,19,14,3,512.8
2988,10/2/2022,3,20,20,15,3,399.42
2989,5/11/2024,2,37,37,3,5,434.74
2990,4/6/2023,5,10,10,3,5,550.76
2991,12/9/2023,3,3,3,17,4,369.56
2992,8/19/2022,2,7,7,7,4,677.49
2993,3/9/2024,2,25,25,9,1,81.96
2994,2/22/2022,1,32,32,13,3,430.89
2995,2/22/2025,2,25,25,5,3,261.55
2996,11/23/2024,4,29,29,9,5,369.01
2997,7/16/2022,2,40,40,17,1,97.37
2998,5/30/2022,2,40,40,3,4,381.82
2999,9/28/2022,3,28,28,18,5,123.74
3000,8/20/2024,2,8,8,6,1,204.43
3001,10/24/2021,2,37,37,8,2,170.92
3002,1/17/2025,2,8,8,12,1,67.72
3003,6/9/2022,5,19,19,3,1,115.67
3004,10/4/2024,5,21,21,8,4,404.11
3005,6/24/2024,5,13,13,3,1,98.37
3006,3/28/2023,2,40,40,16,3,93.02
3007,8/7/2022,2,25,25,9,5,364.28
3008,8/3/2023,2,17,17,16,4,116.38
3009,10/6/2023,2,7,7,1,5,809.36
3010,10/18/2023,5,19,19,14,2,353.35
3011,10/4/2023,2,25,25,17,5,412.52
3012,3/15/2022,2,7,7,17,1,97.95
3013,6/23/2024,2,24,24,12,5,252.24
3014,2/12/2023,2,37,37,11,2,318.43
3015,4/23/2023,2,40,40,10,4,191.96
3016,5/21/2025,5,9,9,6,5,1025.93
3017,11/15/2022,2,25,25,4,2,250.64
3018,3/17/2023,5,15,15,11,3,491.17
3019,10/28/2024,2,1,1,5,3,244.18
3020,10/2/2024,5,19,19,16,3,82.16
3021,12/22/2023,5,15,15,15,4,434.92
3022,2/3/2023,5,6,6,10,1,44.12
3023,11/15/2022,4,23,23,4,2,324.64
3024,7/14/2022,2,8,8,16,5,146.62
3025,9/18/2022,2,1,1,14,4,752
3026,6/14/2022,5,13,13,17,2,159.38
3027,10/24/2023,2,25,25,2,1,73.63
3028,9/23/2022,2,25,25,4,1,141.24
3029,9/23/2021,2,24,24,13,3,375.48
3030,8/13/2025,5,10,10,7,5,1154.33
3031,11/4/2022,5,19,19,7,1,174.83
3032,12/11/2024,2,17,17,6,1,175.21
3033,9/4/2023,2,39,39,10,1,44.13
3034,11/11/2021,2,25,25,17,4,365.94
3035,11/7/2022,2,8,8,18,1,21.06
3036,9/17/2021,2,1,1,12,1,65.52
3037,10/27/2024,3,38,38,5,1,86.01
3038,3/15/2024,5,9,9,8,4,432.58
3039,6/30/2025,5,13,13,9,2,179.55
3040,5/8/2024,2,17,17,8,5,394.64
3041,7/28/2023,2,17,17,6,3,487.19
3042,4/11/2023,5,15,15,2,3,261.84
3043,10/27/2024,2,37,37,9,1,82.79
3044,3/2/2025,5,13,13,11,5,701.87
3045,11/22/2023,3,4,4,17,2,200.37
3046,1/14/2022,3,2,2,7,5,965.91
3047,3/19/2022,2,24,24,7,4,836.44
3048,9/11/2024,2,39,39,18,1,26.18
3049,1/6/2025,5,15,15,6,3,441.49
3050,7/31/2024,5,10,10,10,3,147.15
3051,2/18/2022,2,37,37,6,4,723.07
3052,10/15/2024,3,4,4,1,4,603.58
3053,1/7/2024,5,15,15,7,3,687.46
3054,5/10/2022,2,1,1,1,1,147.54
3055,5/30/2025,2,25,25,5,5,442.17
3056,11/22/2022,4,33,33,8,5,437.54
3057,10/24/2021,2,7,7,1,3,609.57
3058,5/3/2025,2,39,39,2,2,140.45
3059,9/15/2021,2,8,8,3,5,404.58
3060,7/28/2022,2,7,7,15,5,556.9
3061,9/24/2023,2,24,24,10,5,175.17
3062,4/2/2025,2,37,37,14,1,159.98
3063,9/21/2022,5,19,19,9,2,182.17
3064,2/2/2024,2,25,25,14,1,204.26
3065,12/25/2022,2,39,39,10,4,162.98
3066,7/5/2025,2,17,17,2,4,282.64
3067,3/13/2025,2,37,37,4,3,428.49
3068,11/25/2023,2,40,40,1,1,180.84
3069,3/30/2023,2,8,8,5,5,326.93
3070,10/29/2024,2,1,1,7,3,710.6
3071,12/29/2023,3,18,18,8,2,234.68
3072,5/31/2022,5,6,6,15,2,276.33
3073,5/14/2023,1,35,35,7,2,382.55
3074,9/29/2021,2,17,17,3,3,250.22
3075,2/6/2022,2,37,37,2,1,69.8
3076,4/12/2025,2,8,8,10,3,152.03
3077,1/28/2025,4,12,12,5,3,243.49
3078,4/5/2024,3,22,22,5,4,299.13
3079,9/27/2022,2,7,7,9,3,228.68
3080,7/11/2022,2,7,7,8,1,89.97
3081,2/16/2024,5,6,6,6,4,613.04
3082,8/26/2024,2,7,7,10,1,42.66
3083,10/7/2021,4,23,23,1,1,149.81
3084,2/2/2025,2,39,39,7,4,953.84
3085,7/17/2025,2,8,8,16,2,51.11
3086,9/6/2025,2,17,17,10,5,229.94
3087,6/1/2025,5,21,21,13,2,339.81
3088,12/10/2024,2,7,7,12,1,65.4
3089,9/1/2024,2,7,7,17,4,359.08
3090,10/5/2022,2,39,39,18,3,60.83
3091,10/27/2023,2,25,25,2,2,157.18
3092,6/5/2025,4,30,30,13,4,631.98
3093,9/24/2023,2,17,17,16,3,86.65
3094,11/30/2022,3,14,14,4,3,363.85
3095,7/20/2023,5,19,19,9,5,360.43
3096,6/10/2022,5,9,9,3,3,273.76
3097,3/18/2023,2,39,39,3,4,392.89
3098,11/14/2022,2,37,37,3,2,224.61
3099,6/24/2025,2,1,1,9,5,398.89
3100,8/6/2022,3,3,3,8,3,239.44
3101,9/7/2023,2,25,25,1,2,419.97
3102,2/11/2022,2,24,24,2,1,67.1
3103,9/17/2023,5,9,9,1,1,167.78
3104,8/13/2023,1,35,35,2,1,74.55
3105,12/14/2022,1,32,32,16,4,94.87
3106,4/21/2024,2,7,7,4,5,774.21
3107,10/7/2022,5,9,9,7,2,387.67
3108,9/11/2024,2,25,25,12,2,105.77
3109,4/26/2024,2,8,8,15,2,230.12
3110,5/17/2025,2,40,40,7,3,574.28
3111,10/31/2023,3,5,5,1,3,605.46
3112,5/13/2023,2,37,37,2,3,281.73
3113,8/1/2024,2,39,39,15,3,336.95
3114,12/24/2024,5,10,10,4,1,158.22
3115,1/10/2022,1,35,35,8,5,420.55
3116,2/10/2022,2,24,24,2,4,286.05
3117,6/17/2023,2,40,40,11,2,408.67
3118,8/16/2024,2,8,8,15,3,444.04
3119,10/31/2021,3,2,2,8,3,255.43
3120,8/3/2022,5,9,9,14,3,538.25
3121,10/10/2022,2,7,7,1,4,607.06
3122,9/22/2023,5,9,9,15,5,781.94
3123,8/5/2022,2,37,37,2,5,363.94
3124,7/25/2023,2,39,39,11,1,160.17
3125,6/9/2024,2,17,17,10,3,113.2
3126,9/23/2024,5,19,19,6,5,806.12
3127,7/8/2022,4,30,30,2,2,177.26
3128,7/25/2025,2,39,39,12,5,292.76
3129,12/11/2021,5,21,21,9,2,146.95
3130,7/20/2025,5,19,19,16,5,134.05
3131,5/2/2024,5,6,6,8,2,186.14
3132,9/23/2021,1,35,35,1,1,156.75
3133,6/23/2022,2,37,37,8,1,88.36
3134,7/30/2023,2,37,37,15,4,527.71
3135,8/24/2024,5,9,9,1,4,819.76
3136,1/10/2025,4,23,23,4,5,800.83
3137,9/22/2024,2,37,37,9,4,256.15
3138,2/2/2023,1,31,31,1,2,434.56
3139,9/1/2025,2,25,25,15,1,136.27
3140,4/13/2025,3,3,3,18,5,119.26
3141,10/2/2021,2,24,24,15,3,440.7
3142,2/6/2025,1,31,31,13,5,805.07
3143,4/4/2025,2,8,8,4,4,542.56
3144,4/23/2024,2,7,7,9,3,244.62
3145,6/18/2024,2,7,7,11,5,967.81
3146,5/5/2025,2,25,25,15,1,117.63
3147,8/17/2022,2,37,37,6,2,393.89
3148,2/27/2023,2,25,25,7,1,173.22
3149,11/22/2022,2,25,25,7,3,495.87
3150,1/11/2025,2,39,39,9,1,89.27
3151,8/3/2024,2,8,8,10,5,178.56
3152,7/3/2024,2,8,8,5,2,153.86
3153,5/14/2024,2,1,1,14,1,184.76
3154,12/8/2022,2,8,8,4,4,626.02
3155,7/27/2022,2,8,8,1,3,493.41
3156,4/26/2023,2,1,1,13,2,336.91
3157,6/9/2022,5,13,13,3,4,449.99
3158,11/12/2021,2,40,40,16,1,27.52
3159,12/27/2021,5,19,19,2,2,165.38
3160,5/7/2023,2,7,7,1,3,470.22
3161,9/24/2022,2,25,25,2,1,87.32
3162,10/28/2021,5,15,15,16,1,23.6
3163,11/23/2022,2,37,37,11,2,391.23
3164,6/6/2025,5,15,15,1,3,565.91
3165,2/18/2022,1,31,31,11,1,140.01
3166,1/29/2022,5,21,21,14,1,195.36
3167,2/21/2025,1,11,11,16,4,128.03
3168,2/11/2024,5,6,6,10,3,118.85
3169,3/2/2024,5,13,13,11,2,310.64
3170,2/12/2024,2,39,39,13,4,561.61
3171,2/12/2022,2,7,7,10,4,175.59
3172,6/2/2023,2,17,17,7,5,1005.94
3173,1/10/2025,5,21,21,17,4,320.23
3174,3/12/2025,2,40,40,5,4,241.32
3175,11/13/2024,5,19,19,3,5,501.54
3176,9/25/2022,2,1,1,6,1,174.81
3177,7/26/2022,2,39,39,11,4,798.41
3178,6/21/2025,2,7,7,16,4,126.27
3179,7/1/2023,2,24,24,12,5,338.87
3180,1/19/2025,2,25,25,11,2,383.67
3181,7/17/2022,2,17,17,1,1,212.47
3182,7/30/2024,4,29,29,9,4,360.97
3183,2/3/2023,2,1,1,9,5,444.21
3184,6/5/2022,4,30,30,4,4,620.01
3185,1/24/2023,4,27,27,4,5,592.42
3186,11/6/2024,5,15,15,10,3,114.16
3187,3/6/2023,2,8,8,8,5,417.01
3188,8/20/2024,5,10,10,12,5,299.33
3189,5/1/2024,3,5,5,8,3,339.14
3190,1/23/2025,2,40,40,10,5,236.63
3191,1/7/2023,5,21,21,11,1,200.16
3192,9/9/2024,1,32,32,15,1,126.54
3193,1/15/2025,2,25,25,3,2,187.58
3194,11/28/2024,2,39,39,2,1,89.19
3195,12/9/2024,5,19,19,16,5,154.33
3196,10/18/2022,3,2,2,6,4,805.31
3197,4/8/2025,4,27,27,11,4,787.18
3198,4/29/2023,2,7,7,15,3,388.83
3199,8/21/2022,5,19,19,14,3,490.96
3200,6/2/2022,2,24,24,10,1,50.27
3201,8/7/2023,5,6,6,13,3,496.45
3202,2/17/2022,2,17,17,6,5,917.49
3203,1/17/2024,2,39,39,1,3,528.29
3204,10/23/2022,2,40,40,10,5,204.33
3205,8/14/2024,2,7,7,12,1,57.87
3206,11/12/2023,3,26,26,15,1,107.24
3207,8/5/2022,5,13,13,16,5,116
3208,5/3/2023,2,37,37,5,4,308.02
3209,4/26/2022,2,25,25,5,4,337.39
3210,6/1/2022,2,8,8,16,2,52.51
3211,9/17/2021,5,9,9,17,5,378.2
3212,8/18/2025,2,7,7,7,3,663.27
3213,7/17/2025,5,21,21,13,1,172.07
3214,7/22/2023,2,1,1,3,2,215.18
3215,1/18/2022,3,22,22,10,4,192.38
3216,11/28/2021,4,30,30,4,4,498.04
3217,6/23/2022,5,19,19,10,3,113
3218,1/11/2025,2,8,8,14,2,321.53
3219,10/19/2021,2,17,17,7,3,609.99
3220,3/4/2023,2,8,8,6,3,502.98
3221,5/1/2025,3,5,5,5,5,320.39
3222,4/29/2023,2,1,1,14,3,556.9
3223,2/3/2024,4,30,30,10,3,149.67
3224,6/22/2024,5,10,10,11,3,465.32
3225,12/31/2021,5,15,15,18,4,120.64
3226,8/25/2025,2,24,24,14,5,837.07
3227,10/12/2022,2,7,7,17,2,162.4
3228,6/18/2023,2,24,24,11,1,143.71
3229,4/28/2024,5,15,15,18,2,43.87
3230,3/6/2022,2,8,8,17,4,388.53
3231,11/30/2021,2,8,8,1,5,810.7
3232,1/7/2023,5,21,21,13,1,165.12
3233,3/30/2025,2,17,17,8,2,206.93
3234,12/16/2024,1,11,11,13,3,378.49
3235,4/21/2024,3,5,5,3,2,183.71
3236,12/29/2021,2,8,8,5,2,119.89
3237,12/13/2021,5,9,9,18,3,89.43
3238,12/11/2022,2,40,40,18,3,90.47
3239,4/26/2022,2,25,25,16,5,134.88
3240,7/9/2023,1,34,34,1,3,649.01
3241,12/5/2022,1,11,11,12,3,200.31
3242,7/24/2024,2,40,40,8,5,477.16
3243,6/30/2025,2,1,1,6,5,754.29
3244,6/22/2023,2,39,39,5,5,333.01
3245,9/20/2021,2,1,1,9,1,91.87
3246,10/9/2022,2,1,1,8,1,82.14
3247,12/12/2023,2,24,24,8,5,454.87
3248,12/4/2023,2,37,37,15,1,130.98
3249,5/22/2022,3,14,14,10,3,112.8
3250,1/29/2023,2,24,24,18,1,24.56
3251,3/21/2024,5,9,9,16,5,146.29
3252,5/8/2024,2,37,37,18,1,21.86
3253,12/8/2023,5,21,21,10,4,158.22
3254,7/24/2024,5,9,9,11,2,335.57
3255,12/9/2023,2,8,8,12,3,178.98
3256,10/13/2021,2,1,1,1,2,431.34
3257,8/26/2025,2,7,7,6,3,529.42
3258,1/9/2024,2,25,25,11,5,959.13
3259,11/24/2021,3,16,16,18,5,146.95
3260,6/15/2025,2,37,37,1,3,507.07
3261,1/30/2022,5,15,15,3,2,205.46
3262,1/21/2025,2,17,17,13,4,571.66
3263,3/3/2022,5,15,15,14,2,395.6
3264,8/5/2025,5,19,19,4,4,573.02
3265,1/8/2024,5,9,9,14,1,179.39
3266,1/28/2022,5,15,15,9,1,91.5
3267,11/6/2023,5,13,13,7,1,168.26
3268,3/6/2024,2,1,1,8,5,546.88
3269,10/1/2024,5,6,6,16,3,90.48
3270,4/12/2024,4,29,29,7,1,207.98
3271,9/17/2023,2,17,17,13,3,462.51
3272,5/5/2025,2,24,24,14,4,796.43
3273,9/14/2022,2,8,8,4,4,590.41
3274,1/18/2022,4,29,29,18,3,72.78
3275,11/27/2023,2,17,17,6,1,178.8
3276,7/10/2024,2,37,37,18,3,83.92
3277,10/17/2024,2,37,37,1,2,310.04
3278,9/25/2024,2,8,8,5,3,219.82
3279,8/17/2025,2,39,39,8,2,218.05
3280,12/14/2021,2,7,7,15,1,119.55
3281,7/24/2025,2,25,25,3,2,203.43
3282,5/31/2025,2,39,39,14,2,335.61
3283,5/18/2024,2,24,24,15,1,104.75
3284,1/26/2022,5,9,9,9,2,165.55
3285,6/14/2023,3,4,4,8,1,114.91
3286,6/26/2024,2,40,40,7,4,809.26
3287,10/28/2024,2,25,25,10,4,195.03
3288,1/18/2023,5,10,10,16,2,58.1
3289,3/6/2024,5,15,15,18,1,27.01
3290,7/18/2023,2,8,8,10,3,108.27
3291,6/23/2022,2,40,40,9,5,405.87
3292,9/14/2024,5,15,15,10,5,232.07
3293,4/10/2025,2,1,1,7,3,668.73
3294,2/25/2024,2,1,1,8,4,440.48
3295,11/8/2022,2,40,40,4,1,127.42
3296,11/29/2023,2,39,39,12,1,50.63
3297,2/10/2025,2,8,8,2,3,278.03
3298,5/13/2025,2,7,7,14,1,147.73
3299,11/22/2021,5,13,13,1,3,468.82
3300,12/23/2023,2,25,25,3,1,88.54
3301,7/23/2023,2,17,17,5,1,65.67
3302,1/31/2022,2,1,1,9,4,301.91
3303,6/3/2023,2,37,37,8,2,205.3
3304,1/14/2023,5,21,21,17,3,259.04
3305,3/13/2022,2,37,37,16,4,111.58
3306,2/2/2024,2,17,17,9,1,84.14
3307,8/7/2023,5,10,10,17,3,296.4
3308,12/5/2024,2,25,25,13,1,129.88
3309,1/18/2023,2,39,39,8,2,168.93
3310,5/22/2023,2,24,24,10,3,123.05
3311,12/11/2021,2,25,25,14,1,178.32
3312,8/9/2022,2,8,8,13,1,150.54
3313,10/16/2024,2,8,8,5,2,139.15
3314,1/8/2025,3,3,3,17,1,74.94
3315,10/22/2023,3,22,22,2,5,402.17
3316,5/19/2022,5,13,13,17,4,401.4
3317,5/27/2024,2,40,40,15,5,575.99
3318,2/14/2023,2,1,1,10,2,101.79
3319,4/21/2024,2,40,40,7,5,1133.82
3320,6/22/2023,2,7,7,8,1,94.08
3321,9/26/2022,1,31,31,5,3,253.46
3322,3/13/2022,4,29,29,13,5,740.01
3323,4/2/2022,2,1,1,1,2,388.42
3324,10/6/2023,5,9,9,11,1,181.06
3325,12/20/2021,2,39,39,14,5,944.23
3326,11/30/2022,2,17,17,8,5,421.42
3327,2/14/2023,3,38,38,3,4,401.13
3328,12/13/2024,2,39,39,2,4,272.9
3329,12/17/2021,2,24,24,13,1,134.51
3330,8/10/2025,1,31,31,1,2,401.86
3331,5/20/2022,2,7,7,8,5,493.56
3332,6/23/2025,3,2,2,2,4,300.62
3333,1/27/2023,2,8,8,5,2,156.6
3334,11/6/2024,4,23,23,17,2,144.42
3335,1/25/2023,2,17,17,15,5,624.88
3336,5/14/2022,2,24,24,3,3,312.67
3337,10/5/2021,2,1,1,8,1,99.11
3338,5/25/2025,2,7,7,15,3,469.28
3339,5/11/2023,5,9,9,12,4,259.22
3340,9/15/2024,5,10,10,3,2,183.77
3341,10/25/2023,5,15,15,7,5,1067.76
3342,2/12/2022,5,13,13,10,1,46.18
3343,1/4/2024,2,25,25,6,2,325.62
3344,9/6/2025,2,25,25,17,2,151.34
3345,7/9/2025,5,21,21,9,5,469.76
3346,1/6/2025,3,14,14,11,1,144.6
3347,2/18/2025,2,7,7,1,3,615.26
3348,11/12/2024,2,39,39,13,2,351.85
3349,5/10/2023,2,17,17,1,3,622.62
3350,9/6/2023,2,8,8,11,1,158.67
3351,8/9/2025,3,26,26,2,2,142.57
3352,10/14/2021,2,39,39,3,5,554.68
3353,10/23/2024,2,1,1,8,1,111.65
3354,6/30/2022,2,25,25,6,5,882.77
3355,2/11/2024,5,6,6,9,4,268.08
3356,2/19/2025,2,39,39,7,3,598.9
3357,4/5/2025,2,25,25,10,4,195.8
3358,11/24/2023,5,13,13,3,2,215.24
3359,7/14/2022,2,17,17,14,5,812.53
3360,11/27/2023,2,37,37,17,2,174.64
3361,12/7/2022,2,37,37,12,5,326.45
3362,3/1/2024,5,9,9,8,5,528.29
3363,12/14/2023,5,21,21,2,5,436.61
3364,6/13/2025,2,25,25,14,3,497.6
3365,2/26/2025,2,1,1,4,5,704.85
3366,5/13/2025,2,37,37,18,1,26.67
3367,2/1/2022,1,35,35,12,1,67.84
3368,7/22/2025,1,34,34,1,1,178.33
3369,7/8/2025,2,7,7,9,5,452.62
3370,2/5/2024,2,17,17,7,4,945.51
3371,7/30/2022,5,21,21,12,5,336.97
3372,10/19/2023,2,39,39,3,3,267.82
3373,12/23/2022,5,6,6,1,1,194.62
3374,1/10/2024,2,1,1,14,3,571.55
3375,6/22/2024,2,37,37,18,5,142.57
3376,5/1/2025,2,37,37,13,4,580.35
3377,6/13/2024,4,29,29,10,4,150.72
3378,11/16/2024,2,7,7,17,3,274.64
3379,5/13/2024,3,26,26,15,3,389.79
3380,10/9/2022,3,18,18,13,1,146.9
3381,2/5/2022,2,17,17,2,5,446.86
3382,10/3/2024,3,16,16,9,2,142.9
3383,10/13/2022,2,40,40,10,5,178.14
3384,12/11/2023,2,7,7,17,5,395.82
3385,1/14/2023,5,15,15,9,1,63.02
3386,10/20/2022,5,10,10,15,1,135.65
3387,2/22/2022,2,25,25,16,5,138.11
3388,5/5/2024,2,8,8,15,4,447.02
3389,5/9/2023,2,40,40,13,3,525.14
3390,1/26/2023,5,21,21,13,3,527.4
3391,2/5/2022,2,8,8,15,1,136.3
3392,12/15/2024,2,25,25,2,1,94.71
3393,9/1/2022,5,6,6,12,1,53.09
3394,8/27/2025,2,39,39,8,2,186.02
3395,10/13/2023,2,7,7,8,3,289.73
3396,6/28/2025,2,39,39,10,5,198.9
3397,11/24/2024,1,34,34,17,5,483.77
3398,10/5/2024,2,8,8,9,5,368.69
3399,9/28/2023,3,5,5,11,4,635.55
3400,10/15/2024,5,13,13,3,4,350.39
3401,11/29/2024,2,1,1,5,1,61.07
3402,8/18/2022,2,40,40,18,5,128.64
3403,9/1/2024,2,7,7,18,4,92.25
3404,11/2/2021,2,24,24,15,4,552.67
3405,3/4/2022,2,39,39,13,1,131.13
3406,8/15/2023,2,24,24,7,1,221.23
3407,11/23/2024,5,15,15,2,2,145.89
3408,3/19/2023,2,39,39,13,4,666.16
3409,7/30/2025,2,39,39,3,1,83.33
3410,6/23/2022,2,37,37,17,2,175.89
3411,4/4/2025,5,21,21,8,4,377.69
3412,10/24/2021,3,18,18,15,3,415.84
3413,11/25/2024,1,11,11,1,1,159.57
3414,11/28/2021,2,40,40,17,5,444.87
3415,2/29/2024,5,19,19,9,3,243.19
3416,3/18/2024,2,1,1,12,5,239.57
3417,10/25/2021,2,1,1,1,4,687.23
3418,4/12/2025,5,15,15,13,2,337.78
3419,8/16/2024,2,40,40,5,2,135.11
3420,2/4/2022,2,17,17,18,4,87.79
3421,12/9/2023,2,1,1,15,5,673.2
3422,12/19/2024,2,37,37,16,4,90.56
3423,1/26/2025,2,24,24,14,5,806.23
3424,11/8/2022,2,17,17,10,4,172.96
3425,10/31/2022,1,35,35,18,3,75.73
3426,1/29/2022,5,6,6,7,4,949.78
3427,7/29/2022,5,10,10,16,5,134.56
3428,8/21/2025,2,24,24,12,5,275.22
3429,10/28/2023,2,37,37,8,4,317.93
3430,4/6/2022,5,6,6,10,5,176.98
3431,12/5/2024,3,28,28,12,3,211.03
3432,4/14/2025,2,7,7,12,5,326.03
3433,6/6/2023,5,6,6,2,2,146.42
3434,1/18/2025,2,39,39,16,4,115.01
3435,5/8/2023,2,24,24,2,5,437.14
3436,12/8/2023,2,37,37,7,3,704.06
3437,4/15/2025,2,37,37,9,2,172.69
3438,8/23/2022,5,19,19,5,3,225.36
3439,5/31/2023,1,35,35,4,3,405.76
3440,11/1/2022,2,25,25,4,5,634.62
3441,5/19/2025,4,12,12,6,4,633.39
3442,1/12/2024,5,21,21,6,4,814.45
3443,9/2/2024,2,17,17,17,2,193.55
3444,7/14/2022,5,9,9,8,2,231.63
3445,12/18/2024,2,37,37,10,1,37.98
3446,8/15/2022,4,29,29,9,1,90.17
3447,4/10/2025,1,35,35,11,1,172.6
3448,8/9/2023,2,17,17,12,1,65.8
3449,4/29/2023,5,6,6,15,1,144.22
3450,6/13/2022,5,15,15,10,3,146.04
3451,6/21/2022,2,8,8,9,5,342.7
3452,5/8/2024,2,40,40,6,2,412.21
3453,6/23/2022,5,10,10,4,2,282.44
3454,2/15/2025,2,37,37,13,4,728.03
3455,7/29/2025,2,17,17,8,2,215.68
3456,3/19/2025,2,39,39,13,4,680.87
3457,12/25/2022,5,13,13,12,5,302.95
3458,12/25/2023,2,1,1,12,1,60.85
3459,3/16/2023,2,37,37,1,3,573.39
3460,2/26/2023,2,37,37,4,5,771.12
3461,1/7/2025,5,10,10,1,2,395.07
3462,7/7/2023,1,35,35,14,1,182.97
3463,11/19/2024,2,40,40,14,1,176.46
3464,9/28/2021,5,9,9,5,1,82.49
3465,8/16/2023,1,11,11,4,4,566.75
3466,6/19/2024,2,25,25,10,4,148.02
3467,2/15/2023,2,17,17,6,3,584.55
3468,10/15/2022,5,15,15,8,5,472.3
3469,2/7/2024,5,19,19,9,3,196.49
3470,3/15/2023,2,25,25,12,3,174.55
3471,4/2/2025,1,32,32,1,3,532.45
3472,8/25/2024,5,13,13,11,5,758.75
3473,3/9/2023,2,25,25,18,5,111.27
3474,10/6/2023,2,25,25,10,4,153.21
3475,12/30/2022,2,37,37,12,3,175.39
3476,3/24/2024,1,34,34,17,2,175.39
3477,5/27/2023,2,39,39,10,2,78.49
3478,5/2/2023,2,25,25,13,3,462.02
3479,3/18/2022,3,3,3,12,1,61.57
3480,9/18/2023,2,8,8,17,2,147.21
3481,2/6/2024,2,8,8,8,3,253
3482,3/22/2024,5,13,13,12,2,142.94
3483,9/11/2022,2,1,1,1,5,838.66
3484,11/19/2022,2,40,40,1,5,804.43
3485,3/19/2022,3,2,2,16,3,92.74
3486,1/19/2024,2,40,40,18,5,142.29
3487,2/8/2025,2,17,17,12,4,258.43
3488,6/27/2024,2,40,40,12,5,285.96
3489,2/13/2024,2,17,17,8,5,522.84
3490,1/24/2025,2,24,24,8,2,205.53
3491,11/7/2024,4,23,23,3,5,400.93
3492,2/2/2022,1,32,32,16,3,97.56
3493,1/4/2023,2,37,37,18,5,109.86
3494,9/11/2022,3,2,2,10,3,142.07
3495,7/21/2025,5,15,15,1,2,430.81
3496,7/7/2022,2,1,1,9,4,267.06
3497,7/27/2023,4,27,27,15,5,528.15
3498,9/8/2022,2,25,25,16,5,127.5
3499,7/8/2024,5,6,6,6,2,295.79
3500,9/6/2023,3,16,16,15,4,535.81
3501,2/16/2025,3,16,16,12,3,177.31
3502,7/22/2022,5,9,9,3,5,550.75
3503,3/29/2025,2,25,25,9,3,221.84
3504,11/11/2024,5,15,15,9,3,193.88
3505,4/2/2024,5,19,19,6,5,1004.3
3506,11/10/2022,5,19,19,12,3,208.14
3507,2/19/2024,2,7,7,17,4,304.42
3508,3/28/2024,2,1,1,11,1,148.18
3509,10/12/2024,2,1,1,4,5,782.47
3510,10/25/2024,2,40,40,2,1,77.83
3511,11/5/2022,2,25,25,2,1,79.46
3512,6/14/2022,2,1,1,9,4,343.87
3513,9/15/2021,2,25,25,4,2,282.52
3514,1/23/2023,2,24,24,6,4,558.55
3515,2/19/2025,5,9,9,10,5,237.8
3516,12/29/2022,3,18,18,11,1,188.93
3517,7/24/2025,5,10,10,7,3,707.9
3518,4/15/2025,2,17,17,9,4,352.68
3519,8/7/2024,2,37,37,15,1,128.07
3520,6/20/2022,2,25,25,2,3,256.08
3521,5/19/2022,2,37,37,10,3,135.06
3522,1/1/2023,3,4,4,13,4,703.03
3523,9/3/2023,3,38,38,6,4,669.44
3524,1/31/2025,2,37,37,6,3,613.64
3525,7/26/2024,2,7,7,9,2,153.92
3526,1/12/2023,3,20,20,5,2,153.78
3527,3/7/2025,5,19,19,1,1,156.59
3528,1/25/2023,2,24,24,14,1,171.87
3529,11/10/2024,2,17,17,8,3,293.51
3530,2/4/2022,4,23,23,13,3,430.43
3531,8/26/2025,2,7,7,9,3,220.26
3532,5/17/2022,2,17,17,13,2,265.1
3533,12/25/2024,2,8,8,17,5,443.92
3534,9/18/2021,3,3,3,1,5,830
3535,7/28/2023,5,10,10,8,2,223.72
3536,12/16/2024,2,40,40,4,2,294.25
3537,10/5/2022,2,24,24,3,5,474.91
3538,6/22/2022,2,7,7,4,1,139.29
3539,11/8/2021,4,30,30,8,3,316.85
3540,11/3/2024,3,38,38,17,5,353.84
3541,12/13/2021,2,7,7,12,2,116.79
3542,2/24/2022,2,8,8,7,1,186.26
3543,10/12/2022,1,34,34,5,3,253.6
3544,3/17/2025,3,38,38,10,3,126.4
3545,7/14/2023,2,40,40,3,3,339.95
3546,3/9/2025,2,17,17,11,4,797.23
3547,8/14/2025,2,8,8,5,1,88.39
3548,3/26/2024,1,35,35,18,5,115.93
3549,9/29/2021,3,5,5,2,1,96.12
3550,5/21/2025,4,23,23,14,1,195.47
3551,4/14/2025,2,1,1,1,5,838.41
3552,3/16/2022,2,7,7,7,5,1188.23
3553,8/9/2023,2,1,1,6,4,570.17
3554,9/7/2022,5,21,21,2,1,96.68
3555,12/29/2022,4,33,33,17,1,96.34
3556,7/7/2024,4,12,12,13,5,749.5
3557,9/29/2024,2,25,25,10,5,223.03
3558,8/7/2025,5,6,6,18,1,28.83
3559,12/2/2022,3,38,38,16,4,130.7
3560,3/20/2024,5,15,15,14,2,291.21
3561,10/21/2024,2,25,25,3,5,443.65
3562,9/5/2023,2,24,24,18,3,88
3563,1/23/2024,2,8,8,13,2,348.12
3564,5/4/2022,4,30,30,18,5,102.19
3565,6/5/2022,2,37,37,2,5,453.72
3566,9/7/2025,3,16,16,1,5,944.23
3567,9/16/2021,2,24,24,13,3,491.53
3568,7/4/2025,5,13,13,17,2,167.21
3569,6/3/2025,1,34,34,6,3,426.03
3570,11/5/2022,4,23,23,3,4,405.8
3571,4/1/2022,2,39,39,8,4,362.41
3572,2/2/2022,2,17,17,2,5,347.19
3573,5/18/2023,2,37,37,6,5,830.84
3574,3/23/2022,2,25,25,18,5,116.57
3575,4/5/2024,2,1,1,16,4,108.99
3576,3/6/2022,2,1,1,13,4,584.86
3577,1/25/2022,2,25,25,8,3,273.93
3578,6/20/2023,2,37,37,9,5,423.7
3579,2/1/2022,1,34,34,4,2,233.57
3580,10/2/2021,3,16,16,1,1,189.84
3581,6/17/2023,1,34,34,4,1,157.03
3582,5/30/2025,2,37,37,3,5,469.1
3583,8/24/2023,2,25,25,13,3,474.11
3584,4/5/2023,2,8,8,10,5,198.56
3585,8/9/2025,2,40,40,3,1,81.4
3586,10/14/2022,2,8,8,6,4,817.18
3587,11/3/2022,2,40,40,12,1,68.97
3588,7/30/2024,2,40,40,18,4,91.41
3589,9/28/2021,2,25,25,18,2,41.81
3590,3/7/2023,5,10,10,9,4,358.58
3591,4/3/2025,2,17,17,9,2,134.11
3592,4/24/2024,2,25,25,3,2,192.14
3593,11/28/2021,2,37,37,7,2,429.93
3594,12/3/2023,5,9,9,4,1,125.3
3595,7/15/2023,1,31,31,17,5,470.61
3596,2/22/2022,2,39,39,5,1,66.05
3597,12/23/2024,3,20,20,17,3,253.22
3598,3/1/2024,1,35,35,12,2,143.05
3599,4/9/2023,2,25,25,5,3,220.7
3600,8/23/2025,2,24,24,8,2,175.54
3601,9/29/2021,2,8,8,15,5,670.39
3602,7/13/2022,2,37,37,9,4,358.08
3603,9/30/2021,5,15,15,5,5,442.96
3604,1/25/2024,1,31,31,10,3,134.71
3605,3/12/2022,2,7,7,7,5,1074.36
3606,2/16/2023,2,1,1,17,5,467.96
3607,7/11/2023,1,31,31,3,3,243.82
3608,2/15/2023,5,15,15,18,4,97.93
3609,5/27/2025,3,4,4,4,4,640.61
3610,8/20/2025,2,39,39,8,3,330.6
3611,10/10/2022,2,8,8,3,1,90.55
3612,9/1/2025,5,21,21,3,5,495.91
3613,9/7/2022,5,15,15,9,2,149.93
3614,5/1/2025,2,24,24,11,3,527.19
3615,3/2/2025,2,25,25,2,1,87.54
3616,2/27/2023,2,1,1,9,2,188.79
3617,2/15/2025,2,40,40,8,3,246.66
3618,5/31/2022,2,1,1,17,3,219.81
3619,12/30/2021,2,8,8,18,5,141.29
3620,4/21/2025,5,19,19,8,2,234.42
3621,8/7/2023,2,24,24,16,2,60.12
3622,12/18/2023,2,25,25,2,4,397.36
3623,6/21/2025,2,8,8,17,4,331.27
3624,9/21/2022,2,25,25,9,3,273.88
3625,7/5/2025,2,24,24,15,5,620.24
3626,10/13/2023,2,17,17,9,4,357.63
3627,8/10/2022,2,40,40,15,5,590.61
3628,11/21/2021,2,1,1,14,1,151.96
3629,9/11/2025,3,14,14,13,5,710.32
3630,5/16/2023,4,30,30,3,4,378.78
3631,10/18/2022,2,1,1,15,1,115.95
3632,10/16/2023,2,7,7,12,5,292.41
3633,8/1/2022,2,17,17,17,5,355.43
3634,3/24/2023,3,38,38,11,2,360.79
3635,10/24/2021,2,24,24,9,3,253.13
3636,9/23/2023,5,15,15,8,5,583.58
3637,1/1/2024,4,12,12,5,3,211.36
3638,6/23/2025,2,39,39,3,4,360.45
3639,5/12/2022,4,30,30,14,5,743.61
3640,8/7/2024,2,40,40,6,3,492.61
3641,1/20/2025,2,8,8,16,2,62.57
3642,5/23/2023,2,24,24,8,1,85.2
3643,6/29/2022,2,8,8,15,4,614.24
3644,6/27/2022,5,13,13,14,1,192.87
3645,3/23/2024,5,10,10,18,3,65.17
3646,10/2/2024,5,13,13,8,1,86.26
3647,9/24/2024,1,35,35,15,1,150.84
3648,11/10/2023,2,24,24,14,1,150.31
3649,3/25/2025,2,37,37,17,1,93.87
3650,6/21/2025,3,20,20,17,1,78.51
3651,9/3/2025,2,8,8,17,5,494.98
3652,1/29/2025,2,37,37,17,3,217.15
3653,12/9/2023,2,39,39,11,4,806.82
3654,11/30/2023,2,40,40,7,5,889.76
3655,8/11/2022,2,39,39,13,4,635.22
3656,12/27/2021,2,1,1,13,2,271.25
3657,10/29/2023,3,26,26,13,3,373.48
3658,12/2/2024,5,13,13,17,2,143.74
3659,6/6/2023,2,7,7,17,4,368.26
3660,7/22/2025,2,1,1,3,1,86.64
3661,1/30/2025,2,7,7,17,3,231.22
3662,1/5/2022,2,40,40,3,4,448.12
3663,10/23/2024,2,39,39,1,1,174.22
3664,1/25/2025,2,1,1,1,5,785.82
3665,9/9/2023,3,18,18,12,5,309.98
3666,12/7/2024,2,37,37,9,3,281.67
3667,11/12/2021,2,7,7,17,4,322.59
3668,9/16/2023,3,28,28,2,5,477.48
3669,7/2/2023,2,7,7,3,5,467.76
3670,2/23/2025,4,27,27,7,2,388.91
3671,2/19/2022,2,39,39,6,1,186.86
3672,9/26/2022,5,13,13,18,3,81.63
3673,7/3/2022,5,10,10,8,5,411.54
3674,2/11/2022,2,7,7,6,5,850.27
3675,9/8/2023,2,24,24,12,4,277.94
3676,10/18/2022,5,13,13,6,5,954.57
3677,9/23/2024,4,33,33,9,4,283.07
3678,4/9/2024,5,13,13,6,5,771.94
3679,4/9/2024,2,17,17,15,1,132.69
3680,8/1/2025,2,8,8,13,1,150.62
3681,9/24/2024,2,25,25,11,4,734.03
3682,2/16/2022,2,25,25,2,4,295.4
3683,7/7/2025,2,39,39,8,2,160.86
3684,12/4/2022,2,37,37,14,3,524.64
3685,6/17/2023,2,40,40,1,2,312.07
3686,5/30/2025,2,37,37,18,2,50.06
3687,2/14/2023,2,7,7,17,2,152.45
3688,8/25/2025,2,7,7,18,5,133.62
3689,6/14/2024,2,1,1,7,2,379.16
3690,8/14/2024,2,8,8,17,3,294.16
3691,5/6/2025,2,40,40,2,1,76.37
3692,9/5/2024,2,1,1,12,2,128.13
3693,2/12/2023,1,11,11,4,3,470.01
3694,5/20/2022,2,8,8,18,3,64.07
3695,1/19/2022,2,24,24,14,2,367.5
3696,8/10/2024,2,7,7,8,4,397.5
3697,8/20/2023,2,37,37,18,4,83.56
3698,5/10/2024,1,31,31,15,3,372.4
3699,2/10/2024,2,40,40,1,1,156.32
3700,11/24/2023,5,15,15,11,4,619.62
3701,7/13/2025,5,19,19,5,3,179.8
3702,10/14/2022,1,34,34,11,3,516.41
3703,4/4/2025,2,8,8,7,5,1075.69
3704,11/28/2023,2,24,24,2,2,190.34
3705,4/11/2025,1,35,35,2,3,214.59
3706,4/19/2023,3,26,26,7,1,213.42
3707,2/2/2022,5,19,19,1,3,520.37
3708,11/23/2022,2,7,7,8,1,91.04
3709,5/1/2025,2,37,37,1,2,382.87
3710,12/11/2024,3,5,5,7,3,583.85
3711,12/3/2024,1,35,35,18,3,65.13
3712,1/14/2024,5,21,21,15,1,107.41
3713,2/8/2023,5,10,10,17,3,271.08
3714,12/31/2021,2,1,1,4,2,239.75
3715,10/31/2024,3,18,18,15,2,293.13
3716,9/12/2023,2,7,7,10,3,143.21
3717,3/4/2023,1,11,11,9,1,89.54
3718,4/7/2025,4,23,23,17,5,438.97
3719,2/14/2023,2,39,39,14,4,823.48
3720,12/8/2024,5,6,6,1,2,338.89
3721,10/13/2023,2,40,40,18,3,80.16
3722,6/30/2022,2,37,37,6,2,391.27
3723,4/10/2022,2,24,24,14,2,322.62
3724,11/5/2022,3,14,14,12,3,174.99
3725,1/26/2023,2,1,1,13,2,344.06
3726,11/10/2023,2,37,37,13,1,148.42
3727,7/13/2023,2,7,7,16,2,47.17
3728,4/20/2024,5,19,19,16,3,79.59
3729,5/28/2024,2,7,7,17,3,268.08
3730,5/4/2022,4,36,36,8,3,251.25
3731,4/14/2025,2,37,37,12,2,122.45
3732,4/1/2022,2,24,24,3,3,282.73
3733,10/7/2023,2,39,39,2,3,204.73
3734,11/13/2021,2,8,8,18,5,114.01
3735,6/10/2022,2,8,8,2,1,94.44
3736,10/12/2023,2,40,40,11,1,165.78
3737,3/26/2025,2,24,24,2,4,324.91
3738,1/7/2023,5,21,21,11,4,653.06
3739,1/5/2025,5,21,21,8,1,103.32
3740,6/1/2024,2,1,1,17,5,408.91
3741,10/8/2023,5,10,10,18,5,121.57
3742,5/26/2023,4,29,29,9,1,93.65
3743,7/25/2024,2,25,25,7,3,666.81
3744,3/1/2022,2,39,39,5,3,241.69
3745,8/26/2023,5,10,10,2,2,177.15
3746,8/2/2024,5,10,10,17,3,272.62
3747,9/23/2021,3,38,38,1,1,182.58
3748,11/12/2023,2,39,39,10,3,130.23
3749,8/4/2024,2,8,8,18,5,120.21
3750,3/9/2023,2,7,7,8,2,170.89
3751,1/20/2024,2,7,7,14,5,839.44
3752,3/4/2024,3,22,22,3,2,169.7
3753,4/19/2022,2,39,39,5,3,228.2
3754,2/23/2024,2,7,7,3,5,452.83
3755,6/25/2022,4,12,12,7,5,1113.43
3756,7/9/2024,2,1,1,16,1,33.16
3757,9/19/2024,2,37,37,15,4,569
3758,1/5/2023,2,25,25,11,5,992.81
3759,11/13/2023,2,8,8,16,3,72.71
3760,4/5/2023,2,25,25,9,3,219.21
3761,2/3/2024,5,10,10,10,3,107.98
3762,5/5/2025,2,17,17,5,4,333.46
3763,1/12/2022,3,3,3,12,5,330.95
3764,4/16/2022,4,30,30,2,5,352.02
3765,8/26/2023,2,24,24,3,3,278.09
3766,3/24/2024,2,40,40,16,5,155.56
3767,4/24/2024,5,19,19,18,2,49.14
3768,5/9/2025,2,8,8,5,3,192.88
3769,4/8/2022,3,14,14,7,5,1032.25
3770,5/19/2022,2,25,25,8,3,326.2
3771,12/26/2022,2,25,25,7,3,700.26
3772,6/22/2022,2,39,39,18,1,24.52
3773,4/13/2022,2,40,40,9,4,335.65
3774,4/18/2024,5,10,10,8,4,338.03
3775,9/2/2024,4,36,36,1,5,827.6
3776,7/7/2023,2,39,39,3,5,582.17
3777,12/18/2021,1,31,31,4,5,756.1
3778,10/23/2023,3,14,14,8,5,458.21
3779,9/23/2023,5,10,10,18,3,70.39
3780,11/23/2022,5,19,19,13,3,434.7
3781,12/15/2021,5,19,19,8,1,103.6
3782,1/29/2024,5,6,6,14,5,834.48
3783,11/12/2024,4,33,33,9,5,409.71
3784,4/19/2023,2,7,7,13,4,651.07
3785,6/26/2025,5,21,21,15,1,124.74
3786,12/21/2023,2,25,25,10,4,205.1
3787,12/23/2024,2,1,1,3,2,217.7
3788,9/24/2021,2,39,39,14,2,319.07
3789,9/20/2022,2,1,1,4,2,237.98
3790,3/24/2024,2,40,40,14,5,744.86
3791,6/10/2023,2,39,39,8,5,408.67
3792,12/25/2023,2,40,40,12,3,213.94
3793,8/5/2024,5,19,19,13,2,286.72
3794,6/15/2022,2,37,37,11,1,176.01
3795,6/22/2025,5,9,9,7,4,825.14
3796,9/14/2025,1,11,11,11,1,205.52
3797,3/17/2022,5,13,13,12,1,63.03
3798,8/9/2025,2,25,25,9,4,338.12
3799,5/17/2025,2,37,37,2,3,233.58
3800,1/1/2023,2,39,39,1,1,214.79
3801,3/21/2022,5,9,9,18,2,45.01
3802,12/6/2021,4,27,27,3,3,294.44
3803,11/7/2023,5,10,10,10,1,35.05
3804,4/7/2023,2,37,37,15,1,146.22
3805,11/19/2023,2,17,17,13,3,506.95
3806,2/25/2024,2,24,24,18,3,71.02
3807,5/18/2022,1,35,35,14,2,318.13
3808,3/5/2023,2,39,39,14,1,157.13
3809,11/8/2022,2,1,1,7,2,457.01
3810,10/11/2023,3,38,38,15,1,121.73
3811,7/8/2022,2,1,1,18,2,54.89
3812,5/6/2025,2,39,39,16,1,32.81
3813,9/20/2024,2,7,7,4,5,559.76
3814,7/7/2022,2,25,25,9,3,216.86
3815,3/7/2024,2,40,40,16,1,32.44
3816,8/5/2024,2,1,1,17,4,269.46
3817,9/25/2021,2,40,40,3,5,467.66
3818,6/28/2025,2,7,7,12,1,55.47
3819,7/21/2022,5,15,15,18,3,60.8
3820,2/6/2024,2,17,17,17,4,289.91
3821,7/31/2022,2,39,39,2,4,296.72
3822,3/8/2022,5,21,21,6,1,176.87
3823,10/3/2022,3,38,38,2,5,378.43
3824,6/30/2024,5,10,10,15,3,392.54
3825,3/5/2023,2,17,17,7,2,330.56
3826,3/1/2025,2,17,17,16,4,90.52
3827,6/11/2022,2,8,8,14,3,478.56
3828,6/14/2024,2,39,39,11,3,420.33
3829,12/6/2024,5,15,15,6,2,387.67
3830,2/7/2025,3,16,16,5,5,414.11
3831,10/2/2023,3,2,2,3,1,92.93
3832,5/3/2024,1,32,32,4,5,718.03
3833,7/24/2024,2,17,17,1,5,906.32
3834,4/3/2025,5,10,10,5,3,230.59
3835,4/11/2023,5,19,19,9,4,372.04
3836,1/24/2024,5,10,10,3,3,271.61
3837,8/22/2023,5,6,6,8,4,366.72
3838,10/9/2021,5,21,21,10,2,85.51
3839,10/21/2023,2,39,39,4,3,373.76
3840,4/7/2024,2,7,7,16,3,86.36
3841,5/10/2022,2,39,39,11,3,589.45
3842,12/29/2021,4,23,23,5,5,314.84
3843,11/20/2023,2,8,8,18,3,82.66
3844,3/5/2022,2,37,37,8,4,469.87
3845,11/16/2023,2,8,8,17,4,352.09
3846,8/1/2024,2,37,37,9,5,318.79
3847,8/28/2025,2,1,1,3,1,113.77
3848,3/21/2022,1,11,11,11,5,1008.5
3849,12/18/2023,2,24,24,11,2,292.61
3850,1/30/2023,5,13,13,5,2,141.31
3851,6/28/2025,2,40,40,6,4,707.73
3852,1/8/2023,1,32,32,2,4,377.33
3853,12/30/2023,5,10,10,18,3,77.78
3854,4/20/2024,5,13,13,5,5,432.94
3855,8/8/2024,5,19,19,12,1,63.71
3856,5/30/2025,2,8,8,2,1,89.05
3857,3/30/2022,2,39,39,18,2,43.84
3858,10/8/2023,5,10,10,11,4,812.26
3859,12/18/2021,2,40,40,7,5,1047.18
3860,1/14/2025,2,7,7,12,2,112.55
3861,8/14/2025,1,35,35,16,4,122.54
3862,8/29/2022,5,21,21,1,1,183.71
3863,10/20/2023,3,26,26,15,1,114.12
3864,6/25/2023,5,6,6,10,1,40.23
3865,6/4/2025,5,21,21,2,4,353.77
3866,12/26/2024,5,21,21,2,4,380.01
3867,12/18/2021,2,24,24,14,1,209.8
3868,12/1/2021,5,13,13,4,5,749.75
3869,11/2/2021,2,24,24,1,3,475.3
3870,4/8/2024,3,38,38,16,1,32.38
3871,6/1/2024,1,35,35,8,2,191.79
3872,6/18/2024,2,8,8,18,1,28.76
3873,5/9/2025,2,17,17,5,3,190.36
3874,8/14/2024,2,25,25,8,5,446.18
3875,7/14/2024,2,25,25,8,3,323.75
3876,7/11/2022,3,5,5,16,3,72.38
3877,3/4/2025,4,33,33,18,2,53.05
3878,1/13/2023,2,37,37,17,4,372.37
3879,10/8/2021,5,19,19,18,1,22.28
3880,11/22/2024,2,8,8,2,5,371.66
3881,7/31/2022,5,21,21,12,3,157.75
3882,6/18/2024,2,8,8,9,1,74.63
3883,6/5/2025,2,8,8,1,5,755.53
3884,7/11/2024,4,36,36,15,2,234.77
3885,1/20/2022,2,1,1,11,4,793.17
3886,12/10/2024,2,17,17,10,2,77.31
3887,6/13/2025,2,25,25,14,5,866.03
3888,8/13/2025,5,9,9,3,4,370.82
3889,8/30/2024,2,39,39,6,1,165.29
3890,8/3/2022,2,8,8,5,1,75.19
3891,12/10/2024,2,24,24,16,1,26.77
3892,1/29/2024,2,17,17,7,4,825
3893,1/8/2023,2,25,25,7,2,370.72
3894,3/30/2022,2,39,39,3,2,162.14
3895,4/26/2024,2,37,37,6,3,575.58
3896,9/1/2022,2,24,24,9,3,271.29
3897,8/5/2022,2,8,8,11,5,781.17
3898,11/18/2023,2,25,25,18,1,22.88
3899,5/7/2022,1,35,35,17,2,153.3
3900,1/15/2022,5,13,13,1,4,642.25
3901,12/6/2021,2,37,37,17,2,186.44
3902,8/19/2022,3,5,5,5,5,423.83
3903,3/20/2024,1,11,11,15,1,107.28
3904,7/27/2024,5,13,13,16,2,48.3
3905,4/1/2024,2,8,8,10,1,37.26
3906,11/22/2022,1,11,11,6,4,588.12
3907,8/16/2024,3,20,20,3,1,113.02
3908,5/20/2023,2,8,8,4,2,288.6
3909,5/12/2023,2,17,17,4,2,308.39
3910,9/18/2022,2,37,37,5,1,60.76
3911,3/16/2023,4,33,33,6,5,711.84
3912,8/27/2024,3,20,20,14,2,418.79
3913,9/12/2022,2,7,7,10,3,144.06
3914,7/8/2023,2,8,8,15,2,284.32
3915,10/5/2021,3,2,2,5,3,225.39
3916,8/2/2022,2,1,1,17,2,141.68
3917,1/19/2022,2,7,7,7,3,527.84
3918,12/3/2023,2,8,8,2,2,171.74
3919,6/13/2025,3,3,3,1,1,193.89
3920,9/18/2023,2,7,7,11,1,190.62
3921,6/16/2024,4,12,12,11,3,430.83
3922,9/17/2021,5,21,21,18,5,130.19
3923,1/28/2022,2,17,17,13,4,693.09
3924,9/2/2024,5,13,13,16,5,131.23
3925,5/26/2022,2,39,39,14,5,778.71
3926,10/14/2022,3,4,4,12,3,198.94
3927,7/22/2022,2,39,39,13,2,320.95
3928,7/3/2022,2,39,39,14,1,187.43
3929,12/9/2023,2,39,39,5,3,231.92
3930,2/1/2025,2,40,40,15,2,224.09
3931,12/20/2021,1,32,32,1,1,178.22
3932,2/2/2022,2,37,37,15,1,114.89
3933,10/4/2022,2,17,17,6,3,587.47
3934,5/22/2023,2,37,37,13,5,827.3
3935,5/14/2023,2,17,17,16,4,91.18
3936,2/9/2022,2,1,1,3,2,185.56
3937,7/16/2025,2,40,40,15,2,262.82
3938,2/27/2023,2,25,25,11,5,767.5
3939,2/17/2023,1,11,11,10,1,48.89
3940,2/4/2024,5,10,10,14,1,182.42
3941,4/30/2025,2,39,39,18,4,91.42
3942,11/17/2023,5,21,21,17,4,375.64
3943,1/15/2024,2,24,24,4,4,458.98
3944,10/11/2022,4,30,30,3,2,176.94
3945,1/22/2024,3,20,20,16,4,100.18
3946,8/12/2022,2,39,39,1,4,672.34
3947,5/22/2022,2,37,37,6,5,1003.41
3948,8/26/2022,2,7,7,14,5,1024.49
3949,7/20/2025,2,24,24,10,2,79.1
3950,1/11/2025,5,13,13,4,4,578.53
3951,4/22/2022,3,22,22,6,1,144.88
3952,5/10/2022,1,32,32,11,4,727.13
3953,2/20/2024,2,37,37,18,3,71.83
3954,6/23/2023,2,39,39,13,1,134.27
3955,7/25/2025,2,25,25,2,4,286.48
3956,7/24/2023,2,25,25,15,1,148.7
3957,11/21/2024,5,10,10,10,2,74.71
3958,1/16/2024,2,40,40,7,3,672.04
3959,5/20/2024,2,25,25,2,4,339.44
3960,6/29/2024,1,32,32,6,3,420.87
3961,7/29/2024,5,6,6,8,2,202.03
3962,1/27/2025,2,1,1,7,4,807.64
3963,9/5/2023,2,40,40,12,1,53.44
3964,2/16/2022,2,25,25,9,5,380.58
3965,10/26/2022,2,37,37,7,4,911.26
3966,10/9/2023,3,3,3,12,5,254.04
3967,1/3/2022,2,1,1,2,5,425.87
3968,7/28/2024,1,31,31,16,4,108.84
3969,3/31/2022,1,34,34,8,2,221.78
3970,1/13/2024,2,39,39,9,3,279.83
3971,2/25/2024,2,1,1,5,4,253.22
3972,5/27/2023,2,7,7,18,2,57.56
3973,10/27/2021,1,34,34,18,2,48.65
3974,8/12/2022,2,7,7,10,2,91.06
3975,6/18/2022,5,15,15,11,4,800.63
3976,11/15/2023,5,21,21,5,1,67.35
3977,7/18/2024,2,40,40,3,5,534.18
3978,8/16/2022,2,1,1,11,1,165.36
3979,3/15/2023,2,24,24,18,3,78.33
3980,9/28/2023,2,40,40,11,3,518.8
3981,5/18/2023,2,24,24,7,1,163.32
3982,2/21/2024,2,1,1,14,4,764.69
3983,11/2/2022,2,25,25,18,4,91.26
3984,8/6/2025,2,1,1,10,4,168.22
3985,3/28/2022,2,8,8,14,4,743.45
3986,3/29/2023,2,7,7,1,1,181.53
3987,7/31/2023,5,21,21,4,1,120.88
3988,12/22/2022,2,40,40,13,2,263.69
3989,2/13/2024,2,17,17,13,3,381.72
3990,5/24/2023,1,34,34,3,4,422.64
3991,3/6/2022,3,28,28,16,5,166.5
3992,7/13/2023,5,19,19,2,2,147.75
3993,11/14/2022,5,15,15,4,5,733.81
3994,12/3/2024,2,7,7,17,3,268.88
3995,6/29/2022,2,37,37,1,2,358.51
3996,12/26/2021,3,5,5,13,4,520.22
3997,6/12/2023,2,1,1,17,5,403.96
3998,8/17/2023,1,11,11,14,2,404.34
3999,6/2/2023,2,25,25,15,2,243.22
4000,4/21/2025,3,18,18,17,3,226.63
4001,4/5/2022,2,37,37,2,5,399.33
4002,1/8/2024,2,7,7,7,1,187
4003,5/10/2023,5,9,9,9,5,318.28
4004,7/16/2025,4,36,36,14,4,724.98
4005,3/13/2024,4,27,27,3,1,106.05
4006,12/25/2022,2,8,8,17,3,274.55
4007,4/28/2024,2,7,7,6,4,795.94
4008,4/2/2025,2,25,25,12,2,96.19
4009,3/12/2022,5,6,6,17,2,198.01
4010,7/21/2022,5,21,21,12,3,194.71
4011,5/23/2022,5,21,21,3,5,517.85
4012,5/5/2025,2,39,39,7,1,199.88
4013,12/9/2023,3,20,20,15,4,504.73
4014,3/26/2025,2,40,40,18,5,129.35
4015,4/15/2023,1,32,32,1,5,1045.79
4016,6/27/2025,2,25,25,8,5,393.31
4017,3/13/2022,2,39,39,10,4,142.24
4018,1/11/2023,2,7,7,17,1,95.81
4019,12/2/2023,2,17,17,4,4,590.88
4020,10/4/2021,5,9,9,13,3,388.79
4021,12/26/2023,2,24,24,10,3,110.17
4022,8/10/2023,2,25,25,10,1,43.37
4023,5/25/2024,3,38,38,8,3,332.33
4024,5/22/2022,2,7,7,7,5,1110.9
4025,12/13/2023,2,8,8,18,3,72.94
4026,7/18/2024,5,21,21,8,4,324.92
4027,5/28/2023,3,20,20,9,1,67.33
4028,1/8/2024,2,8,8,16,1,29.27
4029,8/18/2023,3,38,38,16,4,130.93
4030,9/10/2024,2,7,7,8,5,452.18
4031,12/30/2022,2,39,39,15,2,274.63
4032,1/24/2022,2,39,39,2,4,391.33
4033,2/18/2023,5,13,13,7,4,647.3
4034,5/10/2023,2,7,7,6,4,714.42
4035,1/3/2022,2,39,39,8,1,107.11
4036,9/20/2023,3,28,28,17,2,171.2
4037,3/9/2024,2,37,37,2,1,81.35
4038,7/9/2022,2,37,37,18,3,82.92
4039,12/29/2024,2,8,8,17,4,376
4040,9/6/2023,1,34,34,17,4,369.09
4041,10/7/2023,2,40,40,8,4,415.43
4042,9/20/2023,1,11,11,16,2,46.01
4043,12/26/2023,3,2,2,11,4,704
4044,9/11/2022,3,18,18,5,3,221.34
4045,6/4/2025,5,19,19,8,3,250
4046,5/29/2025,5,13,13,8,1,105.17
4047,12/6/2023,2,37,37,13,4,720.85
4048,10/28/2024,2,39,39,7,5,1061.39
4049,9/16/2022,4,30,30,3,3,326.73
4050,3/27/2025,5,6,6,2,3,213.31
4051,10/13/2024,5,19,19,17,5,347.9
4052,1/12/2023,2,1,1,15,4,553.54
4053,3/28/2022,2,40,40,9,3,212.36
4054,10/29/2024,2,40,40,3,1,107.15
4055,3/19/2024,2,17,17,9,5,421.8
4056,3/30/2025,1,32,32,13,3,388.77
4057,12/25/2023,2,25,25,18,3,61.17
4058,9/8/2022,2,24,24,12,5,276.13
4059,1/25/2023,5,10,10,16,4,116.96
4060,6/27/2025,5,6,6,13,4,574.5
4061,2/27/2024,2,25,25,10,4,170.96
4062,12/17/2021,2,7,7,2,2,184
4063,10/18/2021,2,1,1,14,3,537.55
4064,8/27/2023,1,35,35,11,5,886.78
4065,5/28/2023,5,6,6,5,5,421.12
4066,12/7/2024,3,20,20,6,1,192.56
4067,9/26/2024,2,37,37,3,2,215
4068,2/8/2022,2,39,39,16,2,59.29
4069,12/18/2024,2,8,8,5,3,192.21
4070,9/6/2025,5,19,19,13,5,627.42
4071,9/7/2022,1,31,31,10,3,114.76
4072,3/27/2025,2,24,24,15,2,221.59
4073,4/11/2025,2,37,37,9,4,281.67
4074,12/17/2023,3,2,2,11,1,177.1
4075,1/17/2022,4,23,23,2,5,428.02
4076,1/27/2022,2,39,39,4,2,309.87
4077,2/26/2022,2,25,25,7,1,166.49
4078,2/7/2022,3,5,5,18,3,70.43
4079,9/8/2023,2,7,7,9,2,162.65
4080,12/1/2021,2,39,39,7,1,222.54
4081,8/24/2025,2,7,7,7,5,1070.18
4082,8/9/2024,2,1,1,16,3,76.96
4083,6/30/2023,1,35,35,6,3,502.78
4084,12/22/2023,2,39,39,16,3,93.19
4085,3/5/2023,2,7,7,10,4,198.57
4086,11/21/2023,2,8,8,1,1,203.45
4087,8/25/2025,2,24,24,1,3,536.4
4088,3/16/2022,2,1,1,14,5,1006.06
4089,1/3/2022,2,37,37,3,5,574.6
4090,5/29/2025,2,39,39,16,3,99.7
4091,7/12/2022,5,19,19,17,5,449.71
4092,5/14/2025,1,31,31,6,3,454.77
4093,1/9/2023,4,36,36,13,1,152.38
4094,1/6/2024,2,39,39,18,5,129.67
4095,6/27/2025,5,13,13,11,2,351.25
4096,10/14/2024,2,17,17,13,2,267.32
4097,7/29/2024,2,24,24,4,1,118.43
4098,11/2/2022,2,8,8,2,1,68.9
4099,9/19/2023,2,39,39,8,1,89.06
4100,10/22/2022,2,24,24,5,4,295.84
4101,7/17/2025,2,7,7,4,3,340.95
4102,1/9/2022,2,1,1,10,3,106.68
4103,10/20/2022,2,7,7,11,5,716.19
4104,10/22/2023,4,23,23,9,3,210.2
4105,4/3/2022,2,40,40,12,2,102.11
4106,1/14/2023,2,17,17,16,4,125.85
4107,4/26/2022,2,8,8,16,2,62.41
4108,9/21/2024,2,24,24,11,1,182.18
4109,4/25/2022,5,10,10,9,5,465.35
4110,2/19/2025,5,19,19,4,3,418.54
4111,8/13/2024,3,20,20,15,2,276.47
4112,2/22/2023,5,21,21,7,1,213.85
4113,7/14/2023,2,24,24,17,2,150.28
4114,4/27/2022,2,37,37,2,2,151.81
4115,12/12/2023,2,37,37,7,1,180.67
4116,9/21/2024,1,35,35,9,1,70.28
4117,4/14/2022,5,10,10,11,3,532.57
4118,12/10/2023,2,7,7,12,4,209.57
4119,11/15/2023,2,7,7,3,2,203.01
4120,4/17/2023,2,39,39,10,3,156.54
4121,4/25/2024,2,24,24,10,1,35.42
4122,3/24/2023,5,13,13,8,1,92.3
4123,8/28/2025,2,1,1,10,3,132.45
4124,6/18/2024,2,1,1,7,5,892.55
4125,6/14/2023,5,6,6,15,1,126.64
4126,4/2/2024,2,7,7,18,1,30.11
4127,10/17/2023,2,7,7,15,5,769.94
4128,4/15/2022,2,25,25,5,1,70.77
4129,3/15/2023,2,24,24,2,4,328.12
4130,11/3/2022,2,39,39,7,2,357.83
4131,6/27/2024,2,17,17,5,1,59.7
4132,7/22/2023,2,40,40,9,4,346.5
4133,12/13/2023,2,37,37,2,3,207.94
4134,2/17/2024,5,10,10,3,2,177.08
4135,9/28/2022,3,16,16,1,1,176.91
4136,9/6/2024,2,24,24,12,3,151.16
4137,11/19/2022,2,17,17,2,1,67.86
4138,10/29/2024,2,17,17,1,4,781.68
4139,4/11/2022,2,40,40,5,3,255.5
4140,4/14/2022,2,1,1,15,1,136.77
4141,8/11/2022,1,31,31,1,3,507.8
4142,5/12/2024,2,39,39,17,2,175.68
4143,5/9/2024,2,37,37,14,4,714.94
4144,4/28/2025,2,24,24,6,3,505.4
4145,8/18/2023,2,39,39,15,5,723.88
4146,7/8/2025,2,39,39,9,5,408.72
4147,11/30/2024,2,37,37,16,5,135.09
4148,11/3/2021,5,21,21,3,3,241
4149,9/20/2023,2,39,39,9,4,310.56
4150,8/18/2023,2,8,8,13,2,278.72
4151,1/13/2023,2,1,1,6,3,586.87
4152,8/1/2023,4,23,23,12,3,156.11
4153,7/7/2023,5,13,13,4,3,450
4154,1/5/2023,2,7,7,15,1,116.96
4155,6/29/2022,5,21,21,12,5,315.84
4156,9/2/2023,2,39,39,11,1,138.99
4157,8/10/2025,2,24,24,14,2,325.93
4158,10/30/2024,2,17,17,11,5,1020.75
4159,7/20/2025,2,8,8,1,1,194.79
4160,2/12/2025,2,1,1,17,4,393.69
4161,10/17/2022,4,33,33,16,5,134.18
4162,2/16/2024,5,15,15,5,3,218.53
4163,11/2/2021,2,8,8,17,4,373.92
4164,11/11/2022,2,39,39,4,5,593.1
4165,11/5/2021,3,28,28,5,5,410.76
4166,10/19/2021,2,8,8,11,4,812.02
4167,12/20/2021,4,30,30,7,5,1083.56
4168,4/11/2025,2,37,37,2,1,86.36
4169,10/18/2024,2,7,7,12,4,281.32
4170,7/14/2022,2,40,40,1,4,619.69
4171,1/15/2023,2,39,39,4,1,150.98
4172,6/9/2025,5,19,19,9,4,308.74
4173,6/5/2025,2,40,40,10,5,224.97
4174,11/6/2024,2,25,25,2,5,388.31
4175,9/23/2022,2,1,1,6,2,328.97
4176,5/8/2023,1,35,35,10,1,51.71
4177,2/2/2025,1,32,32,5,5,428.8
4178,2/28/2024,2,40,40,18,1,23.92
4179,10/30/2024,2,24,24,14,1,166.66
4180,6/25/2025,5,21,21,12,3,164.27
4181,5/15/2022,5,15,15,1,1,199.57
4182,12/2/2024,4,33,33,11,1,140.79
4183,8/5/2023,5,6,6,2,2,196.92
4184,9/11/2022,2,39,39,9,3,231.79
4185,3/11/2023,2,25,25,14,4,640.69
4186,5/14/2024,2,8,8,8,3,263.47
4187,9/7/2022,1,31,31,2,4,286.81
4188,11/20/2023,2,24,24,16,4,113.66
4189,8/22/2024,2,7,7,4,2,310.5
4190,3/9/2023,2,17,17,7,4,887.33
4191,1/2/2023,1,35,35,16,5,135.95
4192,6/5/2023,2,37,37,5,4,279.8
4193,12/8/2022,2,37,37,8,1,113.38
4194,12/29/2024,5,9,9,12,4,225.64
4195,1/9/2025,2,25,25,1,5,1059.46
4196,12/14/2023,5,10,10,18,3,77.82
4197,6/10/2022,2,17,17,18,4,90.17
4198,6/14/2022,5,19,19,10,4,150.8
4199,2/8/2025,2,8,8,13,4,563.32
4200,3/30/2022,2,1,1,14,4,757.51
4201,8/18/2024,2,37,37,13,1,162.78
4202,10/11/2024,5,9,9,18,4,101.33
4203,4/30/2024,2,1,1,9,4,305.61
4204,2/18/2022,2,40,40,11,5,756.65
4205,9/30/2021,2,39,39,16,1,30.45
4206,7/12/2022,2,7,7,9,4,358.08
4207,4/15/2025,3,26,26,1,1,203.14
4208,12/24/2023,2,37,37,4,2,326.53
4209,5/23/2022,2,8,8,7,3,532.82
4210,9/23/2024,2,17,17,17,5,451.41
4211,3/19/2023,1,35,35,3,3,256.39
4212,10/22/2024,2,24,24,18,3,77.53
4213,4/5/2023,5,6,6,12,5,349.79
4214,11/21/2024,2,8,8,4,1,118.65
4215,4/26/2024,5,19,19,18,1,20.36
4216,7/26/2023,5,6,6,11,3,495.33
4217,10/28/2022,5,10,10,15,3,399.93
4218,4/14/2024,5,19,19,3,3,277.2
4219,9/29/2022,2,40,40,13,3,540.62
4220,2/8/2025,5,19,19,16,4,113.87
4221,6/6/2022,2,8,8,12,2,142.24
4222,7/3/2022,2,17,17,14,5,856.32
4223,6/30/2025,2,7,7,7,1,198.07
4224,1/21/2025,3,3,3,17,5,343.01
4225,12/9/2024,2,1,1,11,4,773.64
4226,6/23/2022,2,39,39,3,1,109.29
4227,7/1/2025,5,15,15,15,1,127.17
4228,12/14/2021,2,37,37,3,5,519.54
4229,5/18/2023,5,10,10,11,5,934.38
4230,5/1/2023,5,19,19,17,4,341.03
4231,5/6/2024,1,35,35,9,3,277.1
4232,3/1/2023,3,2,2,12,4,201.89
4233,1/4/2022,2,39,39,1,2,297.88
4234,4/3/2024,2,40,40,13,1,141.56
4235,9/23/2023,3,38,38,18,4,81.69
4236,4/1/2023,2,25,25,9,4,362.29
4237,6/22/2022,2,25,25,7,1,235.29
4238,11/24/2023,2,17,17,1,2,321.27
4239,9/22/2023,4,36,36,15,5,596.34
4240,11/14/2024,2,17,17,12,2,135.38
4241,9/29/2022,2,40,40,7,1,209.45
4242,4/28/2025,2,37,37,3,1,79.8
4243,9/30/2022,3,3,3,7,1,177.13
4244,6/13/2023,5,6,6,6,2,382.51
4245,10/21/2022,3,26,26,7,5,1158.23
4246,4/26/2023,5,9,9,4,5,804.23
4247,9/23/2021,2,40,40,17,4,268.9
4248,7/14/2024,3,38,38,18,4,106.98
4249,1/5/2022,4,36,36,18,3,69.99
4250,11/26/2021,2,8,8,6,3,584.12
4251,5/12/2025,2,40,40,7,4,652.16
4252,2/9/2024,4,23,23,15,3,331.18
4253,8/8/2025,2,1,1,8,2,203.06
4254,9/30/2021,5,13,13,4,4,608.28
4255,9/14/2022,5,15,15,11,5,973.02
4256,1/21/2025,2,40,40,8,4,402.57
4257,2/16/2025,5,19,19,5,1,62.47
4258,3/19/2022,2,8,8,16,1,26.79
4259,3/9/2023,5,9,9,14,3,553.55
4260,4/3/2023,2,39,39,9,3,253.97
4261,7/11/2025,2,40,40,15,5,722.46
4262,8/12/2023,2,25,25,4,4,519.67
4263,7/14/2023,5,10,10,12,1,69.74
4264,8/17/2025,5,9,9,18,4,96.84
4265,7/29/2024,2,24,24,1,3,645.4
4266,4/5/2024,5,13,13,3,5,579.09
4267,4/14/2023,5,9,9,8,3,243.79
4268,6/13/2024,2,24,24,13,3,377.35
4269,8/2/2024,5,10,10,5,1,69.44
4270,12/24/2023,2,8,8,1,2,404.77
4271,5/31/2025,2,37,37,13,4,592.79
4272,5/3/2022,2,39,39,6,3,603.15
4273,1/19/2022,5,21,21,7,2,339.73
4274,7/11/2024,5,10,10,14,3,454
4275,3/13/2022,3,28,28,5,4,309.21
4276,2/14/2023,4,23,23,1,1,200.17
4277,2/22/2024,2,25,25,6,1,197.53
4278,5/4/2024,4,33,33,4,4,545.54
4279,6/5/2025,2,40,40,13,5,913.19
4280,12/25/2021,5,15,15,17,5,463.55
4281,11/4/2021,2,37,37,11,2,278.07
4282,12/16/2022,2,25,25,4,5,625.66
4283,12/2/2022,1,11,11,14,1,185.43
4284,6/17/2023,2,1,1,2,5,443.12
4285,11/10/2023,2,8,8,16,3,81.84
4286,12/18/2024,2,1,1,8,4,412.72
4287,2/22/2023,4,36,36,18,5,150.77
4288,3/19/2025,2,40,40,14,1,175.78
4289,12/27/2022,5,10,10,17,3,288.79
4290,7/2/2025,1,32,32,7,3,508.78
4291,9/22/2022,2,24,24,12,4,247.45
4292,10/27/2024,2,7,7,11,2,279.52
4293,1/30/2022,2,24,24,1,5,763.97
4294,12/9/2021,2,17,17,2,5,420.75
4295,5/1/2025,2,39,39,7,5,842.17
4296,1/19/2023,3,14,14,10,2,80.06
4297,4/1/2025,3,5,5,11,5,920.85
4298,12/25/2022,5,10,10,4,1,141.24
4299,7/22/2024,2,37,37,2,3,287.86
4300,10/16/2022,5,19,19,1,2,351.42
4301,2/21/2024,2,37,37,10,4,166.85
4302,10/18/2021,2,8,8,6,4,779.51
4303,12/24/2021,2,24,24,12,2,116.39
4304,9/23/2024,2,40,40,3,1,92.52
4305,10/17/2023,5,10,10,4,5,751.86
4306,7/28/2022,2,1,1,16,5,129.29
4307,2/8/2022,5,10,10,6,1,168.16
4308,12/6/2022,2,1,1,16,5,124.89
4309,1/29/2023,2,39,39,15,2,276.17
4310,8/12/2023,2,17,17,3,2,159.53
4311,2/23/2023,2,8,8,11,3,417.8
4312,3/22/2024,2,37,37,7,4,739.55
4313,4/10/2023,4,12,12,11,3,564
4314,6/14/2023,2,25,25,16,4,129.15
4315,7/10/2024,4,33,33,8,1,103.16
4316,11/10/2023,3,26,26,8,5,462.31
4317,5/28/2024,2,37,37,14,1,179.49
4318,1/11/2024,2,37,37,15,5,544.38
4319,6/5/2023,2,25,25,1,1,154.92
4320,12/28/2021,2,7,7,9,3,216.68
4321,12/19/2022,2,25,25,2,3,215.99
4322,1/20/2023,4,29,29,8,1,97.93
4323,9/12/2022,2,8,8,12,4,275.8
4324,1/30/2024,1,11,11,2,1,78.78
4325,1/16/2024,2,1,1,18,4,98.35
4326,10/16/2021,2,7,7,12,2,123.67
4327,4/24/2024,5,6,6,12,2,110.3
4328,4/19/2024,2,8,8,5,3,189.71
4329,11/3/2021,1,35,35,14,5,879.64
4330,5/30/2022,2,39,39,13,5,751.97
4331,4/19/2025,2,7,7,14,3,462.11
4332,3/23/2024,5,15,15,17,5,367.39
4333,9/21/2023,2,1,1,2,4,374.5
4334,6/5/2025,2,17,17,12,2,126.6
4335,1/11/2025,1,35,35,6,2,332.63
4336,9/24/2022,2,39,39,2,2,182.08
4337,9/7/2022,5,15,15,9,3,223.05
4338,3/31/2024,4,33,33,3,2,165.03
4339,2/17/2022,4,12,12,10,5,242.93
4340,3/2/2025,2,1,1,16,3,84.83
4341,4/22/2025,2,1,1,18,1,20.85
4342,6/29/2024,2,17,17,18,4,116.47
4343,9/26/2023,2,8,8,12,2,128.23
4344,8/18/2025,3,20,20,6,3,430.41
4345,5/10/2022,3,2,2,13,3,481.08
4346,3/15/2023,2,25,25,13,3,415.3
4347,11/7/2021,5,21,21,11,3,520.59
4348,6/19/2022,5,15,15,18,4,102.9
4349,3/26/2025,2,7,7,1,3,541.52
4350,7/5/2022,2,7,7,12,1,55.89
4351,12/15/2022,2,25,25,3,2,185.32
4352,11/18/2023,2,7,7,16,3,74.68
4353,5/3/2024,5,10,10,1,4,698.46
4354,2/18/2025,5,6,6,7,5,873.69
4355,10/10/2023,2,25,25,4,3,414.45
4356,2/21/2022,2,8,8,17,4,327.91
4357,5/20/2024,5,10,10,6,5,704.39
4358,4/19/2025,3,28,28,4,1,117.72
4359,3/16/2023,2,37,37,3,5,532.01
4360,11/6/2023,2,39,39,13,2,322.36
4361,2/22/2024,2,39,39,9,5,320.57
4362,8/28/2025,1,32,32,11,4,798.97
4363,3/12/2023,5,13,13,7,4,741
4364,5/23/2025,1,34,34,2,4,361.98
4365,10/23/2021,2,25,25,17,4,361.13
4366,7/24/2024,2,8,8,6,3,578.19
4367,10/1/2023,1,35,35,10,2,90.78
4368,11/16/2021,5,19,19,1,4,591.18
4369,6/21/2024,4,23,23,4,5,660.65
4370,2/13/2025,5,10,10,9,3,277.14
4371,4/2/2023,2,37,37,14,2,291.41
4372,6/15/2025,5,15,15,9,4,329.8
4373,2/7/2025,2,25,25,10,4,195.34
4374,6/15/2025,5,19,19,8,1,91.37
4375,8/23/2023,2,25,25,6,5,859.39
4376,1/30/2024,5,9,9,2,4,306.29
4377,10/24/2022,2,1,1,7,2,476.82
4378,4/19/2022,5,9,9,8,4,385.41
4379,7/19/2024,2,8,8,13,3,514.15
4380,2/24/2022,5,21,21,17,5,420.81
4381,3/30/2023,1,11,11,12,5,339.93
4382,12/16/2024,2,17,17,12,4,252.47
4383,8/4/2023,1,32,32,2,4,302.32
4384,10/9/2024,2,25,25,10,2,71.44
4385,12/18/2022,2,17,17,1,2,321
4386,10/15/2023,2,37,37,17,3,215.98
4387,9/26/2024,2,39,39,4,4,605.46
4388,4/3/2023,2,24,24,2,1,97.41
4389,12/9/2023,2,25,25,11,3,540.31
4390,7/8/2022,4,12,12,13,2,276.55
4391,8/2/2023,2,39,39,11,5,734.56
4392,12/28/2023,2,17,17,2,2,168.2
4393,2/8/2025,1,34,34,6,5,743.27
4394,8/29/2022,3,20,20,3,3,264.72
4395,11/8/2022,2,17,17,9,2,166.06
4396,8/13/2024,3,5,5,16,4,99.2
4397,1/22/2022,5,19,19,15,4,559.7
4398,11/4/2022,5,15,15,16,4,98.25
4399,7/17/2025,5,10,10,9,1,88.4
4400,4/24/2023,2,37,37,10,3,106.61
4401,8/22/2024,2,17,17,14,5,879.81
4402,12/2/2022,3,22,22,6,4,604.07
4403,12/21/2021,2,7,7,5,3,237.03
4404,6/19/2023,2,8,8,15,4,486.02
4405,7/11/2022,5,9,9,8,2,214.48
4406,7/28/2022,2,25,25,12,2,129.05
4407,4/14/2023,4,23,23,10,4,156.31
4408,7/19/2023,2,39,39,13,5,839.75
4409,5/11/2025,4,27,27,5,4,277
4410,11/30/2022,5,15,15,14,2,405.38
4411,12/4/2021,2,8,8,13,3,472.74
4412,9/14/2023,2,24,24,7,4,649.95
4413,12/19/2021,5,6,6,17,1,81.61
4414,7/21/2025,2,25,25,16,2,63.32
4415,10/11/2023,2,24,24,13,1,185.38
4416,4/2/2024,2,39,39,18,2,48.6
4417,1/13/2024,2,17,17,2,3,223.17
4418,12/1/2023,2,1,1,8,2,158.37
4419,5/21/2023,3,4,4,18,5,139.46
4420,8/11/2022,2,8,8,1,3,623.65
4421,3/24/2022,2,37,37,8,4,422.3
4422,4/17/2023,2,40,40,6,3,542.55
4423,1/6/2022,3,18,18,13,5,653.6
4424,3/23/2023,2,25,25,2,2,159.98
4425,5/2/2023,5,10,10,9,5,366.25
4426,1/28/2022,2,8,8,7,1,239.61
4427,8/5/2023,2,7,7,11,4,655.07
4428,12/16/2024,5,19,19,15,5,703.82
4429,3/13/2025,2,24,24,10,2,103.17
4430,8/4/2022,5,19,19,16,2,58.12
4431,4/4/2023,2,39,39,8,4,337.76
4432,10/5/2023,2,7,7,4,2,314.74
4433,12/7/2021,2,1,1,3,4,357.12
4434,9/3/2024,3,2,2,16,2,65.54
4435,2/28/2022,5,13,13,4,2,270.39
4436,5/8/2023,1,32,32,12,4,212.48
4437,8/15/2023,4,29,29,13,1,129.57
4438,2/8/2025,2,24,24,7,5,1020.8
4439,10/3/2023,2,8,8,17,4,356.54
4440,1/19/2022,2,8,8,7,3,539.19
4441,12/30/2023,2,25,25,3,4,400.19
4442,8/25/2024,1,31,31,15,5,599.1
4443,6/23/2025,2,7,7,15,3,458.56
4444,6/5/2025,3,18,18,13,5,841.88
4445,12/15/2024,2,39,39,15,4,519.53
4446,6/7/2022,5,19,19,10,5,192.08
4447,10/5/2021,5,9,9,11,4,619.88
4448,10/23/2022,3,38,38,8,4,450.58
4449,10/16/2021,2,8,8,11,5,829.74
4450,12/19/2024,5,9,9,4,3,405.01
4451,2/18/2025,2,40,40,5,3,244.19
4452,2/18/2023,2,24,24,18,4,97.3
4453,9/26/2024,5,6,6,5,5,341.06
4454,2/21/2024,2,37,37,12,5,343.85
4455,3/19/2024,2,8,8,11,4,716.82
4456,4/6/2024,2,37,37,2,4,305.03
4457,7/27/2023,2,24,24,10,1,50.87
4458,7/28/2025,4,33,33,6,5,951.78
4459,10/20/2022,2,1,1,6,2,380.83
4460,7/28/2025,5,15,15,2,1,88.47
4461,2/22/2022,2,17,17,2,3,284.51
4462,5/11/2024,2,1,1,2,5,498.81
4463,2/24/2023,2,37,37,5,4,327.74
4464,7/29/2025,2,7,7,10,3,153.98
4465,7/9/2023,5,19,19,11,3,515.92
4466,1/3/2022,1,11,11,4,3,429.09
4467,6/12/2025,5,13,13,10,1,48.84
4468,1/10/2023,5,6,6,8,2,160.85
4469,10/28/2023,1,34,34,9,2,162.4
4470,1/6/2023,2,39,39,12,2,99.68
4471,4/11/2022,2,17,17,18,5,133.57
4472,12/24/2024,4,29,29,16,1,29.22
4473,4/2/2024,3,3,3,1,4,596.32
4474,10/26/2022,2,37,37,14,1,193.5
4475,3/15/2023,2,1,1,17,2,180.88
4476,1/21/2024,2,25,25,11,5,738.41
4477,4/25/2022,4,27,27,7,4,919.64
4478,11/19/2022,5,15,15,17,4,289.89
4479,3/1/2024,4,12,12,14,3,548.15
4480,3/23/2022,2,7,7,16,5,165.27
4481,6/20/2024,2,37,37,15,5,616.99
4482,9/15/2022,5,6,6,13,3,440.96
4483,5/23/2022,3,2,2,13,2,302.19
4484,5/3/2025,2,1,1,13,4,736.82
4485,1/30/2023,2,37,37,1,2,303.3
4486,4/14/2024,5,21,21,18,3,67.89
4487,1/10/2025,1,34,34,7,4,771.08
4488,5/25/2023,2,24,24,13,4,695.54
4489,4/28/2024,2,37,37,14,3,617.91
4490,5/17/2024,2,8,8,10,5,214.45
4491,2/10/2024,1,31,31,11,2,288.92
4492,4/26/2024,2,17,17,14,3,563.39
4493,1/2/2023,3,5,5,11,4,573.81
4494,2/15/2024,3,5,5,18,2,49.03
4495,9/29/2021,2,37,37,9,4,332.49
4496,6/24/2025,5,10,10,18,4,96.25
4497,7/13/2022,4,23,23,10,3,124.57
4498,12/11/2023,2,1,1,8,2,224.45
4499,10/20/2021,2,1,1,2,3,256.2
4500,3/25/2022,5,19,19,15,1,145.52
4501,1/31/2024,2,37,37,12,3,211.89
4502,7/11/2023,2,24,24,7,4,804.53
4503,11/16/2021,3,28,28,13,4,640.07
4504,5/11/2022,5,6,6,16,4,92.49
4505,6/8/2024,5,13,13,4,2,254.72
4506,1/18/2025,5,13,13,1,3,525.85
4507,3/17/2022,2,8,8,16,5,160.55
4508,10/29/2022,5,10,10,13,2,356.19
4509,9/16/2024,2,37,37,5,4,317.46
4510,1/17/2023,2,24,24,9,4,326.45
4511,2/20/2023,2,37,37,3,4,360.15
4512,7/10/2022,2,7,7,17,5,399.42
4513,3/25/2023,4,30,30,13,2,253.22
4514,1/7/2023,2,40,40,2,4,345.36
4515,12/25/2022,5,13,13,13,5,804.52
4516,12/20/2024,4,30,30,4,3,475.15
4517,8/3/2025,1,34,34,1,5,823.73
4518,11/12/2024,2,1,1,18,1,25.33
4519,7/12/2024,2,25,25,17,2,181.19
4520,1/6/2025,5,21,21,9,5,409.48
4521,8/6/2025,2,7,7,5,1,64.85
4522,3/9/2022,2,39,39,2,4,371.59
4523,1/14/2024,5,13,13,5,3,220.03
4524,4/2/2022,5,15,15,7,5,1112.95
4525,9/9/2024,3,16,16,10,4,162.67
4526,7/30/2023,2,24,24,2,1,81.81
4527,10/13/2021,5,9,9,1,1,206.79
4528,12/21/2021,2,25,25,13,3,476.29
4529,10/23/2021,2,1,1,11,1,191.13
4530,9/19/2021,2,40,40,11,3,605.41
4531,3/22/2022,2,25,25,11,1,146.11
4532,2/2/2022,2,1,1,14,4,799.61
4533,7/18/2025,2,1,1,5,5,339.55
4534,10/8/2022,4,30,30,8,1,104.1
4535,1/27/2023,2,8,8,18,5,148.55
4536,4/2/2024,5,15,15,3,4,401.98
4537,9/29/2023,5,10,10,12,1,67.55
4538,2/21/2025,2,1,1,7,4,740.72
4539,3/19/2025,1,31,31,11,4,768.76
4540,6/3/2023,2,39,39,14,4,774.47
4541,4/17/2024,2,7,7,18,4,106.42
4542,10/14/2021,2,8,8,4,4,552.4
4543,11/16/2023,2,37,37,7,3,508.55
4544,5/20/2025,2,37,37,1,5,857.47
4545,2/9/2022,2,17,17,7,4,851.78
4546,3/11/2025,5,9,9,9,4,303.69
4547,7/14/2024,3,18,18,5,5,348.07
4548,7/31/2025,5,19,19,2,1,67.72
4549,8/17/2022,2,25,25,13,1,163.7
4550,4/16/2023,2,1,1,8,5,535.2
4551,3/20/2024,5,6,6,12,1,70.27
4552,1/1/2023,2,40,40,18,1,28.4
4553,8/19/2025,2,1,1,7,3,581.72
4554,4/4/2025,3,3,3,6,5,796.96
4555,4/13/2022,2,17,17,17,4,293.45
4556,11/9/2023,2,37,37,10,1,46.27
4557,12/29/2024,2,40,40,4,3,430.5
4558,3/12/2024,2,1,1,9,1,75.76
4559,8/14/2023,5,10,10,14,2,338.16
4560,5/4/2025,2,37,37,17,1,97.29
4561,10/25/2021,4,12,12,16,2,54.71
4562,7/28/2024,2,25,25,17,3,233.92
4563,2/7/2025,2,40,40,13,3,482.38
4564,2/24/2022,2,40,40,4,3,339
4565,8/21/2023,2,40,40,3,5,511.19
4566,1/5/2024,5,19,19,18,4,116.69
4567,9/24/2024,2,37,37,15,2,238.91
4568,4/24/2022,5,21,21,11,5,865.35
4569,8/6/2023,2,25,25,13,1,185.28
4570,8/2/2025,5,15,15,10,2,102.08
4571,10/2/2023,2,37,37,6,3,525.73
4572,5/1/2022,5,15,15,4,2,281.31
4573,8/3/2024,2,17,17,11,2,391.43
4574,7/7/2025,2,7,7,7,1,236.48
4575,6/5/2022,5,19,19,9,1,63.95
4576,12/12/2021,2,7,7,16,2,45
4577,5/6/2022,1,11,11,17,2,196.98
4578,12/26/2023,2,8,8,4,3,491.29
4579,3/12/2025,2,25,25,18,2,54.33
4580,7/7/2022,5,10,10,16,4,117.52
4581,7/13/2024,2,37,37,18,5,138.89
4582,1/2/2025,2,40,40,15,2,232.32
4583,4/16/2023,2,39,39,5,3,200.13
4584,6/12/2022,2,24,24,13,4,639.04
4585,5/6/2025,2,7,7,1,2,434.79
4586,3/16/2024,1,32,32,3,1,100.26
4587,9/24/2024,2,7,7,17,2,185.39
4588,12/16/2022,2,40,40,9,4,269.03
4589,3/8/2022,2,24,24,16,1,25.84
4590,4/22/2022,5,6,6,8,2,220.08
4591,8/28/2022,5,19,19,4,1,139.43
4592,10/22/2022,2,17,17,10,2,82.83
4593,3/12/2023,2,1,1,17,1,94.82
4594,4/19/2025,2,8,8,9,2,180.82
4595,10/29/2021,4,29,29,8,3,299.07
4596,3/22/2023,4,23,23,1,3,653.12
4597,11/27/2021,2,17,17,16,5,142.74
4598,10/17/2022,2,40,40,18,1,25.31
4599,9/4/2024,2,40,40,7,2,321.54
4600,2/28/2025,2,7,7,14,1,211.02
4601,8/4/2025,5,19,19,9,1,90.21
4602,12/1/2022,2,25,25,3,5,485.28
4603,1/29/2024,1,35,35,18,2,41.06
4604,2/18/2023,5,13,13,18,1,21.17
4605,7/27/2023,2,7,7,12,5,254.78
4606,1/15/2024,2,24,24,4,5,559.43
4607,8/6/2025,2,7,7,3,3,275.49
4608,1/22/2025,2,24,24,8,4,469.59
4609,6/10/2023,3,38,38,16,4,107
4610,6/4/2023,1,11,11,16,5,165.41
4611,2/20/2025,5,9,9,2,4,277.92
4612,9/8/2024,2,1,1,8,4,378.81
4613,9/11/2022,3,38,38,13,3,497.15
4614,7/4/2025,2,39,39,7,1,177.26
4615,8/17/2025,2,39,39,15,5,544.39
4616,1/14/2025,4,12,12,16,2,64.31
4617,6/4/2025,5,6,6,12,1,68.56
4618,10/10/2022,2,1,1,2,3,215.03
4619,10/11/2023,2,25,25,5,5,400.13
4620,10/9/2023,5,21,21,8,3,269
4621,10/1/2023,2,8,8,3,4,383.83
4622,10/2/2021,5,10,10,15,5,647.6
4623,11/9/2024,2,7,7,4,1,151.56
4624,9/19/2021,2,8,8,15,4,515.82
4625,3/17/2022,2,8,8,14,1,154.5
4626,6/10/2022,5,19,19,6,5,779.04
4627,11/26/2023,2,25,25,1,1,197.85
4628,7/26/2024,2,37,37,3,5,447.68
4629,5/11/2023,2,8,8,8,3,340.11
4630,9/22/2021,5,15,15,13,4,666.45
4631,7/18/2022,2,40,40,11,4,697.21
4632,1/26/2023,2,39,39,12,2,130.24
4633,4/1/2025,5,9,9,9,4,305.51
4634,11/22/2023,2,25,25,8,5,506.37
4635,1/4/2025,2,25,25,8,5,558.32
4636,10/11/2023,3,20,20,3,2,219.27
4637,8/17/2025,2,40,40,14,4,618.93
4638,8/12/2023,2,17,17,2,3,215.38
4639,8/2/2022,2,1,1,11,4,635.57
4640,4/8/2023,2,37,37,17,4,286.46
4641,2/27/2022,2,40,40,12,4,266.62
4642,8/14/2024,2,17,17,16,2,52.21
4643,4/9/2024,2,1,1,9,5,323.31
4644,11/14/2022,2,40,40,4,4,635.83
4645,2/2/2024,5,21,21,13,4,705.93
4646,7/7/2025,5,13,13,3,1,108.98
4647,8/28/2025,2,37,37,15,2,249.53
4648,7/3/2022,2,1,1,15,1,126.34
4649,4/3/2023,3,2,2,15,4,553.8
4650,8/15/2024,2,7,7,10,1,38.63
4651,10/18/2024,2,39,39,3,4,387.33
4652,5/16/2025,3,16,16,15,5,662.55
4653,2/22/2025,2,17,17,4,1,138.11
4654,3/13/2025,4,23,23,1,3,532.41
4655,2/8/2023,2,8,8,11,1,162.26
4656,9/6/2024,2,24,24,3,1,108.59
4657,12/10/2022,5,6,6,13,2,328.09
4658,1/10/2024,2,39,39,15,3,345.45
4659,7/23/2024,2,7,7,8,5,470.8
4660,8/14/2023,2,24,24,17,2,190.64
4661,6/9/2022,4,29,29,16,3,83.68
4662,2/14/2023,2,17,17,7,1,180.49
4663,4/3/2023,2,8,8,9,2,148.55
4664,2/5/2024,2,17,17,14,1,149.02
4665,7/12/2022,2,7,7,8,5,528.77
4666,8/9/2022,2,24,24,4,5,760.77
4667,3/5/2022,3,14,14,3,3,301.89
4668,12/21/2022,2,17,17,3,5,441.31
4669,11/13/2024,1,35,35,1,2,437.91
4670,10/24/2021,2,8,8,2,4,392.5
4671,1/28/2022,2,7,7,12,3,192.8
4672,10/16/2021,5,21,21,18,4,116.52
4673,10/24/2022,1,34,34,5,1,86.17
4674,9/30/2024,2,37,37,3,2,187.24
4675,9/3/2024,5,21,21,4,4,449.88
4676,10/20/2021,1,34,34,10,2,101.93
4677,3/13/2022,2,7,7,14,1,211.39
4678,11/21/2022,2,24,24,13,3,425.63
4679,7/11/2024,4,36,36,12,3,207.09
4680,10/23/2022,5,15,15,9,1,66.94
4681,12/28/2021,4,27,27,17,4,293.4
4682,12/3/2022,1,32,32,9,2,160.55
4683,3/10/2025,4,29,29,6,3,578.59
4684,12/7/2021,2,40,40,12,3,169.54
4685,1/26/2024,2,40,40,12,5,262.86
4686,2/23/2023,3,20,20,10,2,72.43
4687,5/3/2023,5,9,9,8,2,159.45
4688,3/6/2024,2,8,8,14,1,164.78
4689,6/16/2023,2,8,8,4,2,222.67
4690,1/26/2023,2,7,7,13,1,174.06
4691,9/8/2022,2,37,37,17,1,78.64
4692,11/1/2023,2,7,7,2,4,373.22
4693,8/17/2025,2,8,8,7,3,624.39
4694,6/15/2022,3,38,38,3,1,116.56
4695,9/23/2023,5,15,15,7,3,521.02
4696,8/4/2022,3,38,38,16,5,138.51
4697,4/1/2024,2,25,25,18,5,138.56
4698,7/2/2022,5,6,6,10,4,157.63
4699,6/16/2022,5,9,9,11,4,557.53
4700,2/6/2024,1,31,31,1,4,756.23
4701,10/20/2022,2,40,40,15,4,478.67
4702,1/29/2023,2,39,39,3,4,411.33
4703,10/23/2021,2,39,39,10,3,144.93
4704,4/24/2024,3,3,3,15,5,761.9
4705,1/30/2022,5,10,10,10,2,80.03
4706,7/9/2025,2,17,17,11,4,609.36
4707,4/16/2024,5,10,10,10,2,94.17
4708,1/21/2025,5,10,10,14,2,304.01
4709,9/5/2022,4,30,30,9,3,237.39
4710,4/27/2024,2,1,1,8,4,417.65
4711,11/1/2021,2,40,40,13,5,730.21
4712,6/6/2022,2,8,8,18,4,98.05
4713,6/15/2022,2,1,1,14,4,712.41
4714,9/1/2022,3,4,4,4,5,652.34
4715,11/22/2023,5,19,19,18,3,73.89
4716,2/4/2025,5,10,10,16,4,115.09
4717,1/7/2022,1,31,31,7,4,679.76
4718,5/6/2022,1,34,34,8,1,109.34
4719,2/28/2025,5,19,19,12,5,283.57
4720,11/16/2023,1,32,32,14,1,165.47
4721,7/27/2023,3,22,22,4,4,526.31
4722,3/3/2025,2,1,1,3,4,415.53
4723,11/26/2024,5,21,21,12,5,301.44
4724,3/12/2022,5,9,9,9,2,186.74
4725,5/8/2023,2,40,40,18,1,30.21
4726,5/7/2024,2,37,37,11,2,335.73
4727,3/20/2025,2,24,24,1,5,783.51
4728,4/11/2024,5,21,21,6,4,819.8
4729,12/25/2023,2,17,17,18,1,28.89
4730,5/17/2025,1,32,32,18,4,100.14
4731,2/8/2025,2,7,7,11,1,180.86
4732,4/7/2024,3,2,2,5,2,155.15
4733,9/19/2023,5,15,15,6,5,921.39
4734,9/26/2023,2,17,17,13,2,264.79
4735,3/7/2025,2,24,24,8,5,562.73
4736,11/13/2022,2,7,7,14,2,335.3
4737,8/21/2023,5,21,21,11,2,296.9
4738,12/10/2024,5,15,15,16,2,64.21
4739,8/13/2022,2,40,40,10,5,188.74
4740,6/17/2022,3,3,3,15,4,470.25
4741,2/25/2024,4,30,30,12,3,170.85
4742,1/18/2023,2,8,8,12,1,50.79
4743,12/28/2022,3,20,20,9,3,192.06
4744,8/22/2025,2,37,37,14,4,653.17
4745,12/2/2024,5,10,10,18,2,56.59
4746,1/26/2022,2,8,8,6,3,593.64
4747,3/10/2025,2,39,39,5,4,254.94
4748,3/25/2025,2,1,1,3,5,451.09
4749,5/2/2024,2,17,17,12,2,121.52
4750,5/1/2022,2,25,25,3,3,237.13
4751,8/30/2023,5,13,13,16,5,137.56
4752,12/21/2022,5,21,21,12,5,279.96
4753,5/17/2023,2,1,1,1,5,1042.79
4754,2/26/2022,4,23,23,15,1,117.72
4755,4/6/2023,5,13,13,15,4,600.82
4756,7/30/2023,3,4,4,8,3,308.07
4757,9/6/2022,2,8,8,14,1,205.88
4758,10/11/2023,2,7,7,12,1,62.72
4759,3/13/2022,5,13,13,10,4,142.3
4760,11/24/2024,5,6,6,7,5,1113.21
4761,10/11/2023,3,20,20,2,3,203.75
4762,1/9/2025,5,19,19,12,1,56.86
4763,8/6/2023,4,27,27,2,2,166.97
4764,1/9/2025,2,8,8,4,2,327.19
4765,8/30/2023,1,32,32,8,4,401.61
4766,6/1/2022,1,35,35,13,1,158.68
4767,12/5/2024,2,39,39,6,3,483.92
4768,5/5/2022,5,9,9,5,4,336.91
4769,6/4/2024,5,15,15,3,5,510.56
4770,5/28/2024,2,40,40,7,2,351.68
4771,1/16/2023,5,13,13,6,3,422.77
4772,5/13/2022,2,1,1,15,2,295.17
4773,1/20/2022,2,24,24,15,5,618.6
4774,3/15/2022,5,15,15,18,2,46.09
4775,11/8/2023,2,25,25,13,4,578.55
4776,4/24/2025,3,18,18,18,1,22.58
4777,7/15/2023,5,10,10,17,5,391.62
4778,10/19/2023,5,6,6,6,2,288.66
4779,2/27/2022,2,8,8,16,4,117.79
4780,10/20/2022,2,40,40,11,5,720.67
4781,11/10/2023,2,40,40,1,2,412.09
4782,8/9/2024,3,14,14,9,5,354.36
4783,7/11/2024,1,35,35,3,1,111.23
4784,5/3/2022,2,40,40,16,4,115.56
4785,7/11/2022,2,17,17,3,2,157.15
4786,12/2/2021,5,19,19,9,4,315.88
4787,8/7/2023,5,19,19,10,1,35.8
4788,9/17/2022,4,27,27,4,3,357.15
4789,2/12/2024,2,25,25,1,3,520.1
4790,1/2/2024,2,24,24,11,5,866.02
4791,7/13/2022,2,40,40,12,4,198.92
4792,11/24/2021,1,11,11,9,5,381.61
4793,3/29/2023,2,37,37,11,2,356.01
4794,12/16/2022,4,27,27,18,1,23.51
4795,9/12/2024,3,26,26,1,5,856.84
4796,1/9/2022,4,12,12,3,4,340.05
4797,9/28/2021,1,11,11,9,4,288.96
4798,4/18/2023,2,25,25,10,4,204.57
4799,12/31/2024,5,21,21,4,5,749.56
4800,5/16/2024,5,9,9,2,2,140.39
4801,6/28/2025,5,6,6,6,1,147.6
4802,4/11/2022,4,29,29,8,2,207.59
4803,3/11/2025,2,1,1,5,5,410.22
4804,7/8/2024,3,4,4,8,4,342.69
4805,10/26/2021,2,37,37,4,1,115.19
4806,3/7/2022,5,13,13,11,5,979.27
4807,8/14/2024,5,19,19,1,4,825.48
4808,12/28/2024,2,39,39,11,4,599.61
4809,3/22/2024,2,17,17,11,4,737.7
4810,3/21/2025,1,31,31,13,2,368.56
4811,12/29/2021,2,24,24,11,5,1023.67
4812,3/6/2024,2,1,1,11,5,807.89
4813,2/29/2024,2,25,25,10,1,52.01
4814,6/30/2025,2,17,17,12,3,189.27
4815,5/6/2024,2,7,7,8,1,78.82
4816,8/29/2023,2,1,1,9,4,343.8
4817,6/2/2025,2,7,7,8,1,101.11
4818,7/15/2022,2,24,24,8,2,182.78
4819,1/21/2024,2,7,7,16,2,50.95
4820,10/25/2021,3,22,22,16,4,124.57
4821,6/25/2024,2,17,17,7,1,211.64
4822,11/6/2022,2,39,39,3,4,354.41
4823,11/21/2022,2,24,24,7,4,817.18
4824,10/14/2021,2,37,37,1,5,911.63
4825,10/13/2022,2,1,1,13,3,484.93
4826,9/10/2025,2,40,40,4,1,135.92
4827,1/11/2024,3,26,26,10,1,43.75
4828,1/2/2022,4,27,27,15,3,457.56
4829,6/29/2022,1,11,11,2,1,89.04
4830,4/27/2023,2,1,1,8,5,519.76
4831,11/23/2022,2,24,24,17,2,193.36
4832,12/29/2024,4,30,30,18,1,23.36
4833,9/15/2022,2,1,1,5,4,329.23
4834,8/15/2022,2,39,39,1,1,179.5
4835,12/15/2023,5,13,13,5,2,133.76
4836,12/9/2023,2,17,17,14,3,497.77
4837,7/7/2023,2,25,25,17,4,347.73
4838,9/27/2023,5,10,10,18,5,121.37
4839,2/10/2024,2,40,40,6,5,923.07
4840,5/28/2022,2,8,8,10,2,90.82
4841,10/20/2021,2,7,7,3,1,104.48
4842,7/4/2023,2,39,39,15,2,229.94
4843,3/4/2023,2,7,7,18,5,103
4844,5/19/2023,2,8,8,15,5,533.15
4845,12/19/2021,2,25,25,11,5,763.78
4846,10/8/2023,2,25,25,13,5,729.64
4847,10/20/2022,2,8,8,5,3,217
4848,12/28/2021,4,27,27,6,4,820.54
4849,10/12/2024,2,7,7,11,3,427.07
4850,10/2/2024,2,7,7,4,5,646.82
4851,1/21/2023,2,24,24,14,3,482.94
4852,7/13/2023,2,7,7,1,4,699.84
4853,5/9/2023,2,37,37,5,1,64.68
4854,2/14/2024,2,8,8,15,4,580.17
4855,5/6/2024,3,20,20,17,2,159.78
4856,9/2/2025,2,8,8,7,5,1062.65
4857,1/18/2024,2,1,1,17,5,406.59
4858,5/29/2025,2,17,17,2,2,149.36
4859,6/15/2022,2,17,17,2,1,80.16
4860,11/17/2024,2,39,39,2,3,289.68
4861,4/29/2024,2,24,24,8,4,423.42
4862,7/20/2023,2,7,7,10,4,156.82
4863,9/19/2024,2,24,24,7,2,388.23
4864,11/6/2021,2,25,25,13,4,496.45
4865,2/29/2024,2,17,17,1,2,363.07
4866,7/8/2023,2,25,25,4,4,449.97
4867,5/9/2023,2,24,24,10,4,192.41
4868,6/17/2024,2,8,8,5,4,268.17
4869,4/24/2024,2,8,8,8,2,225.13
4870,3/29/2023,1,31,31,8,5,397.9
4871,9/26/2023,2,24,24,2,3,220.32
4872,10/30/2024,2,8,8,4,3,443.31
4873,9/25/2023,2,1,1,4,3,465.95
4874,7/11/2025,2,39,39,17,4,319
4875,6/27/2022,5,13,13,3,4,388.57
4876,7/28/2022,3,16,16,8,2,171.12
4877,1/16/2024,5,19,19,11,3,615.05
4878,2/19/2023,2,17,17,2,5,397.5
4879,10/20/2024,1,32,32,4,4,494.33
4880,8/17/2025,5,21,21,2,3,235.67
4881,9/4/2022,3,2,2,10,4,167.94
4882,8/15/2025,1,32,32,18,1,22.52
4883,6/5/2024,5,15,15,10,4,185.11
4884,11/11/2022,5,13,13,10,3,110.46
4885,7/2/2022,2,39,39,8,3,315.27
4886,5/1/2025,2,1,1,5,3,219.78
4887,6/13/2023,5,19,19,16,1,29.86
4888,11/4/2024,2,25,25,10,1,45.64
4889,5/7/2025,2,7,7,5,3,179.19
4890,10/25/2023,2,40,40,9,5,405.57
4891,1/13/2023,5,10,10,1,4,617.66
4892,2/10/2025,2,8,8,3,2,224.89
4893,4/30/2025,2,17,17,13,5,792.52
4894,6/6/2023,4,23,23,16,3,85.37
4895,8/2/2023,2,39,39,7,4,831.15
4896,4/13/2023,5,10,10,11,2,306.71
4897,7/3/2025,2,17,17,8,1,93.87
4898,5/16/2025,5,21,21,14,3,476.99
4899,2/6/2022,1,11,11,1,1,212.61
4900,4/29/2025,5,15,15,9,2,137.59
4901,11/9/2023,3,14,14,1,2,360.1
4902,3/14/2023,2,40,40,14,3,441.56
4903,9/14/2022,2,7,7,18,5,106.11
4904,1/7/2023,1,34,34,7,4,747.5
4905,10/27/2024,2,40,40,17,5,420.32
4906,6/6/2024,2,40,40,17,2,162.41
4907,11/22/2024,2,39,39,6,1,157.05
4908,10/12/2021,5,13,13,3,2,162.85
4909,5/12/2024,2,40,40,11,4,587.61
4910,10/21/2022,2,40,40,13,4,603.97
4911,8/5/2022,2,17,17,2,2,171.74
4912,11/30/2023,2,17,17,6,4,678.2
4913,3/30/2025,2,1,1,17,5,457.78
4914,10/7/2024,5,19,19,5,5,406.1
4915,8/6/2025,2,25,25,3,3,306.84
4916,5/3/2022,4,23,23,4,5,597.53
4917,3/15/2023,4,12,12,13,4,595.58
4918,12/9/2023,4,30,30,1,2,313.65
4919,7/20/2022,4,30,30,7,5,916.78
4920,6/5/2025,2,8,8,18,2,54.36
4921,2/21/2022,2,39,39,16,2,48.09
4922,1/27/2023,3,20,20,12,2,112.46
4923,3/27/2022,2,25,25,10,4,166.43
4924,2/24/2023,2,17,17,6,5,819.77
4925,9/21/2024,5,6,6,16,4,96.3
4926,9/10/2023,2,17,17,9,5,337.84
4927,10/8/2022,5,13,13,5,1,85.24
4928,6/10/2022,1,31,31,14,5,792.98
4929,4/25/2023,2,24,24,17,4,298.2
4930,5/3/2023,1,34,34,17,3,255.91
4931,4/9/2022,2,39,39,2,1,70.93
4932,7/30/2023,3,2,2,10,4,158.98
4933,5/19/2025,2,7,7,3,1,82.34
4934,9/3/2023,2,37,37,2,3,289.87
4935,5/14/2023,2,1,1,12,3,188.68
4936,1/6/2024,2,1,1,10,4,161.72
4937,3/24/2022,2,37,37,7,5,979.21
4938,11/9/2021,2,17,17,6,1,181.61
4939,5/18/2024,3,22,22,13,4,664.89
4940,2/17/2025,5,19,19,18,3,65.89
4941,9/13/2022,2,25,25,3,1,83.37
4942,11/20/2022,3,4,4,3,4,374.93
4943,8/14/2022,2,40,40,6,4,612.82
4944,3/29/2022,5,6,6,3,4,348.19
4945,2/23/2025,4,29,29,17,3,212.21
4946,7/30/2023,2,24,24,1,2,338.06
4947,7/5/2024,4,30,30,4,1,124.8
4948,7/26/2022,5,19,19,10,4,199.56
4949,4/22/2023,5,13,13,13,3,532.82
4950,2/19/2023,2,37,37,4,2,254.59
4951,10/13/2021,1,32,32,11,3,510.67
4952,9/13/2025,2,24,24,1,2,393.61
4953,1/2/2024,2,24,24,7,4,647.48
4954,3/28/2022,3,22,22,11,1,187.89
4955,7/22/2023,2,37,37,1,3,475.24
4956,7/4/2025,2,37,37,8,1,89.27
4957,9/7/2024,2,39,39,14,2,315.08
4958,5/12/2022,2,24,24,1,4,663.19
4959,5/22/2022,5,19,19,17,2,180.32
4960,2/1/2022,2,8,8,3,1,110.35
4961,3/7/2025,5,21,21,2,1,80.46
4962,2/18/2025,2,25,25,2,2,155.18
4963,7/28/2025,2,8,8,17,3,212.36
4964,7/31/2024,2,17,17,15,4,558.55
4965,8/23/2024,2,40,40,3,4,400.09
4966,7/5/2025,5,15,15,14,5,872.8
4967,7/29/2023,2,1,1,1,5,804.56
4968,6/10/2025,5,13,13,1,4,615.54
4969,8/18/2025,1,35,35,9,4,322.4
4970,7/12/2024,2,8,8,2,1,80.82
4971,9/17/2024,1,32,32,11,1,156.52
4972,6/6/2024,4,36,36,12,1,58.3
4973,1/8/2025,2,25,25,12,3,152.23
4974,11/10/2021,2,39,39,2,5,349.5
4975,9/6/2024,5,21,21,13,1,164.88
4976,10/21/2024,3,14,14,17,3,213.13
4977,8/16/2022,2,24,24,7,4,728.05
4978,11/19/2022,2,25,25,12,1,70.74
4979,10/18/2024,4,29,29,8,4,378.52
4980,11/5/2022,5,13,13,2,5,344.14
4981,2/1/2024,2,17,17,12,4,234.89
4982,4/9/2025,5,15,15,15,3,404.44
4983,7/18/2024,5,13,13,9,3,227.47
4984,12/4/2022,3,3,3,15,5,675.52
4985,9/1/2023,4,30,30,2,3,203.6
4986,4/11/2024,2,25,25,14,5,968.9
4987,3/20/2022,3,14,14,14,1,201.46
4988,2/12/2025,2,17,17,15,4,599.11
4989,11/18/2021,2,17,17,12,4,238.59
4990,4/14/2022,2,1,1,18,1,26.47
4991,4/15/2024,2,37,37,9,4,282.62
4992,11/24/2024,2,24,24,7,4,646.24
4993,8/23/2024,2,39,39,14,4,852.83
4994,9/12/2022,5,21,21,2,4,304.35
4995,5/8/2022,5,9,9,3,1,93.94
4996,3/13/2022,5,19,19,3,4,424.58
4997,10/12/2022,2,40,40,2,5,423.45
4998,3/15/2023,2,17,17,6,2,359.35
4999,7/11/2025,2,40,40,8,4,458.34
5000,1/26/2024,3,22,22,6,4,689.29
5001,1/31/2023,4,27,27,8,2,175.15
5002,6/13/2024,2,7,7,12,1,52.04
5003,12/23/2021,2,39,39,17,5,353.02
5004,9/13/2023,5,6,6,10,4,178.23
5005,2/12/2022,2,7,7,1,4,753.49
5006,1/8/2023,2,40,40,6,3,602.26
5007,10/24/2024,2,40,40,17,4,355.57
5008,2/15/2024,2,1,1,2,4,348.02
5009,9/9/2023,2,39,39,3,5,430.55
5010,10/4/2024,5,6,6,1,4,631.3
5011,8/29/2023,3,3,3,4,1,145.75
5012,4/6/2023,4,12,12,9,5,338.18
5013,12/1/2023,1,35,35,4,3,449.44
5014,4/22/2025,5,9,9,5,5,314.65
5015,7/1/2025,2,25,25,6,4,765.56
5016,6/11/2022,3,20,20,1,4,777.06
5017,12/7/2024,2,1,1,5,4,238.78
5018,9/15/2021,5,10,10,13,1,179.02
5019,11/29/2023,2,1,1,6,2,351.13
5020,10/18/2021,2,25,25,17,4,376.07
5021,3/25/2025,2,7,7,15,1,148.06
5022,6/21/2024,2,39,39,5,4,328.33
5023,8/3/2022,4,33,33,1,5,965.73
5024,5/16/2022,1,32,32,17,3,232.67
5025,1/26/2023,2,8,8,4,2,319.44
5026,3/23/2022,2,40,40,13,5,684.8
5027,3/11/2023,2,24,24,16,2,51.29
5028,8/31/2024,4,29,29,18,5,105.33
5029,2/19/2022,2,39,39,6,2,317.7
5030,3/19/2022,2,37,37,1,2,389.3
5031,9/17/2022,2,17,17,9,3,200.95
5032,5/31/2025,2,25,25,5,1,59.34
5033,8/18/2025,4,36,36,18,1,20.8
5034,5/28/2024,2,37,37,16,1,25.36
5035,3/22/2024,3,26,26,9,3,271.47
5036,5/20/2025,2,24,24,14,4,764.14
5037,7/8/2023,5,9,9,4,1,163.65
5038,1/26/2024,2,39,39,17,5,394.16
5039,2/7/2023,4,12,12,16,1,31.46
5040,2/16/2023,3,22,22,14,5,980.02
5041,11/1/2022,2,39,39,6,3,438.04
5042,8/29/2025,2,37,37,17,1,79.92
5043,11/29/2021,5,6,6,10,2,94
5044,8/6/2024,1,31,31,13,3,532
5045,3/9/2023,5,21,21,2,1,95
5046,4/12/2023,2,17,17,17,2,188.87
5047,8/11/2022,2,39,39,15,1,149.16
5048,4/2/2024,3,16,16,15,3,327.32
5049,5/21/2022,2,39,39,4,2,248.32
5050,12/13/2022,2,17,17,6,1,170.33
5051,5/22/2023,5,10,10,14,1,184.25
5052,4/6/2025,2,39,39,11,3,589.39
5053,8/4/2022,3,4,4,9,2,188.76
5054,11/9/2022,2,7,7,2,2,180.74
5055,5/5/2024,2,7,7,15,1,129.28
5056,2/25/2023,2,24,24,12,1,49.21
5057,5/25/2023,2,8,8,18,1,27.23
5058,4/11/2025,5,6,6,7,4,919.91
5059,9/30/2024,2,37,37,11,4,675.19
5060,12/3/2024,4,27,27,2,5,432.62
5061,5/9/2023,2,40,40,5,1,73.02
5062,4/15/2025,2,7,7,8,5,394.04
5063,1/29/2025,2,37,37,4,5,606.02
5064,3/14/2022,2,7,7,2,4,360.85
5065,11/16/2022,2,39,39,13,2,344.6
5066,6/16/2024,2,39,39,13,5,781.17
5067,7/2/2024,1,32,32,1,2,297.88
5068,7/7/2022,2,1,1,1,3,477.82
5069,3/29/2025,4,36,36,18,3,70.18
5070,10/25/2022,2,39,39,10,4,177.9
5071,3/15/2024,5,13,13,15,1,127.45
5072,9/2/2024,2,24,24,11,1,206.14
5073,4/26/2025,2,37,37,1,3,443.41
5074,9/11/2022,2,1,1,16,3,95.89
5075,3/26/2024,2,40,40,6,4,639.62
5076,7/8/2023,2,7,7,2,2,176.16
5077,3/16/2023,2,37,37,15,3,413.96
5078,9/28/2022,1,31,31,5,2,137.86
5079,3/18/2023,2,24,24,8,1,97.14
5080,8/14/2024,5,19,19,10,1,40.81
5081,8/27/2024,4,36,36,15,2,292.57
5082,10/9/2022,2,8,8,1,3,533.56
5083,4/2/2022,2,39,39,7,1,206.84
5084,3/30/2023,2,1,1,17,4,328.19
5085,11/26/2021,5,10,10,4,4,624.99
5086,4/12/2025,2,39,39,2,1,82.36
5087,3/16/2024,2,1,1,10,2,78.4
5088,6/28/2022,2,8,8,16,5,151.91
5089,6/29/2022,2,25,25,7,3,502.91
5090,3/16/2022,5,10,10,5,3,259.9
5091,1/2/2024,2,1,1,18,3,90.41
5092,1/16/2024,2,40,40,11,3,484.87
5093,9/4/2023,1,31,31,5,2,157.46
5094,1/10/2023,2,40,40,10,3,113.72
5095,3/27/2025,2,40,40,1,4,702.81
5096,3/1/2022,5,15,15,1,2,342.68
5097,7/13/2023,2,39,39,18,4,107.93
5098,3/17/2022,2,7,7,10,1,49.3
5099,10/20/2022,2,8,8,7,3,533.87
5100,3/12/2022,2,40,40,15,1,132.04
5101,12/28/2022,5,10,10,14,4,808.86
5102,2/8/2022,3,3,3,11,1,145.14
5103,2/18/2022,2,17,17,9,5,442.77
5104,1/6/2023,5,10,10,18,3,70.86
5105,3/7/2024,2,37,37,17,2,145.1
5106,12/17/2021,2,17,17,11,1,148.21
5107,8/12/2022,4,29,29,8,1,84.62
5108,12/7/2021,5,10,10,2,2,146.35
5109,5/26/2022,5,9,9,5,4,248.48
5110,5/18/2023,2,8,8,17,3,219.07
5111,1/20/2025,2,1,1,13,5,915.05
5112,2/20/2025,2,39,39,1,4,850.4
5113,10/13/2021,5,6,6,14,5,829.58
5114,8/20/2025,3,20,20,7,4,877.35
5115,4/26/2023,2,25,25,13,5,922.19
5116,7/31/2024,5,9,9,8,2,174.02
5117,9/2/2022,2,8,8,15,4,496.97
5118,8/26/2024,2,39,39,17,1,97.76
5119,12/23/2024,2,37,37,9,5,345.46
5120,7/2/2023,2,17,17,18,1,21.04
5121,3/19/2023,2,25,25,10,3,132.64
5122,6/20/2025,2,8,8,9,5,465.88
5123,12/28/2023,3,20,20,9,3,280.07
5124,8/11/2025,2,40,40,17,3,239.87
5125,10/13/2021,2,25,25,5,1,59.49
5126,8/16/2024,5,9,9,16,2,53.77
5127,11/27/2023,2,8,8,13,4,515.76
5128,5/17/2023,2,1,1,11,3,598.4
5129,2/18/2022,2,37,37,14,3,621.36
5130,12/23/2023,2,24,24,8,4,373.58
5131,9/13/2024,5,19,19,17,4,319.5
5132,3/4/2022,2,25,25,9,2,149.12
5133,11/17/2021,5,21,21,4,4,505.55
5134,3/25/2024,5,15,15,5,2,177.18
5135,9/17/2022,5,21,21,15,4,430.37
5136,7/27/2024,2,17,17,3,1,107.67
5137,8/21/2025,3,26,26,9,1,63.79
5138,5/2/2022,2,17,17,6,5,738.27
5139,3/22/2022,3,2,2,15,3,324.95
5140,3/29/2025,5,19,19,7,4,918.13
5141,3/14/2024,2,39,39,4,1,131.1
5142,2/13/2025,2,25,25,14,2,417.47
5143,12/16/2024,2,24,24,11,5,836.85
5144,1/6/2024,5,6,6,7,1,183.6
5145,9/25/2023,2,25,25,17,4,384.24
5146,10/31/2024,3,3,3,9,1,79.23
5147,8/18/2025,5,15,15,15,3,398.24
5148,12/20/2021,5,13,13,6,5,746.62
5149,10/22/2022,2,7,7,3,3,327.55
5150,2/3/2025,2,40,40,1,5,757.14
5151,3/4/2025,5,21,21,6,2,393.51
5152,10/20/2022,2,25,25,1,3,606.86
5153,5/25/2024,3,2,2,18,1,27.1
5154,11/24/2021,2,8,8,9,3,278.98
5155,10/29/2023,4,23,23,3,1,90.86
5156,1/17/2023,2,39,39,14,1,177.56
5157,7/24/2024,2,8,8,2,5,492.07
5158,4/23/2025,2,17,17,5,4,346.13
5159,6/16/2023,5,9,9,15,1,149.99
5160,7/20/2023,2,17,17,7,2,343.38
5161,10/20/2023,2,8,8,17,3,231.45
5162,4/10/2023,3,20,20,16,4,104.87
5163,7/27/2025,2,25,25,7,1,170.54
5164,3/22/2024,2,1,1,13,2,321.44
5165,2/24/2025,4,23,23,18,2,50.87
5166,8/13/2022,3,2,2,9,4,305.96
5167,7/8/2024,2,17,17,14,1,194.31
5168,2/15/2023,2,1,1,1,2,425.36
5169,9/2/2025,5,10,10,14,2,412.32
5170,4/2/2023,5,13,13,8,3,294.78
5171,6/25/2024,1,11,11,10,4,142.34
5172,12/26/2022,4,29,29,16,2,49.23
5173,10/25/2024,2,25,25,2,3,239.09
5174,3/9/2022,2,8,8,17,5,381.68
5175,6/19/2025,2,1,1,12,2,132.15
5176,8/6/2024,2,37,37,3,2,210.71
5177,12/30/2021,2,40,40,11,1,155.64
5178,10/11/2022,2,37,37,17,2,199.33
5179,6/25/2025,2,39,39,16,2,54.33
5180,2/25/2023,2,17,17,13,4,566.22
5181,1/18/2025,3,38,38,8,2,196.54
5182,10/27/2022,2,39,39,18,5,144.54
5183,10/10/2021,5,9,9,12,5,296.11
5184,10/17/2023,2,17,17,12,1,58.59
5185,5/23/2024,2,37,37,4,1,117.37
5186,6/15/2022,2,24,24,2,5,388.81
5187,8/29/2024,2,1,1,18,2,59.73
5188,12/1/2024,4,33,33,12,1,48.51
5189,12/29/2022,2,8,8,11,2,349
5190,6/21/2024,2,39,39,13,2,290.81
5191,10/13/2021,2,7,7,8,5,511.03
5192,4/5/2022,2,25,25,9,1,79.19
5193,1/9/2024,2,40,40,13,1,146.34
5194,8/12/2023,3,2,2,15,4,563.6
5195,1/30/2022,5,10,10,17,1,98.5
5196,2/18/2024,5,21,21,1,5,966.74
5197,3/11/2024,2,17,17,9,4,313.46
5198,1/29/2022,2,39,39,13,3,476.54
5199,6/13/2023,5,15,15,10,3,123.28
5200,1/25/2024,1,31,31,16,2,61.41
5201,9/29/2022,2,39,39,6,1,139.31
5202,9/23/2023,2,25,25,10,1,36.17
5203,12/7/2023,2,7,7,15,2,285.64
5204,10/30/2022,5,9,9,7,2,328.58
5205,3/13/2023,5,21,21,17,4,282.57
5206,2/7/2022,2,8,8,14,5,779.1
5207,3/19/2022,2,25,25,17,2,155.3
5208,12/7/2023,1,32,32,17,4,297.75
5209,9/19/2021,2,25,25,8,3,324.88
5210,1/9/2025,2,37,37,3,3,238.88
5211,12/4/2023,2,7,7,11,1,181.53
5212,4/20/2024,4,33,33,11,4,702.05
5213,7/8/2024,2,8,8,1,4,858.98
5214,5/27/2022,3,20,20,10,1,42.47
5215,6/10/2023,2,7,7,7,5,1017.24
5216,11/11/2022,5,21,21,6,2,367.7
5217,1/29/2023,5,15,15,18,2,56.27
5218,7/29/2025,5,19,19,6,3,496.33
5219,8/18/2024,5,6,6,8,2,209.99
5220,9/14/2024,2,1,1,16,5,165.21
5221,7/10/2025,2,1,1,16,2,65.18
5222,5/2/2025,2,37,37,8,3,348.72
5223,11/17/2022,5,13,13,18,4,88.72
5224,3/18/2022,2,37,37,17,3,202.11
5225,12/26/2023,2,37,37,4,1,126.2
5226,8/26/2023,2,7,7,4,2,244.54
5227,10/19/2024,5,15,15,2,4,302.02
5228,11/8/2022,2,17,17,17,2,187.75
5229,4/28/2025,2,39,39,5,1,84.09
5230,7/4/2023,2,24,24,1,5,805.09
5231,6/17/2025,4,27,27,10,1,37.35
5232,9/22/2022,3,18,18,7,5,1091.42
5233,6/18/2022,3,38,38,6,3,586.7
5234,3/30/2022,4,12,12,8,5,547.63
5235,12/19/2021,1,34,34,14,2,394.34
5236,10/26/2022,3,20,20,7,4,873.14
5237,2/28/2023,2,39,39,11,4,695.07
5238,4/10/2022,5,6,6,7,1,225.8
5239,5/20/2025,5,9,9,5,2,128.53
5240,8/16/2023,1,34,34,16,2,56.92
5241,2/27/2023,2,37,37,15,2,283.13
5242,2/23/2025,3,22,22,9,5,378.54
5243,6/21/2022,5,19,19,16,4,92.53
5244,11/22/2023,2,37,37,3,4,438.93
5245,7/6/2022,2,25,25,16,3,87.78
5246,12/7/2024,2,1,1,15,1,153.64
5247,9/8/2022,3,16,16,13,2,357.27
5248,11/17/2023,3,2,2,12,3,188.49
5249,8/11/2022,4,36,36,17,4,396.65
5250,3/5/2023,2,40,40,8,2,211.15
5251,10/19/2021,2,39,39,18,2,44.14
5252,5/27/2024,2,1,1,18,4,94.3
5253,2/15/2025,2,37,37,8,3,305.4
5254,5/14/2025,5,13,13,7,2,370.49
5255,2/7/2023,2,39,39,3,2,187.35
5256,2/24/2024,2,8,8,2,1,77.98
5257,9/3/2025,2,40,40,16,1,26.38
5258,9/20/2024,2,1,1,7,4,802.68
5259,7/6/2023,1,32,32,6,1,198.93
5260,9/11/2023,2,40,40,15,5,720.2
5261,8/25/2022,5,19,19,11,1,203.7
5262,4/9/2022,5,15,15,8,3,307.32
5263,7/15/2023,2,24,24,15,5,650.68
5264,11/30/2021,2,7,7,2,4,376.21
5265,3/3/2025,4,30,30,5,2,139.06
5266,10/29/2023,2,24,24,2,1,88.2
5267,11/2/2023,2,25,25,11,2,287.43
5268,12/4/2023,2,37,37,13,2,251.47
5269,4/16/2024,2,7,7,18,5,132.55
5270,2/6/2023,2,24,24,10,4,154.07
5271,3/28/2025,2,24,24,10,5,218.27
5272,5/2/2025,2,37,37,2,2,183.65
5273,3/14/2024,2,8,8,7,2,386.08
5274,2/25/2025,2,39,39,5,4,313.74
5275,7/29/2025,5,21,21,8,2,177.67
5276,5/28/2023,2,39,39,10,4,159.97
5277,8/24/2024,3,4,4,11,1,175.01
5278,2/11/2023,3,2,2,5,2,136.62
5279,2/26/2025,2,39,39,6,2,339.94
5280,9/29/2021,5,19,19,7,2,334.65
5281,6/26/2023,2,17,17,7,4,941.01
5282,10/19/2021,2,1,1,10,3,139.88
5283,2/14/2022,3,14,14,3,1,102.21
5284,5/7/2023,2,40,40,1,5,883.45
5285,3/30/2025,2,37,37,8,2,194.09
5286,9/6/2025,2,8,8,9,3,248.53
5287,12/21/2024,2,17,17,15,3,452
5288,6/3/2022,2,7,7,9,4,324.59
5289,5/27/2025,5,19,19,1,4,860.63
5290,4/7/2024,3,16,16,2,4,297.07
5291,8/12/2025,1,34,34,10,3,128.05
5292,4/22/2024,2,40,40,7,3,652.41
5293,3/30/2024,5,13,13,3,2,170.02
5294,12/29/2022,2,40,40,14,4,684.05
5295,2/12/2024,2,39,39,6,2,404.62
5296,12/10/2021,1,35,35,12,1,63.13
5297,4/27/2022,2,1,1,2,5,430.89
5298,4/3/2025,1,34,34,11,1,195.4
5299,10/20/2024,2,40,40,6,1,151.87
5300,10/9/2021,2,39,39,8,1,101.57
5301,2/24/2023,2,37,37,11,4,675.78
5302,1/21/2025,2,37,37,12,1,64.26
5303,1/10/2023,2,39,39,15,4,471.88
5304,10/9/2024,2,24,24,14,4,701.26
5305,2/11/2023,5,15,15,4,2,236.71
5306,3/26/2023,1,31,31,10,5,177.29
5307,9/1/2023,2,7,7,12,3,194.24
5308,6/4/2022,2,25,25,5,1,87.51
5309,1/31/2024,2,37,37,8,4,369.78
5310,6/20/2025,2,39,39,16,1,30.31
5311,2/28/2023,2,25,25,15,2,267.02
5312,10/18/2021,2,40,40,2,5,366.28
5313,1/16/2022,1,32,32,3,2,175.58
5314,11/24/2021,5,10,10,10,1,35.78
5315,8/14/2023,2,8,8,14,1,171.35
5316,9/22/2021,2,7,7,7,1,181.06
5317,6/30/2025,2,39,39,13,1,137.32
5318,3/31/2022,4,27,27,10,3,145.33
5319,4/12/2022,5,13,13,6,4,712.37
5320,8/19/2025,2,40,40,2,3,224.91
5321,9/13/2025,5,21,21,1,3,572.19
5322,4/9/2025,2,7,7,9,5,337.57
5323,10/4/2024,4,36,36,18,5,102.59
5324,1/21/2024,2,7,7,11,1,183.61
5325,8/20/2025,2,1,1,9,3,274.58
5326,1/18/2025,2,8,8,11,3,433.33
5327,7/26/2023,3,3,3,3,5,566.98
5328,5/14/2025,2,24,24,4,2,274.04
5329,5/8/2024,2,8,8,8,2,233.3
5330,3/17/2025,2,8,8,17,2,180.15
5331,3/22/2023,1,11,11,10,2,93.93
5332,2/16/2025,2,1,1,17,1,81.05
5333,3/9/2022,2,8,8,15,3,458.89
5334,10/20/2023,5,15,15,10,2,92.47
5335,5/17/2024,5,6,6,11,3,503.65
5336,11/22/2023,2,40,40,3,2,200.16
5337,9/14/2024,2,17,17,12,2,106.34
5338,8/25/2022,3,22,22,2,1,87.36
5339,6/14/2023,1,31,31,16,4,129.7
5340,4/23/2025,2,39,39,7,1,212.51
5341,2/16/2022,5,6,6,15,2,276.22
5342,11/17/2022,5,19,19,9,1,64.88
5343,2/22/2025,5,10,10,1,4,665.17
5344,2/16/2023,3,38,38,14,1,144.56
5345,4/20/2024,2,17,17,18,1,25.32
5346,2/2/2024,5,15,15,10,2,70.99
5347,11/27/2024,2,40,40,14,4,860.62
5348,9/1/2024,2,24,24,6,1,168.06
5349,4/22/2025,2,8,8,12,4,260.97
5350,2/11/2022,2,8,8,5,5,312.95
5351,10/22/2022,2,39,39,5,4,283.59
5352,11/27/2022,2,37,37,1,2,346.41
5353,10/26/2023,5,19,19,15,2,302.11
5354,12/6/2023,2,25,25,2,5,439.86
5355,8/31/2023,1,35,35,12,2,99.56
5356,10/28/2023,3,14,14,10,4,208.59
5357,3/15/2023,2,1,1,10,5,241.08
5358,4/19/2022,2,7,7,1,1,170.53
5359,11/15/2023,2,8,8,5,5,415.84
5360,6/20/2024,2,8,8,11,2,385.14
5361,1/4/2025,3,2,2,7,3,632.65
5362,5/11/2023,2,40,40,6,4,796.34
5363,9/4/2022,2,39,39,1,1,217.36
5364,6/25/2022,2,40,40,7,5,909.92
5365,5/9/2025,2,39,39,10,5,197.79
5366,10/28/2022,5,15,15,8,5,398.26
5367,9/12/2022,2,8,8,13,2,273.12
5368,10/19/2024,2,37,37,12,2,111.65
5369,3/30/2022,2,25,25,4,4,523.45
5370,12/2/2023,5,19,19,14,2,396
5371,2/6/2022,5,19,19,10,1,48.49
5372,12/31/2022,5,9,9,6,3,437.65
5373,6/4/2023,4,27,27,14,1,187.23
5374,10/5/2024,2,39,39,12,5,255.34
5375,10/14/2024,2,24,24,1,1,177.71
5376,12/24/2023,2,37,37,13,2,279.79
5377,10/21/2022,2,24,24,9,5,423.31
5378,6/16/2023,5,10,10,8,3,313.93
5379,2/26/2024,2,37,37,10,4,198.35
5380,8/5/2022,2,1,1,6,5,781.49
5381,4/24/2023,2,17,17,16,3,92.52
5382,11/20/2021,5,15,15,4,2,267.66
5383,8/20/2024,2,37,37,6,2,301.87
5384,11/14/2024,2,7,7,1,5,1073.74
5385,12/1/2023,2,17,17,2,3,297.96
5386,8/26/2023,3,20,20,17,1,86.96
5387,4/5/2024,2,40,40,12,5,266.19
5388,4/1/2024,2,39,39,18,3,87.9
5389,9/17/2022,2,40,40,9,3,218.11
5390,2/10/2022,1,11,11,2,1,89.95
5391,5/8/2022,2,17,17,13,1,127.08
5392,5/4/2025,2,8,8,6,4,660.73
5393,11/30/2024,2,39,39,6,4,737.13
5394,6/10/2022,5,15,15,11,5,1002.86
5395,12/2/2024,5,15,15,4,2,249.92
5396,2/12/2022,2,17,17,13,1,162.67
5397,5/20/2023,2,7,7,6,2,411.19
5398,5/11/2023,1,32,32,15,1,144.94
5399,10/25/2022,2,40,40,18,1,23.15
5400,9/20/2022,2,1,1,2,3,200.16
5401,5/14/2022,2,8,8,10,2,85.21
5402,6/23/2025,5,19,19,10,3,120.11
5403,1/31/2023,5,9,9,4,2,255.06
5404,2/23/2023,3,2,2,13,3,463.51
5405,6/2/2024,2,7,7,14,3,521.47
5406,3/29/2023,2,40,40,1,4,819.18
5407,5/22/2025,2,39,39,17,5,370.3
5408,7/4/2025,2,37,37,9,2,145.73
5409,7/15/2024,2,25,25,6,4,677.25
5410,11/19/2023,2,7,7,13,4,544.44
5411,7/9/2023,5,6,6,10,3,129.17
5412,7/8/2022,2,40,40,14,1,147.8
5413,2/27/2025,3,18,18,11,2,366.76
5414,1/1/2022,3,2,2,16,3,88.72
5415,3/17/2025,5,15,15,13,2,253.75
5416,1/27/2022,2,39,39,2,3,270.3
5417,3/21/2022,2,7,7,4,3,436.48
5418,11/24/2022,5,21,21,4,4,532.9
5419,6/11/2024,2,40,40,12,3,152.83
5420,3/27/2025,2,17,17,17,1,69.3
5421,11/25/2023,2,39,39,18,5,137.92
5422,5/19/2022,2,1,1,14,4,748.97
5423,7/20/2023,2,40,40,18,4,110.84
5424,6/24/2023,5,6,6,1,3,462.29
5425,4/28/2022,2,17,17,1,3,611.25
5426,5/6/2023,2,24,24,1,1,153.94
5427,12/18/2022,2,39,39,12,4,198
5428,10/18/2022,2,8,8,17,4,298.64
5429,4/14/2024,5,15,15,11,4,566.96
5430,8/14/2025,2,7,7,14,1,205.22
5431,5/7/2023,5,19,19,16,3,68.35
5432,7/15/2025,2,8,8,16,4,93.93
5433,10/28/2024,2,8,8,17,1,84.83
5434,5/5/2023,2,37,37,4,3,349.69
5435,3/4/2023,2,25,25,17,5,501.27
5436,1/22/2024,2,8,8,5,4,350.44
5437,4/6/2022,2,40,40,9,2,130.29
5438,6/27/2025,2,40,40,6,1,186.35
5439,2/27/2023,2,8,8,15,2,230.75
5440,11/24/2024,3,28,28,1,3,589.48
5441,4/11/2025,5,6,6,1,4,840.61
5442,11/3/2024,1,32,32,7,5,861.14
5443,10/10/2023,2,8,8,6,5,700.37
5444,8/1/2024,5,15,15,1,1,185.68
5445,1/21/2023,1,34,34,17,4,401.46
5446,5/14/2025,2,8,8,9,2,170.39
5447,10/10/2024,2,25,25,5,5,347.96
5448,5/2/2022,2,39,39,3,2,186.86
5449,11/2/2022,5,21,21,16,5,148.49
5450,7/2/2022,2,17,17,12,2,115.72
5451,12/16/2024,2,1,1,14,2,373.52
5452,3/29/2023,4,36,36,4,4,485.72
5453,10/19/2021,5,6,6,18,4,87.76
5454,9/18/2024,2,40,40,2,4,303.41
5455,12/8/2024,5,19,19,3,1,105.4
5456,3/27/2024,3,3,3,12,1,66.5
5457,2/7/2022,2,24,24,7,2,480.34
5458,4/4/2025,1,11,11,12,1,62.68
5459,12/26/2024,2,39,39,1,5,882.69
5460,4/7/2023,2,7,7,17,5,338.14
5461,2/1/2024,5,21,21,2,3,228.23
5462,3/18/2025,5,21,21,10,4,148.87
5463,9/3/2022,2,39,39,17,5,380.28
5464,3/16/2023,2,25,25,18,2,51.17
5465,9/20/2021,2,39,39,12,1,54.95
5466,1/17/2024,2,1,1,12,1,61.67
5467,5/16/2022,1,32,32,9,3,278.57
5468,6/24/2024,1,35,35,12,3,150.35
5469,5/22/2025,2,7,7,5,1,68.82
5470,5/15/2025,2,1,1,9,1,86.43
5471,9/12/2023,1,34,34,6,3,497.11
5472,1/9/2023,2,24,24,15,2,229.47
5473,4/20/2024,3,3,3,4,2,295.54
5474,12/26/2022,3,5,5,18,3,81.91
5475,4/12/2025,2,8,8,1,1,183.5
5476,10/19/2021,2,40,40,6,4,616.59
5477,4/4/2024,2,7,7,11,1,181.31
5478,5/29/2025,2,7,7,6,4,774.18
5479,6/11/2025,5,6,6,7,2,358.8
5480,11/4/2023,2,7,7,3,4,327.4
5481,4/21/2025,2,25,25,4,3,478.52
5482,6/13/2025,2,24,24,17,5,404.55
5483,7/10/2022,4,33,33,9,2,134.01
5484,8/25/2024,2,17,17,16,2,53.71
5485,12/18/2021,2,39,39,1,3,509.09
5486,1/29/2023,2,8,8,6,2,323.53
5487,3/20/2023,3,16,16,9,4,351.58
5488,2/11/2025,2,8,8,7,1,178.69
5489,7/23/2025,2,1,1,4,1,127.95
5490,7/20/2023,2,1,1,5,1,64.32
5491,5/29/2023,5,9,9,5,2,132.19
5492,8/8/2023,2,40,40,5,5,299.67
5493,7/23/2022,2,39,39,9,1,70.64
5494,11/28/2023,2,7,7,4,3,471.6
5495,3/21/2023,2,7,7,1,4,750.85
5496,2/26/2022,5,15,15,9,5,348.99
5497,10/4/2024,2,17,17,10,1,42.51
5498,4/17/2025,2,7,7,1,4,764.68
5499,4/26/2023,2,7,7,12,3,214.65
5500,9/20/2024,2,37,37,1,2,412.3
5501,11/1/2021,2,37,37,9,5,416.72
5502,8/16/2024,4,29,29,17,3,256.02
5503,8/27/2022,3,16,16,13,4,716.72
5504,9/22/2023,2,37,37,17,4,316.66
5505,4/5/2022,2,7,7,12,1,61.58
5506,7/15/2023,3,38,38,5,3,204.89
5507,8/18/2025,2,24,24,9,3,197.33
5508,9/14/2024,2,40,40,14,2,352.52
5509,8/26/2023,1,34,34,14,2,321.84
5510,12/8/2022,5,10,10,5,2,166.79
5511,8/15/2024,2,7,7,11,4,715.96
5512,9/8/2022,2,25,25,18,5,105.63
5513,7/19/2024,3,4,4,12,5,314.17
5514,6/22/2022,2,25,25,11,3,519.18
5515,9/7/2024,2,17,17,9,2,152.39
5516,12/23/2021,2,1,1,13,2,345.01
5517,10/8/2023,2,8,8,9,4,346.25
5518,3/14/2022,2,39,39,7,5,1017.3
5519,8/27/2023,2,37,37,16,1,28.35
5520,10/19/2022,2,8,8,14,5,781.27
5521,10/29/2022,2,40,40,11,3,516.02
5522,12/24/2021,2,17,17,1,2,417.9
5523,10/11/2021,1,11,11,9,3,280.97
5524,10/6/2024,2,24,24,16,3,99.53
5525,11/4/2024,5,9,9,9,2,180.3
5526,8/24/2025,2,24,24,1,3,561.14
5527,3/9/2024,2,8,8,7,3,691.74
5528,6/5/2024,5,6,6,6,3,511.43
5529,12/10/2021,1,11,11,10,2,92.43
5530,11/14/2021,5,10,10,13,3,494.16
5531,8/11/2022,2,37,37,1,3,598.46
5532,11/23/2024,5,10,10,6,3,589.19
5533,3/10/2025,5,19,19,10,2,81.72
5534,10/11/2022,5,15,15,4,2,313.23
5535,2/8/2025,2,7,7,18,3,81.99
5536,9/18/2023,5,9,9,10,3,155.21
5537,12/31/2024,1,35,35,10,5,177.64
5538,11/23/2024,2,7,7,11,1,161.28
5539,5/14/2025,5,13,13,10,4,166.13
5540,4/11/2024,1,31,31,12,4,269.16
5541,7/17/2024,2,7,7,1,5,924.51
5542,1/13/2025,2,1,1,14,4,754.62
5543,4/11/2024,4,30,30,10,4,186.94
5544,4/22/2023,2,40,40,15,2,298.3
5545,1/22/2024,4,30,30,14,1,180.76
5546,11/17/2022,3,4,4,6,1,159.83
5547,12/2/2023,2,8,8,14,5,980.23
5548,9/30/2024,2,37,37,15,4,474.58
5549,4/7/2024,2,37,37,14,2,326.98
5550,8/11/2025,5,10,10,13,2,360.37
5551,7/18/2023,5,15,15,7,5,872.86
5552,9/5/2025,2,24,24,15,4,535.13
5553,8/2/2023,5,21,21,3,4,447.44
5554,9/14/2024,2,40,40,15,4,607.71
5555,1/17/2023,2,17,17,6,5,900.23
5556,1/17/2022,4,29,29,2,5,335.12
5557,5/31/2023,3,14,14,17,2,154.15
5558,7/15/2023,2,1,1,2,2,169.42
5559,8/8/2024,2,7,7,6,5,799.09
5560,7/11/2023,2,25,25,4,3,378.73
5561,11/27/2022,2,8,8,3,3,279.76
5562,7/23/2023,2,39,39,11,2,330.76
5563,7/31/2025,2,17,17,6,3,598.35
5564,12/22/2023,2,37,37,16,5,149.44
5565,5/13/2025,2,24,24,18,4,107.69
5566,12/19/2021,2,40,40,4,2,325.21
5567,1/7/2022,2,40,40,13,4,614.84
5568,12/28/2023,5,19,19,10,1,39.73
5569,8/30/2023,2,1,1,5,3,245.19
5570,5/30/2025,2,24,24,5,2,121.54
5571,7/7/2025,5,13,13,18,3,78.5
5572,12/10/2024,2,39,39,15,5,723.85
5573,2/10/2025,2,17,17,9,4,346.25
5574,6/23/2022,2,1,1,4,3,431.06
5575,12/2/2021,5,6,6,10,1,39.04
5576,10/13/2024,5,15,15,11,4,641.73
5577,7/23/2024,1,11,11,7,3,640.97
5578,11/16/2022,2,8,8,8,5,419.14
5579,6/27/2024,2,25,25,16,5,118.35
5580,10/30/2021,2,24,24,2,1,93.56
5581,10/18/2021,2,1,1,14,2,339.9
5582,2/13/2023,5,9,9,7,2,379.2
5583,12/2/2023,5,13,13,1,3,651.58
5584,6/17/2023,2,8,8,12,1,50.45
5585,5/11/2024,1,35,35,9,5,370.66
5586,2/8/2024,5,13,13,14,1,181.33
5587,2/1/2022,3,2,2,1,5,1101.69
5588,8/2/2022,4,30,30,6,4,663.98
5589,10/30/2021,5,10,10,16,1,25.79
5590,8/16/2024,1,35,35,12,5,326.52
5591,9/5/2022,5,15,15,2,5,433.92
5592,1/13/2023,2,37,37,4,5,650.82
5593,4/27/2023,2,25,25,7,3,637.34
5594,9/19/2023,2,1,1,16,1,24.68
5595,6/12/2024,2,25,25,11,4,644.64
5596,9/25/2021,2,1,1,11,5,866.51
5597,10/30/2021,2,17,17,9,3,268.33
5598,6/20/2023,2,37,37,6,3,612.11
5599,7/22/2022,1,11,11,6,3,495.83
5600,4/13/2025,1,32,32,14,3,501.69
5601,3/25/2025,2,40,40,11,3,509.56
5602,5/26/2024,5,15,15,17,2,168.24
5603,5/18/2023,2,25,25,15,1,108.34
5604,12/19/2021,2,39,39,10,3,116.47
5605,7/27/2022,2,8,8,18,1,21.19
5606,7/9/2022,1,35,35,15,3,422.22
5607,8/25/2023,2,40,40,6,4,736.86
5608,7/24/2025,2,37,37,9,2,180.54
5609,2/24/2024,2,39,39,13,2,273.11
5610,8/10/2023,5,19,19,8,2,213.68
5611,1/11/2024,2,1,1,9,3,259
5612,5/7/2025,2,17,17,1,2,372.75
5613,2/5/2024,2,40,40,14,3,482.86
5614,7/20/2024,2,40,40,11,3,555.01
5615,2/28/2025,2,8,8,7,4,650.75
5616,12/13/2024,2,25,25,11,3,458.91
5617,12/24/2022,4,23,23,2,2,186.72
5618,3/15/2025,2,40,40,3,2,205.59
5619,4/29/2023,3,18,18,18,2,58.48
5620,7/25/2025,2,7,7,12,4,258.86
5621,9/18/2021,2,25,25,14,4,585.47
5622,6/25/2024,2,24,24,17,2,178.64
5623,6/23/2023,2,40,40,8,4,430.05
5624,6/15/2023,2,1,1,8,5,432.76
5625,9/8/2023,2,1,1,12,4,229.08
5626,8/29/2024,2,25,25,8,5,473.98
5627,4/25/2025,2,37,37,12,1,71.32
5628,9/5/2023,2,1,1,16,3,74.51
5629,6/2/2023,2,1,1,15,3,455.82
5630,2/5/2025,2,37,37,18,4,98.05
5631,1/13/2024,3,28,28,8,4,456.32
5632,6/16/2024,1,31,31,14,5,813.86
5633,8/30/2022,4,30,30,6,4,641.02
5634,6/23/2023,5,9,9,6,5,838.66
5635,11/17/2021,2,24,24,18,2,41.68
5636,9/29/2023,3,18,18,18,5,147.33
5637,4/8/2023,2,39,39,3,1,88.07
5638,2/2/2023,3,2,2,1,5,1088.38
5639,11/10/2021,2,25,25,9,5,328.88
5640,1/12/2023,2,1,1,14,1,179.23
5641,3/19/2022,2,40,40,18,3,88.4
5642,1/1/2023,2,37,37,3,1,81.21
5643,4/30/2022,2,1,1,10,3,149.48
5644,10/25/2023,5,9,9,9,5,385.19
5645,12/25/2021,2,40,40,6,2,305.96
5646,7/11/2023,2,39,39,8,3,341.32
5647,9/1/2022,3,22,22,6,4,763.69
5648,10/22/2024,3,18,18,14,2,288.97
5649,2/29/2024,2,37,37,1,3,563.14
5650,12/16/2021,2,25,25,6,4,678.49
5651,1/28/2025,1,34,34,3,3,284.77
5652,12/13/2022,1,32,32,12,5,333.25
5653,10/30/2024,5,9,9,8,4,422.25
5654,1/6/2024,2,1,1,18,4,110.89
5655,10/17/2023,2,17,17,3,5,487.53
5656,6/24/2023,5,13,13,10,2,78.54
5657,12/11/2024,5,19,19,11,1,160.07
5658,2/27/2023,4,36,36,9,3,196.81
5659,1/12/2025,5,6,6,11,4,574.13
5660,1/16/2024,2,37,37,6,5,736.63
5661,3/2/2022,5,6,6,14,3,450.28
5662,12/25/2022,2,25,25,13,4,638.54
5663,5/18/2024,2,40,40,1,5,846.5
5664,10/17/2024,1,31,31,12,1,57.08
5665,8/11/2024,2,25,25,2,5,447.01
5666,9/21/2024,3,22,22,11,1,196.82
5667,1/24/2022,2,40,40,7,4,653.27
5668,1/12/2024,2,40,40,16,1,33.17
5669,2/14/2022,5,9,9,17,1,80.58
5670,8/7/2024,2,25,25,17,1,93.11
5671,4/27/2024,2,7,7,4,2,312.08
5672,4/11/2023,2,1,1,8,5,456.59
5673,1/18/2025,5,19,19,5,2,136.67
5674,1/29/2023,2,40,40,15,5,780.06
5675,7/12/2023,5,10,10,5,2,171.95
5676,2/12/2022,2,1,1,13,2,251.77
5677,8/2/2025,5,19,19,10,5,218.99
5678,3/7/2022,5,10,10,4,5,752.6
5679,5/6/2023,4,30,30,15,4,542.8
5680,1/27/2024,2,24,24,6,2,383.71
5681,1/4/2022,2,39,39,11,4,623.68
5682,11/8/2024,5,13,13,14,4,813.27
5683,5/11/2024,3,18,18,1,2,346.16
5684,3/23/2025,2,37,37,13,4,501.18
5685,5/19/2023,5,19,19,10,1,47.58
5686,4/18/2023,4,30,30,12,1,55.93
5687,10/28/2024,2,1,1,4,2,257.5
5688,12/30/2024,2,7,7,8,1,92.67
5689,4/20/2024,3,22,22,13,5,754.7
5690,5/16/2025,2,39,39,17,3,295.45
5691,3/17/2023,2,40,40,10,2,96.65
5692,1/9/2025,2,1,1,7,1,196.33
5693,9/3/2024,2,40,40,13,1,174.53
5694,7/22/2022,5,9,9,7,5,827.93
5695,5/18/2024,2,40,40,2,4,297.77
5696,8/9/2022,1,35,35,17,3,292.75
5697,2/24/2022,2,25,25,4,1,154.28
5698,11/23/2023,5,10,10,12,5,263.26
5699,1/5/2025,3,14,14,14,1,207.08
5700,3/18/2024,4,12,12,17,5,437.43
5701,12/7/2021,1,31,31,13,1,178.3
5702,4/21/2022,2,7,7,18,4,82.27
5703,4/28/2025,2,8,8,18,4,87.48
5704,10/9/2023,1,32,32,18,2,44.94
5705,7/31/2023,4,12,12,12,3,168.89
5706,10/2/2024,5,9,9,4,4,493.68
5707,6/18/2022,1,35,35,6,1,199.72
5708,7/16/2023,2,40,40,1,2,308.78
5709,8/23/2025,3,26,26,11,2,393.76
5710,6/3/2023,2,37,37,1,2,375.52
5711,1/17/2022,2,25,25,2,1,96.76
5712,10/22/2022,4,30,30,7,4,648.28
5713,10/23/2022,2,25,25,6,3,419.41
5714,1/2/2023,5,19,19,16,1,31.58
5715,12/9/2023,2,40,40,4,3,372.7
5716,10/1/2022,2,1,1,14,1,203.15
5717,3/3/2023,2,8,8,16,2,55.85
5718,9/27/2022,2,25,25,15,1,140.02
5719,7/26/2024,5,6,6,12,1,67.72
5720,7/11/2024,4,27,27,12,4,264.23
5721,3/29/2024,2,17,17,11,2,399.08
5722,4/7/2022,2,24,24,18,1,28.43
5723,5/19/2024,2,17,17,3,5,420.91
5724,12/15/2022,4,27,27,14,4,780.16
5725,5/19/2024,2,25,25,1,3,560.98
5726,8/31/2025,2,1,1,9,2,140.41
5727,8/22/2024,5,6,6,5,1,62.18
5728,5/7/2023,2,7,7,7,1,206.55
5729,10/2/2022,2,17,17,2,1,76.53
5730,4/9/2024,2,40,40,18,3,78.35
5731,4/4/2025,2,17,17,15,4,541.3
5732,2/4/2024,2,40,40,1,5,921.88
5733,3/24/2025,2,24,24,1,1,211.93
5734,1/16/2023,5,6,6,18,1,28.85
5735,10/27/2022,3,5,5,3,5,535.57
5736,1/24/2023,2,40,40,2,4,297.31
5737,5/9/2022,2,25,25,16,4,133.84
5738,3/11/2023,1,31,31,3,3,304.63
5739,11/22/2023,4,33,33,12,4,275.44
5740,5/4/2024,2,40,40,16,4,116.7
5741,8/26/2024,2,39,39,8,5,453.32
5742,12/23/2023,2,37,37,13,4,512.68
5743,12/1/2022,2,17,17,1,4,750.51
5744,12/18/2022,2,24,24,10,3,120.16
5745,11/10/2022,2,8,8,17,4,301.5
5746,6/10/2025,2,17,17,10,1,47.31
5747,10/12/2023,2,7,7,5,5,387.18
5748,10/25/2022,4,23,23,16,5,118.74
5749,1/2/2023,5,10,10,16,1,33.13
5750,7/5/2023,3,4,4,6,4,576.15
5751,4/2/2023,2,17,17,1,4,699.33
5752,3/15/2025,2,8,8,18,1,22.83
5753,1/20/2023,3,5,5,16,4,121.4
5754,9/29/2021,5,15,15,15,3,385.97
5755,2/14/2022,2,39,39,18,1,28.27
5756,7/24/2025,2,17,17,2,1,75.27
5757,12/20/2024,2,8,8,16,5,154.91
5758,12/16/2021,5,6,6,3,3,351.13
5759,6/29/2023,3,3,3,13,3,457.06
5760,1/7/2024,2,24,24,11,2,313.48
5761,2/18/2025,2,25,25,10,5,238.36
5762,3/14/2024,2,8,8,16,1,28.24
5763,3/9/2025,5,21,21,13,2,295.9
5764,8/28/2023,1,11,11,18,3,65.19
5765,5/11/2025,5,13,13,14,4,768.08
5766,4/30/2025,2,25,25,6,5,1012.92
5767,9/12/2024,2,40,40,13,5,768.77
5768,1/13/2023,2,24,24,10,3,105.66
5769,12/31/2021,2,40,40,6,1,161.87
5770,3/2/2023,5,6,6,5,3,246.48
5771,4/18/2025,4,27,27,15,3,354.26
5772,6/20/2022,5,15,15,11,2,357.91
5773,9/12/2023,5,15,15,16,1,30.25
5774,11/24/2024,1,35,35,13,4,623.8
5775,10/1/2023,2,37,37,14,4,663.49
5776,12/23/2021,2,39,39,6,5,869.51
5777,2/1/2024,5,9,9,2,5,441.79
5778,3/25/2025,5,21,21,15,1,112.35
5779,6/9/2025,1,11,11,11,3,472.59
5780,11/26/2023,1,35,35,3,4,409.51
5781,6/3/2023,2,17,17,2,2,148.48
5782,2/23/2022,2,37,37,2,3,297.32
5783,12/8/2021,5,6,6,12,2,135.17
5784,2/6/2025,2,40,40,7,3,677.23
5785,4/10/2022,4,30,30,14,1,159.49
5786,7/9/2025,5,15,15,6,1,147.76
5787,10/27/2023,1,34,34,11,5,954.99
5788,9/14/2025,2,24,24,17,1,82.9
5789,5/15/2023,2,39,39,14,3,484.47
5790,6/6/2023,2,40,40,10,4,141.41
5791,10/15/2021,2,17,17,13,4,606.73
5792,8/26/2025,2,40,40,1,5,1049.86
5793,7/31/2025,2,24,24,15,3,382.74
5794,11/28/2021,2,17,17,18,4,112.77
5795,2/25/2024,2,24,24,4,3,355.13
5796,8/8/2022,5,19,19,9,1,69.45
5797,4/11/2022,2,7,7,2,1,77.18
5798,4/5/2023,2,40,40,4,4,479.44
5799,3/26/2024,2,24,24,14,1,176.31
5800,5/30/2024,2,1,1,2,5,398.45
5801,11/28/2024,3,3,3,13,5,819.88
5802,5/16/2024,5,10,10,18,2,49.86
5803,12/5/2021,5,21,21,8,4,461.6
5804,6/9/2023,2,8,8,7,2,376.66
5805,2/22/2025,2,39,39,4,3,338.76
5806,9/12/2025,2,7,7,10,4,168.63
5807,12/27/2021,2,40,40,15,3,363.47
5808,3/10/2025,2,8,8,12,1,63.42
5809,11/25/2024,3,4,4,2,3,276.26
5810,8/25/2025,4,29,29,7,3,603.72
5811,3/24/2025,3,22,22,7,4,694.26
5812,8/24/2022,2,1,1,5,4,244.52
5813,3/13/2023,4,23,23,5,4,318.7
5814,12/2/2022,2,37,37,17,4,394.8
5815,3/2/2022,2,37,37,7,1,190.21
5816,1/1/2022,5,13,13,14,4,639.42
5817,12/24/2022,2,40,40,10,2,89.54
5818,5/6/2023,5,21,21,10,5,190.8
5819,11/22/2023,1,35,35,18,1,27.24
5820,5/4/2022,2,1,1,14,2,391.17
5821,1/15/2025,5,6,6,3,5,534.72
5822,12/7/2023,3,16,16,12,4,203.49
5823,11/15/2023,2,1,1,16,1,27.56
5824,3/18/2022,4,23,23,3,2,172.82
5825,11/9/2024,2,37,37,14,1,167.8
5826,4/2/2025,5,10,10,16,2,63.91
5827,11/7/2021,2,8,8,12,1,55.72
5828,10/29/2023,2,7,7,3,3,291.91
5829,1/19/2022,5,21,21,13,4,697.15
5830,10/30/2022,2,1,1,15,2,298.94
5831,3/24/2022,2,25,25,7,3,671.89
5832,12/13/2021,4,29,29,17,5,340.51
5833,7/4/2022,2,8,8,6,5,859.02
5834,11/25/2021,2,37,37,18,5,102.57
5835,11/7/2021,2,37,37,9,2,160.88
5836,6/15/2024,2,8,8,9,2,185.15
5837,6/23/2022,2,40,40,12,3,168.28
5838,5/27/2023,2,17,17,3,5,423.08
5839,10/12/2024,2,8,8,9,5,375.08
5840,7/1/2025,2,17,17,16,5,128.29
5841,6/21/2024,1,35,35,11,4,765.47
5842,6/18/2023,2,24,24,15,1,134.48
5843,3/31/2023,3,14,14,12,3,157.5
5844,1/6/2023,2,7,7,5,3,254.41
5845,9/28/2022,5,10,10,11,2,381.5
5846,6/12/2022,2,40,40,9,3,248.47
5847,11/26/2022,2,7,7,16,3,97.55
5848,9/9/2023,2,39,39,1,3,540.03
5849,6/26/2025,1,11,11,17,3,284.88
5850,3/4/2025,2,37,37,17,1,69.49
5851,10/12/2021,2,37,37,16,3,87.4
5852,11/28/2024,5,19,19,10,3,104.83
5853,10/26/2024,2,39,39,10,4,148.48
5854,4/3/2024,2,37,37,6,3,417.08
5855,12/19/2022,5,15,15,18,3,70.65
5856,4/2/2024,2,37,37,2,5,496.05
5857,11/14/2022,2,8,8,7,2,433.48
5858,10/13/2022,2,24,24,2,1,96.19
5859,4/27/2022,2,17,17,3,3,271.46
5860,7/8/2025,5,21,21,13,3,372.57
5861,3/22/2024,5,15,15,7,5,1018.7
5862,8/19/2023,3,20,20,16,2,55.75
5863,12/9/2024,2,17,17,9,3,205.17
5864,5/25/2024,2,37,37,8,5,443.57
5865,4/28/2024,2,37,37,17,5,424.99
5866,9/22/2023,2,40,40,13,4,730.78
5867,8/7/2023,1,31,31,10,3,146.22
5868,6/29/2023,2,40,40,14,5,1067.04
5869,3/12/2022,2,17,17,14,4,842.13
5870,1/18/2025,2,8,8,1,2,363.61
5871,8/28/2025,2,8,8,14,4,793.52
5872,5/18/2022,2,25,25,12,2,113.34
5873,6/9/2025,5,19,19,5,4,311.49
5874,5/25/2022,5,6,6,14,3,635.37
5875,12/7/2024,2,37,37,3,1,105.77
5876,1/3/2025,2,7,7,17,5,499.61
5877,5/6/2022,2,39,39,16,5,117.19
5878,2/1/2023,5,21,21,1,5,862.67
5879,4/30/2024,2,8,8,6,3,560.92
5880,5/10/2022,2,25,25,12,2,122.26
5881,6/30/2024,5,21,21,17,4,373.3
5882,4/29/2022,3,5,5,2,4,347.33
5883,12/17/2021,2,1,1,16,4,99.97
5884,2/19/2022,2,1,1,9,2,140.78
5885,3/24/2023,2,40,40,11,2,400.25
5886,12/30/2023,2,24,24,10,5,204.25
5887,9/18/2021,2,25,25,11,2,373.05
5888,1/21/2025,2,17,17,3,5,517.59
5889,10/1/2024,1,11,11,17,1,86.41
5890,12/15/2023,2,25,25,2,4,268.59
5891,12/3/2024,2,39,39,10,1,39.57
5892,10/5/2021,2,39,39,1,5,970.28
5893,11/17/2023,2,17,17,2,3,295.14
5894,4/2/2024,2,25,25,15,4,582.11
5895,8/14/2024,2,39,39,6,1,138.94
5896,9/20/2021,2,25,25,16,2,66.64
5897,1/25/2024,3,16,16,8,4,376.33
5898,5/27/2022,5,19,19,12,1,57.66
5899,7/25/2022,5,10,10,3,2,198.62
5900,9/22/2023,5,10,10,12,2,113.43
5901,2/13/2025,2,8,8,10,5,258.13
5902,5/27/2025,5,15,15,8,4,460.79
5903,10/12/2023,2,39,39,3,4,402.74
5904,8/6/2024,5,19,19,14,3,443.04
5905,1/27/2023,2,8,8,2,3,228.92
5906,9/22/2023,5,15,15,16,2,57.53
5907,8/24/2022,5,13,13,16,5,134.93
5908,7/7/2025,1,35,35,9,4,366.12
5909,4/21/2022,2,1,1,10,1,36.2
5910,11/18/2023,2,39,39,1,5,1046.66
5911,9/27/2023,3,3,3,18,1,28.03
5912,12/19/2024,1,32,32,3,4,327.11
5913,1/17/2025,2,25,25,5,5,369.48
5914,9/26/2022,2,1,1,16,3,95.49
5915,5/1/2023,3,5,5,1,1,216.03
5916,8/11/2022,5,10,10,2,2,152.35
5917,4/28/2022,2,1,1,17,4,357.48
5918,5/13/2022,5,13,13,7,5,1085.24
5919,7/6/2024,2,8,8,1,2,374.93
5920,9/25/2023,2,24,24,8,3,247
5921,5/21/2025,2,17,17,9,4,272.29
5922,1/11/2022,2,40,40,6,2,323.51
5923,1/7/2023,1,35,35,9,4,312.76
5924,10/5/2024,2,8,8,17,2,144.23
5925,5/16/2025,5,19,19,4,4,475.07
5926,7/13/2023,2,39,39,7,2,410.66
5927,12/21/2023,5,19,19,3,5,550.8
5928,6/7/2025,2,25,25,6,5,775.36
5929,3/22/2023,2,17,17,6,2,278.9
5930,2/10/2025,2,39,39,16,2,58.76
5931,7/10/2024,2,1,1,2,5,337.74
5932,4/26/2024,3,18,18,13,3,474.05
5933,12/22/2022,5,21,21,14,3,636.08
5934,1/5/2025,2,37,37,6,1,143.42
5935,10/21/2021,1,34,34,13,5,912.49
5936,5/1/2023,2,39,39,5,1,76.73
5937,1/19/2025,2,37,37,8,2,172.48
5938,6/3/2025,5,6,6,5,5,425.3
5939,6/1/2024,2,24,24,11,5,790.88
5940,8/15/2022,2,7,7,8,1,82.55
5941,11/3/2023,5,21,21,13,5,793.59
5942,7/29/2023,2,8,8,7,4,704.7
5943,11/20/2023,2,40,40,7,4,713.32
5944,9/17/2021,2,7,7,9,2,136.48
5945,8/30/2022,2,25,25,13,3,417.23
5946,5/30/2025,2,24,24,18,4,85.79
5947,3/13/2024,2,37,37,8,4,379.48
5948,11/2/2022,2,17,17,1,3,484.36
5949,5/9/2023,2,8,8,12,5,333.59
5950,4/29/2023,2,17,17,13,4,718.82
5951,10/7/2022,2,39,39,4,4,532.78
5952,9/23/2022,2,40,40,1,3,480.08
5953,2/8/2023,1,32,32,2,4,357.41
5954,10/28/2024,5,13,13,10,1,45.71
5955,5/5/2024,5,19,19,5,1,76.26
5956,8/18/2024,2,40,40,7,4,826.32
5957,8/18/2024,2,25,25,17,4,352.04
5958,10/11/2023,5,10,10,2,4,307.47
5959,6/28/2023,4,27,27,16,1,31.72
5960,12/3/2022,2,25,25,17,5,351.23
5961,8/19/2025,3,4,4,16,3,99.17
5962,1/2/2025,5,9,9,8,5,497.91
5963,11/5/2021,2,39,39,11,3,475.08
5964,10/20/2022,3,38,38,8,1,84.35
5965,12/24/2023,3,14,14,2,5,447.48
5966,5/7/2023,2,37,37,15,5,655.65
5967,7/6/2024,2,24,24,9,4,327.69
5968,11/15/2023,3,16,16,16,1,30.95
5969,11/16/2022,5,19,19,17,3,255.44
5970,5/29/2024,2,39,39,3,2,188.01
5971,4/8/2022,4,12,12,15,3,405.45
5972,12/8/2024,5,10,10,4,2,304.06
5973,10/14/2021,2,8,8,16,5,128.45
5974,2/2/2023,2,25,25,17,5,484.55
5975,2/7/2025,2,17,17,14,4,838.88
5976,7/12/2023,5,6,6,15,4,570.01
5977,1/27/2023,2,8,8,8,2,190.67
5978,8/14/2022,2,39,39,9,5,340.15
5979,6/28/2024,1,34,34,2,5,430.7
5980,11/20/2022,5,6,6,13,2,291.7
5981,1/23/2025,5,13,13,4,3,471.9
5982,3/1/2024,2,1,1,4,5,774.8
5983,10/4/2021,2,17,17,17,4,296.63
5984,4/9/2023,2,37,37,11,5,838.86
5985,8/25/2025,2,37,37,18,1,21.21
5986,5/22/2022,2,1,1,5,2,168.62
5987,11/22/2022,5,9,9,4,1,141.37
5988,10/2/2021,3,18,18,3,2,197.42
5989,12/23/2024,4,27,27,10,4,176.53
5990,3/1/2024,2,1,1,12,3,175.15
5991,9/12/2022,2,25,25,2,4,369.17
5992,2/15/2024,2,24,24,12,5,275.18
5993,7/18/2024,2,40,40,12,2,109.03
5994,12/20/2023,2,40,40,5,5,306.9
5995,9/14/2024,2,39,39,6,5,915
5996,3/23/2023,2,40,40,11,3,446.52
5997,8/18/2025,5,9,9,13,1,142.29
5998,11/5/2021,5,6,6,8,2,172.87
5999,6/13/2025,2,24,24,6,4,570.55
6000,11/22/2022,2,37,37,12,4,245.79
6001,12/14/2022,1,32,32,8,4,467.76
6002,7/30/2024,3,14,14,15,1,107.02
6003,2/28/2022,2,8,8,16,3,99.11
6004,5/25/2024,2,1,1,18,5,113.86
6005,4/12/2025,2,1,1,3,4,425.98
6006,2/5/2024,2,7,7,13,1,171.98
6007,3/12/2023,1,31,31,6,5,735.98
6008,3/21/2023,3,18,18,8,2,182.86
6009,10/14/2022,3,5,5,2,4,274.54
6010,12/20/2023,2,7,7,13,4,600.66
6011,5/13/2022,5,15,15,12,2,126.97
6012,2/17/2023,3,16,16,9,2,136.24
6013,10/24/2023,5,6,6,7,5,983.52
6014,12/6/2021,2,17,17,18,4,115.7
6015,5/23/2024,3,16,16,17,1,88.55
6016,10/29/2023,3,4,4,18,3,71.52
6017,5/6/2025,5,6,6,7,4,711.15
6018,9/30/2024,2,8,8,15,3,350.36
6019,5/6/2024,2,24,24,4,2,262.19
6020,2/7/2023,5,19,19,8,1,112.21
6021,3/8/2022,2,1,1,9,3,238.98
6022,10/23/2023,2,17,17,4,3,461.92
6023,10/24/2022,1,11,11,2,4,294.11
6024,1/23/2025,2,40,40,15,1,126.01
6025,10/26/2022,5,6,6,2,5,414.71
6026,6/8/2025,5,13,13,9,1,83.64
6027,8/29/2024,2,8,8,4,2,253.79
6028,9/9/2024,2,24,24,3,1,94.54
6029,10/13/2022,2,17,17,4,1,134.24
6030,8/20/2022,2,40,40,1,4,670.72
6031,4/13/2023,2,25,25,9,5,470.04
6032,9/18/2024,2,1,1,1,1,178.74
6033,1/12/2025,2,17,17,2,4,369.24
6034,11/7/2022,2,25,25,1,2,347.87
6035,11/27/2023,4,12,12,14,2,341.66
6036,11/20/2024,5,15,15,8,2,172.66
6037,10/4/2023,2,8,8,12,5,327.11
6038,11/17/2023,2,7,7,9,3,264.9
6039,12/27/2021,2,8,8,4,4,446.1
6040,11/21/2023,5,21,21,9,1,86.12
6041,5/14/2024,2,25,25,15,5,571.09
6042,3/18/2023,2,17,17,17,3,237.12
6043,10/12/2021,2,7,7,2,3,223.98
6044,12/19/2022,5,15,15,8,4,449.61
6045,6/13/2024,2,40,40,8,4,464
6046,8/13/2022,5,21,21,4,4,630.62
6047,8/6/2022,2,17,17,4,5,622.57
6048,4/29/2024,2,37,37,6,3,615.17
6049,1/9/2023,2,25,25,12,4,256.26
6050,7/21/2022,2,39,39,12,4,279.14
6051,11/5/2024,2,24,24,8,4,339.69
6052,7/12/2024,2,24,24,5,5,305.79
6053,4/18/2022,2,7,7,16,2,56.43
6054,2/5/2025,5,15,15,11,4,572.2
6055,7/10/2023,2,24,24,1,1,159.51
6056,4/20/2025,2,24,24,17,4,361.66
6057,2/6/2023,5,21,21,8,4,361.45
6058,7/19/2023,2,39,39,16,5,159.49
6059,12/29/2021,3,2,2,9,1,92.23
6060,11/30/2024,2,8,8,9,1,85.62
6061,1/7/2025,3,14,14,8,2,180.49
6062,8/20/2023,5,21,21,5,3,182.97
6063,12/20/2021,2,39,39,7,4,955.11
6064,2/2/2022,2,40,40,5,5,377.58
6065,1/13/2023,3,5,5,6,4,781.81
6066,10/7/2022,2,7,7,9,4,328.78
6067,9/13/2024,2,17,17,4,2,273.09
6068,10/18/2022,5,9,9,1,5,1097.09
6069,5/19/2022,2,25,25,17,5,403.1
6070,7/11/2023,5,10,10,1,3,662.8
6071,8/31/2023,2,37,37,9,1,81.43
6072,7/20/2025,5,10,10,5,2,138.06
6073,3/16/2022,2,24,24,9,4,260.71
6074,1/31/2024,1,11,11,9,4,275.02
6075,10/22/2024,5,10,10,10,2,87.39
6076,7/19/2022,5,13,13,4,3,357.29
6077,5/2/2022,5,10,10,15,4,443.73
6078,6/19/2022,2,8,8,4,5,627.46
6079,11/25/2021,5,10,10,4,1,152.13
6080,5/20/2024,2,37,37,8,4,362.25
6081,2/5/2024,2,8,8,17,5,399.27
6082,8/29/2023,2,17,17,13,2,316.87
6083,8/7/2022,1,11,11,15,1,152
6084,11/19/2023,2,8,8,17,2,176.3
6085,2/19/2025,5,15,15,17,4,363.61
6086,8/14/2024,3,16,16,12,3,147.12
6087,4/8/2023,2,40,40,9,4,350.65
6088,2/28/2024,3,4,4,15,2,277.78
6089,12/18/2024,2,17,17,16,1,26.54
6090,4/28/2025,3,28,28,9,5,400.12
6091,4/8/2024,3,20,20,10,2,81.99
6092,3/21/2022,5,13,13,9,4,343.22
6093,9/19/2021,4,27,27,3,4,380.03
6094,2/4/2025,1,35,35,18,5,104.26
6095,8/30/2023,2,17,17,2,2,169.17
6096,1/16/2024,2,1,1,17,5,429.37
6097,12/21/2023,2,39,39,5,3,265.83
6098,5/3/2024,2,40,40,5,3,243.43
6099,6/22/2025,2,1,1,17,5,348.5
6100,12/1/2024,5,15,15,14,4,773.12
6101,4/28/2022,2,1,1,4,4,506.18
6102,1/26/2022,2,39,39,2,1,71.34
6103,1/9/2022,3,3,3,7,2,414.99
6104,9/4/2022,1,34,34,14,3,519.7
6105,8/22/2022,2,37,37,13,3,414.79
6106,10/3/2024,2,1,1,14,3,529.03
6107,10/24/2024,5,6,6,3,4,333.32
6108,10/17/2021,3,14,14,5,4,342.67
6109,5/6/2025,5,13,13,3,1,84.98
6110,1/29/2025,5,19,19,14,3,596.78
6111,3/6/2023,2,17,17,12,2,113.5
6112,1/2/2024,2,24,24,14,2,422.84
6113,4/19/2024,5,13,13,18,1,21.88
6114,8/29/2025,5,9,9,6,1,177.19
6115,5/17/2025,2,17,17,8,5,403.98
6116,12/29/2021,2,37,37,6,4,757.4
6117,7/28/2022,5,19,19,18,2,49.67
6118,11/22/2024,2,40,40,17,5,457.64
6119,8/25/2024,2,39,39,17,1,77.73
6120,5/17/2025,2,24,24,12,5,318.15
6121,11/15/2023,2,8,8,7,2,328.03
6122,6/12/2022,2,24,24,17,5,395.57
6123,5/2/2025,2,8,8,12,4,250.37
6124,1/4/2025,2,39,39,6,2,397.2
6125,4/30/2025,2,1,1,11,2,291.51
6126,10/21/2022,2,17,17,14,4,863.97
6127,8/22/2022,2,24,24,1,2,420.57
6128,5/6/2025,2,24,24,18,1,24.38
6129,1/29/2023,3,22,22,9,3,263.48
6130,6/30/2023,3,5,5,8,4,469.33
6131,6/22/2024,2,1,1,5,2,129.78
6132,10/8/2022,5,15,15,10,1,35.53
6133,10/6/2024,2,40,40,5,1,84.75
6134,4/5/2023,5,9,9,18,3,77.08
6135,4/13/2022,2,39,39,1,1,163.11
6136,12/23/2023,5,6,6,7,1,189.58
6137,11/10/2024,3,14,14,9,4,346.8
6138,1/2/2024,2,24,24,10,5,180.77
6139,11/19/2023,2,39,39,6,4,649.53
6140,9/6/2024,2,1,1,4,4,652.02
6141,6/13/2022,1,31,31,4,2,310.75
6142,2/7/2022,2,40,40,14,5,826.54
6143,3/13/2022,2,24,24,17,2,153.72
6144,3/4/2022,4,27,27,11,4,798.17
6145,2/6/2025,2,1,1,15,5,620.37
6146,7/18/2024,2,40,40,17,3,232.22
6147,11/3/2023,2,17,17,13,3,410.17
6148,2/18/2023,5,19,19,7,4,703.12
6149,12/25/2023,2,37,37,15,3,355.24
6150,11/1/2023,5,21,21,5,2,156.41
6151,11/7/2022,2,8,8,7,3,581.68
6152,2/28/2023,2,39,39,8,4,451.35
6153,6/2/2025,2,24,24,9,5,431.39
6154,2/21/2024,2,24,24,18,2,44.65
6155,6/7/2024,1,32,32,3,1,106.49
6156,10/22/2023,2,40,40,4,4,553.45
6157,11/10/2021,2,17,17,7,3,584.85
6158,3/9/2024,5,6,6,2,4,311.89
6159,1/29/2023,2,37,37,18,2,60.33
6160,12/7/2023,5,19,19,14,3,516.69
6161,3/9/2024,2,1,1,11,1,161.63
6162,9/22/2022,2,8,8,6,1,158.81
6163,12/17/2024,2,17,17,4,5,650.15
6164,6/28/2024,2,8,8,11,1,158.55
6165,2/15/2022,2,40,40,12,5,314.2
6166,11/16/2023,2,37,37,9,2,150.65
6167,7/17/2024,2,25,25,13,5,911.5
6168,2/27/2022,2,25,25,7,1,194.73
6169,4/15/2023,2,8,8,7,1,164.56
6170,5/3/2022,2,8,8,5,1,65.25
6171,6/3/2025,2,25,25,4,2,302.28
6172,7/7/2025,1,31,31,18,5,115.55
6173,3/17/2025,2,7,7,13,2,364.95
6174,8/29/2023,1,11,11,7,5,1063.6
6175,12/22/2024,2,17,17,9,5,328.11
6176,10/17/2021,2,8,8,6,2,359.36
6177,2/25/2025,4,12,12,2,2,179.06
6178,9/8/2025,2,7,7,8,5,587.15
6179,2/11/2022,3,22,22,8,5,488.94
6180,3/27/2023,3,14,14,3,4,366.17
6181,7/10/2022,2,37,37,12,3,207.28
6182,4/30/2022,2,40,40,8,1,81.25
6183,3/26/2023,2,39,39,8,5,507.92
6184,9/5/2023,2,1,1,1,5,771.33
6185,7/18/2024,1,34,34,16,3,84.4
6186,2/1/2024,5,13,13,9,3,262.2
6187,1/4/2022,2,37,37,6,5,751.96
6188,3/19/2023,2,39,39,7,1,164.35
6189,1/15/2025,1,32,32,17,1,80.12
6190,11/30/2023,2,24,24,17,2,151.63
6191,7/11/2025,2,1,1,7,4,798.21
6192,12/25/2021,2,40,40,11,3,592.57
6193,10/24/2021,2,1,1,7,3,498.64
6194,4/4/2025,4,33,33,16,1,31.04
6195,12/31/2022,2,1,1,16,4,115.73
6196,6/10/2025,2,7,7,1,4,796.76
6197,9/7/2024,4,30,30,14,1,184.77
6198,6/14/2025,2,1,1,6,2,299.23
6199,12/5/2023,2,1,1,9,2,184.53
6200,12/27/2021,2,8,8,17,4,355.35
6201,2/20/2024,5,13,13,18,5,150.43
6202,12/10/2022,5,21,21,1,4,758.66
6203,6/26/2022,2,25,25,7,5,1179.35
6204,6/20/2022,2,37,37,2,5,338.08
6205,1/10/2023,2,40,40,3,5,473.3
6206,4/2/2024,5,19,19,6,1,168.76
6207,2/28/2023,1,34,34,14,5,850.37
6208,6/11/2023,3,20,20,2,2,196.49
6209,9/10/2025,2,25,25,3,2,184.02
6210,2/15/2025,2,7,7,12,3,196.92
6211,6/20/2024,3,26,26,18,2,53.9
6212,6/22/2025,2,40,40,3,3,272.42
6213,3/16/2022,5,15,15,11,4,609.9
6214,6/2/2022,5,9,9,6,1,190.43
6215,3/9/2022,4,30,30,11,5,984.2
6216,12/24/2022,2,39,39,14,3,573.46
6217,12/26/2024,2,24,24,16,4,97.37
6218,8/21/2024,2,1,1,15,5,655.85
6219,11/4/2024,2,7,7,11,5,737.08
6220,1/20/2025,2,1,1,9,2,174.46
6221,11/29/2022,3,4,4,8,4,426.94
6222,1/15/2025,2,25,25,2,4,374.02
6223,4/21/2022,5,6,6,11,2,341.51
6224,10/7/2022,2,24,24,9,4,346.56
6225,3/25/2022,2,8,8,16,4,130.81
6226,12/22/2021,2,24,24,5,2,162.1
6227,5/10/2022,5,15,15,16,3,92.66
6228,12/20/2021,3,26,26,15,3,449.61
6229,4/20/2024,2,40,40,13,5,782.77
6230,7/8/2025,4,23,23,3,4,413.04
6231,5/28/2025,3,3,3,16,1,29.96
6232,12/20/2021,2,8,8,3,5,475.01
6233,2/10/2024,4,29,29,16,5,130.1
6234,1/23/2022,2,24,24,2,4,348.09
6235,10/3/2024,2,25,25,15,1,147.04
6236,5/17/2023,2,7,7,9,2,178.25
6237,10/10/2022,2,1,1,14,4,765.08
6238,7/27/2022,2,17,17,16,3,93.33
6239,1/13/2024,3,5,5,6,1,144.11
6240,4/29/2022,2,1,1,7,1,183.74
6241,9/9/2023,2,7,7,11,3,558.69
6242,7/9/2025,2,1,1,1,4,784.13
6243,3/17/2024,2,24,24,7,3,615.35
6244,12/24/2021,2,17,17,3,1,95.52
6245,12/29/2022,5,9,9,10,5,204.09
6246,4/8/2022,5,21,21,9,2,144.99
6247,12/13/2024,2,7,7,5,5,390.35
6248,11/15/2023,2,1,1,1,2,437.83
6249,10/18/2023,5,6,6,8,4,357.62
6250,4/2/2025,2,1,1,2,2,169.95
6251,12/13/2022,2,40,40,4,3,352.04
6252,10/5/2021,5,19,19,3,3,321.85
6253,4/30/2025,2,17,17,13,2,357.26
6254,5/8/2022,2,7,7,6,5,705.6
6255,3/16/2022,2,40,40,7,1,185.95
6256,9/30/2024,2,37,37,16,3,95.75
6257,4/25/2024,5,21,21,9,4,365.97
6258,3/14/2022,3,4,4,9,4,344.94
6259,6/20/2025,2,17,17,14,2,371.06
6260,7/9/2024,5,21,21,16,2,52.71
6261,11/17/2023,5,6,6,9,2,185.64
6262,9/12/2024,5,15,15,3,5,414.88
6263,4/21/2023,4,33,33,15,1,137.54
6264,12/5/2021,2,39,39,8,2,198.76
6265,7/24/2023,1,34,34,3,5,498.96
6266,2/12/2023,2,25,25,11,1,163.65
6267,7/5/2024,2,37,37,2,2,187.92
6268,12/29/2022,4,29,29,14,1,185.89
6269,8/29/2022,2,25,25,9,3,248.06
6270,8/20/2024,5,13,13,7,2,453.76
6271,9/10/2024,3,4,4,18,2,43.15
6272,12/16/2022,2,7,7,9,1,68.11
6273,10/24/2023,5,6,6,8,3,294.72
6274,5/18/2023,1,34,34,15,5,589.71
6275,7/23/2023,2,1,1,17,2,177.22
6276,4/17/2023,2,25,25,1,1,220.03
6277,11/8/2021,2,8,8,16,5,111.97
6278,11/22/2024,2,40,40,18,5,119.7
6279,7/21/2025,1,31,31,8,1,103.45
6280,5/19/2025,2,40,40,7,1,232.18
6281,4/6/2022,5,15,15,1,2,331.68
6282,1/12/2025,2,7,7,10,2,88.34
6283,4/3/2024,1,31,31,6,5,779.48
6284,2/4/2025,2,39,39,11,5,909.79
6285,12/28/2023,2,40,40,18,3,65.84
6286,5/8/2024,4,36,36,12,1,61.25
6287,5/3/2023,2,24,24,2,3,275.33
6288,8/22/2023,2,39,39,9,5,391.69
6289,5/6/2025,2,1,1,3,1,116.31
6290,5/31/2025,2,24,24,17,1,95.14
6291,12/15/2023,2,24,24,9,1,69.22
6292,3/20/2023,2,25,25,3,4,317.01
6293,12/12/2023,2,7,7,15,5,560.55
6294,5/22/2022,2,17,17,10,5,229.28
6295,5/31/2022,2,8,8,2,2,135.03
6296,9/4/2025,2,8,8,9,3,256.76
6297,8/7/2023,2,1,1,9,1,75
6298,5/22/2024,4,33,33,10,3,114.34
6299,7/27/2022,2,39,39,1,4,795.61
6300,9/1/2025,2,1,1,6,2,392.17
6301,1/18/2024,3,26,26,3,1,89.27
6302,6/28/2022,5,6,6,15,1,138.94
6303,9/29/2022,5,9,9,8,1,111.94
6304,2/22/2025,2,37,37,7,5,1174.15
6305,4/8/2022,5,6,6,17,1,92.38
6306,1/11/2025,2,7,7,10,5,185.11
6307,12/25/2021,2,25,25,8,5,570.18
6308,9/23/2021,2,7,7,2,1,67.26
6309,11/28/2021,2,40,40,15,1,147.24
6310,10/28/2021,2,8,8,15,3,421.05
6311,11/13/2022,5,21,21,2,3,214.83
6312,2/16/2023,5,21,21,1,2,302.42
6313,4/22/2023,2,39,39,17,4,290.29
6314,1/4/2025,2,39,39,3,3,309.57
6315,1/31/2024,5,10,10,16,4,104.72
6316,9/2/2024,2,39,39,3,2,194.84
6317,6/9/2024,2,24,24,5,1,64.71
6318,10/23/2023,5,13,13,16,2,60.65
6319,12/3/2023,2,25,25,14,2,299.47
6320,9/21/2022,5,19,19,7,2,417.91
6321,6/21/2025,1,34,34,18,5,128.05
6322,2/15/2023,2,37,37,6,2,292.78
6323,5/29/2022,2,17,17,15,1,114.29
6324,8/11/2024,3,20,20,2,1,97.37
6325,5/25/2022,2,1,1,16,1,31.69
6326,10/1/2024,3,2,2,5,4,316.94
6327,11/28/2023,2,40,40,7,1,168.95
6328,3/22/2022,2,39,39,14,5,1021.07
6329,3/10/2024,5,21,21,15,5,717.02
6330,12/10/2023,5,19,19,8,4,313.82
6331,6/22/2024,2,7,7,10,1,37.07
6332,11/21/2024,2,17,17,11,2,306.45
6333,6/21/2024,1,31,31,10,1,51.67
6334,6/21/2025,2,25,25,7,1,211.2
6335,9/4/2022,2,40,40,12,2,102.58
6336,1/15/2023,3,38,38,1,2,432.63
6337,7/8/2025,2,7,7,3,5,577.18
6338,1/16/2023,2,1,1,18,4,96.86
6339,2/16/2025,2,7,7,2,2,186.32
6340,9/14/2023,2,39,39,13,4,669.94
6341,5/25/2022,2,40,40,18,1,25.42
6342,7/27/2024,2,17,17,7,1,196.69
6343,10/26/2022,2,24,24,9,4,375.7
6344,10/15/2023,2,39,39,11,4,574.96
6345,8/7/2024,2,17,17,6,1,181.77
6346,7/15/2023,2,1,1,18,1,30.15
6347,8/24/2025,2,24,24,12,4,285.66
6348,6/11/2023,2,24,24,15,1,151.43
6349,7/12/2022,1,34,34,13,4,696.38
6350,11/25/2023,2,7,7,16,2,59.74
6351,8/26/2022,5,13,13,11,1,191.52
6352,3/11/2022,2,25,25,3,5,583.71
6353,6/20/2025,2,39,39,11,2,405.22
6354,9/26/2024,2,7,7,12,5,352.91
6355,4/21/2025,2,24,24,2,3,241.56
6356,12/2/2022,2,17,17,6,2,379.58
6357,8/7/2024,1,11,11,3,4,364.83
6358,5/25/2025,2,7,7,17,4,369.37
6359,5/6/2025,2,25,25,10,3,134.81
6360,3/13/2023,5,6,6,12,4,209.68
6361,11/21/2024,3,16,16,8,3,269.23
6362,7/15/2022,2,17,17,9,1,88.58
6363,4/13/2022,2,37,37,15,2,224.09
6364,11/4/2022,2,1,1,13,4,691.45
6365,2/5/2022,3,18,18,16,3,76.88
6366,3/19/2024,5,13,13,7,1,213.32
6367,5/10/2023,2,7,7,11,2,397.33
6368,8/5/2024,2,25,25,16,5,116.67
6369,8/21/2023,5,10,10,14,3,433.53
6370,7/27/2025,2,39,39,14,2,306.88
6371,8/3/2022,2,25,25,7,2,347
6372,4/24/2023,4,33,33,6,1,165.61
6373,3/30/2022,2,37,37,8,2,165.6
6374,9/23/2024,2,24,24,1,1,185.68
6375,10/23/2021,4,29,29,5,1,72.76
6376,4/17/2024,5,6,6,14,5,775.9
6377,1/22/2022,2,37,37,11,3,584.38
6378,10/6/2021,2,17,17,15,2,221.84
6379,10/28/2024,3,5,5,2,5,412.43
6380,7/22/2025,2,17,17,8,5,405.21
6381,4/25/2023,1,35,35,15,2,222.32
6382,12/7/2022,2,25,25,7,2,438.4
6383,7/25/2022,2,8,8,18,3,74.15
6384,10/14/2021,5,21,21,12,1,69.39
6385,12/25/2021,1,32,32,8,1,90.32
6386,9/13/2025,3,28,28,7,3,574.37
6387,7/13/2023,2,1,1,17,5,468.41
6388,4/17/2025,3,28,28,16,5,155.38
6389,1/12/2022,5,10,10,14,5,801.19
6390,4/22/2024,1,32,32,14,2,429.05
6391,12/29/2024,5,10,10,12,2,139.83
6392,7/27/2022,2,7,7,14,4,827.59
6393,6/8/2022,5,10,10,18,2,47.36
6394,12/10/2024,2,37,37,6,4,741.98
6395,7/8/2023,5,13,13,13,3,410.08
6396,12/19/2021,2,1,1,15,4,539.43
6397,4/13/2022,2,8,8,11,2,377.42
6398,8/27/2024,2,24,24,2,3,237.92
6399,9/9/2024,2,24,24,6,4,599.79
6400,8/18/2024,2,40,40,7,3,583.32
6401,3/1/2023,5,6,6,5,3,249.39
6402,4/25/2024,2,24,24,9,5,423.64
6403,10/5/2021,2,17,17,3,5,401.36
6404,6/1/2022,2,24,24,13,1,180.92
6405,6/19/2024,2,40,40,3,2,204.65
6406,7/31/2023,2,7,7,17,1,75.96
6407,9/24/2021,2,7,7,9,1,91.17
6408,8/18/2025,2,1,1,18,4,110.75
6409,10/22/2023,2,25,25,12,5,313.68
6410,10/12/2024,3,26,26,11,3,568.24
6411,10/30/2022,3,14,14,14,5,1010.93
6412,9/17/2024,5,10,10,6,4,821.02
6413,7/4/2024,2,8,8,15,3,384.59
6414,4/22/2025,5,15,15,17,4,393.29
6415,12/7/2024,2,8,8,10,3,135.23
6416,11/10/2022,2,25,25,18,1,21
6417,6/22/2024,4,30,30,2,1,72.94
6418,7/26/2024,2,25,25,14,5,935.47
6419,3/13/2025,2,37,37,3,5,393.04
6420,7/19/2023,2,17,17,11,4,700.8
6421,11/16/2023,5,21,21,10,1,42.11
6422,11/11/2023,2,25,25,12,5,252.8
6423,3/4/2022,5,9,9,16,3,86.41
6424,5/9/2023,2,24,24,3,2,178.08
6425,12/6/2024,2,24,24,7,2,432.39
6426,12/6/2022,2,7,7,5,1,74.14
6427,12/26/2023,5,9,9,1,1,208.99
6428,3/8/2022,2,37,37,1,5,1036.19
6429,1/26/2023,2,39,39,3,1,94.78
6430,11/28/2022,5,19,19,3,5,407.51
6431,9/12/2024,2,37,37,17,5,404.78
6432,11/23/2022,5,9,9,16,2,57.61
6433,6/29/2024,3,2,2,5,1,70.99
6434,3/31/2022,2,7,7,17,1,94.89
6435,1/24/2023,2,1,1,15,5,647.5
6436,5/16/2022,5,15,15,13,2,283.08
6437,6/18/2022,2,1,1,7,3,482.61
6438,4/2/2022,2,1,1,12,5,271.65
6439,1/6/2024,2,7,7,2,5,496.91
6440,12/7/2021,1,32,32,18,4,115.12
6441,12/2/2023,2,17,17,4,4,567.11
6442,8/21/2022,2,17,17,3,2,164.52
6443,1/1/2025,2,1,1,13,1,151.64
6444,2/6/2023,2,1,1,15,3,410.44
6445,10/30/2024,2,39,39,4,5,694.05
6446,1/3/2025,2,39,39,6,2,311.49
6447,2/7/2023,2,40,40,1,3,516.91
6448,3/17/2024,2,25,25,12,4,256.72
6449,10/6/2021,2,37,37,4,2,314.42
6450,2/25/2022,5,21,21,8,4,319.14
6451,10/11/2021,2,37,37,2,3,206.24
6452,5/1/2025,2,1,1,15,3,322.88
6453,1/19/2022,3,14,14,1,1,166.59
6454,8/12/2025,2,8,8,1,4,845.15
6455,2/28/2024,1,32,32,8,5,582.19
6456,9/26/2022,2,1,1,8,5,543.92
6457,8/29/2024,2,1,1,3,1,114
6458,12/14/2021,2,8,8,7,5,904.5
6459,11/22/2022,5,21,21,12,5,275.26
6460,2/17/2025,2,37,37,7,5,819.21
6461,5/31/2022,5,21,21,15,4,561.68
6462,1/10/2024,3,38,38,9,1,79
6463,2/15/2023,4,23,23,8,2,179.95
6464,12/14/2021,1,35,35,14,3,493.84
6465,6/16/2022,2,37,37,17,5,377.82
6466,1/7/2025,4,27,27,1,2,369.53
6467,9/22/2024,5,10,10,18,4,88.37
6468,7/15/2025,1,32,32,6,3,424.37
6469,7/30/2023,2,37,37,16,3,69.17
6470,5/7/2024,2,39,39,15,2,221.34
6471,11/2/2021,2,1,1,17,3,210.61
6472,6/16/2024,2,8,8,10,3,108.28
6473,7/4/2022,5,6,6,18,4,82.98
6474,12/19/2021,2,37,37,3,4,326.44
6475,11/11/2022,2,1,1,3,1,109.7
6476,7/18/2024,2,7,7,17,4,314.74
6477,5/4/2022,2,37,37,2,4,316.72
6478,3/15/2024,2,8,8,9,2,168.99
6479,5/4/2025,2,1,1,4,1,140.83
6480,2/1/2022,1,34,34,14,1,164.02
6481,5/10/2022,5,13,13,3,1,79.37
6482,7/30/2025,5,15,15,9,5,328.3
6483,12/6/2022,5,10,10,8,5,470.83
6484,2/15/2025,1,11,11,6,5,970.96
6485,3/18/2022,1,11,11,3,5,513.68
6486,10/15/2022,2,37,37,3,2,164.35
6487,9/14/2025,5,19,19,18,5,146.96
6488,9/6/2025,2,24,24,8,5,493.32
6489,3/12/2025,5,15,15,16,1,27.31
6490,10/11/2021,2,40,40,14,1,216.08
6491,10/25/2024,2,37,37,10,5,194.09
6492,10/20/2024,2,39,39,1,2,381.19
6493,2/12/2024,5,9,9,14,2,302.02
6494,2/27/2023,1,35,35,6,1,162.2
6495,2/5/2022,2,1,1,2,3,252.43
6496,6/27/2025,5,19,19,10,4,191.86
6497,8/4/2023,3,38,38,15,2,234.79
6498,2/27/2022,2,25,25,7,1,201.97
6499,3/23/2022,2,40,40,9,3,253.8
6500,10/23/2024,5,21,21,12,3,170.2
6501,8/29/2023,2,7,7,17,1,99.99
6502,9/14/2023,5,10,10,14,5,1070.89
6503,1/23/2024,2,25,25,12,4,240.57
6504,5/16/2025,2,17,17,9,1,79.23
6505,8/13/2022,2,25,25,17,5,428.17
6506,10/27/2021,5,21,21,11,1,159.39
6507,9/3/2025,2,24,24,7,4,656.91
6508,10/31/2021,5,13,13,2,2,145.9
6509,10/8/2021,2,39,39,18,3,76.27
6510,4/20/2024,2,37,37,1,3,501.82
6511,10/28/2024,5,21,21,16,1,27.23
6512,8/7/2022,5,21,21,4,5,721.45
6513,8/30/2022,5,19,19,6,2,345.95
6514,5/7/2025,2,24,24,5,4,276.04
6515,1/23/2023,2,24,24,12,3,167
6516,5/27/2024,2,40,40,12,4,263.9
6517,3/13/2022,3,38,38,10,2,78.04
6518,10/24/2024,5,21,21,14,4,762.93
6519,4/25/2025,5,19,19,3,4,347.51
6520,1/14/2023,2,8,8,9,3,199.36
6521,6/18/2024,5,6,6,6,1,192.38
6522,10/18/2024,2,8,8,4,4,646.01
6523,9/13/2024,5,9,9,1,4,689.35
6524,8/29/2022,5,13,13,14,1,171.33
6525,4/5/2025,2,25,25,15,1,106.76
6526,5/31/2025,2,25,25,8,3,257.48
6527,9/28/2023,3,20,20,18,4,93.07
6528,7/30/2024,3,5,5,10,5,209.95
6529,5/24/2023,2,1,1,4,4,535.97
6530,9/25/2024,5,21,21,4,1,127.94
6531,9/9/2025,2,17,17,8,5,468.2
6532,9/12/2024,4,12,12,8,2,175.54
6533,11/9/2023,4,23,23,14,4,860.38
6534,6/5/2022,1,34,34,4,1,153.97
6535,9/19/2024,3,16,16,4,1,155.82
6536,4/21/2023,2,40,40,10,4,149.87
6537,3/19/2024,2,1,1,3,2,225.31
6538,1/28/2022,2,39,39,8,1,93.55
6539,1/26/2022,2,39,39,8,3,257.29
6540,12/9/2023,2,40,40,14,4,724.61
6541,9/17/2024,2,17,17,10,1,48.5
6542,2/4/2024,2,40,40,6,1,152.78
6543,6/25/2022,2,40,40,11,1,184.54
6544,1/19/2025,2,24,24,15,5,717.72
6545,9/6/2023,2,39,39,12,5,258.59
6546,12/28/2024,5,21,21,10,3,129.57
6547,11/30/2022,2,40,40,9,1,90.56
6548,8/8/2022,5,19,19,13,5,920.36
6549,7/18/2022,2,24,24,6,4,756.48
6550,9/26/2022,2,25,25,13,4,580.18
6551,11/2/2024,5,15,15,9,4,368.71
6552,2/5/2023,4,30,30,4,1,121.24
6553,4/6/2025,2,37,37,9,5,362.23
6554,10/29/2023,4,33,33,1,3,512.33
6555,7/21/2023,5,21,21,7,2,473.04
6556,4/6/2024,2,37,37,5,4,278.8
6557,12/1/2023,2,7,7,7,2,400.32
6558,1/30/2025,2,40,40,5,3,237.76
6559,6/6/2022,1,34,34,17,5,389.67
6560,12/2/2023,2,39,39,2,5,447.51
6561,7/18/2022,2,7,7,13,1,150.33
6562,1/6/2023,5,10,10,13,4,594.52
6563,10/6/2022,1,34,34,11,5,719.56
6564,5/3/2024,2,7,7,14,4,648.85
6565,1/30/2022,2,37,37,3,4,360.47
6566,5/29/2023,2,37,37,7,3,624.55
6567,2/24/2024,2,39,39,17,2,153.66
6568,8/26/2023,2,7,7,5,4,270.82
6569,6/21/2022,5,19,19,17,3,238.81
6570,8/23/2025,2,1,1,17,5,420.55
6571,11/9/2022,5,19,19,12,1,55.26
6572,12/9/2024,5,9,9,2,4,359.47
6573,5/10/2025,1,35,35,14,2,399.43
6574,9/26/2022,2,7,7,13,4,736.15
6575,1/17/2025,2,1,1,11,3,592.5
6576,6/6/2022,2,24,24,15,4,418.05
6577,8/26/2025,5,15,15,10,2,70.6
6578,8/11/2023,2,1,1,1,4,807.74
6579,5/21/2025,2,17,17,13,1,172.13
6580,5/23/2024,1,35,35,2,2,167.93
6581,4/11/2025,2,24,24,5,2,122.67
6582,3/24/2023,2,7,7,9,5,354.73
6583,4/23/2025,5,19,19,9,3,191.24
6584,5/24/2025,2,40,40,8,3,297.4
6585,12/15/2021,2,17,17,4,3,444.85
6586,5/29/2022,2,25,25,7,1,183.27
6587,5/29/2025,2,24,24,9,1,86.71
6588,7/15/2022,1,32,32,1,2,438.42
6589,11/16/2022,1,11,11,6,1,141.96
6590,11/24/2023,2,17,17,12,3,196.41
6591,5/27/2022,2,24,24,3,1,94.3
6592,8/28/2024,2,37,37,17,2,135.39
6593,8/8/2025,2,24,24,6,1,154.41
6594,5/17/2024,2,40,40,5,2,126.11
6595,1/28/2024,5,19,19,18,2,49.94
6596,8/7/2022,3,14,14,5,3,255.92
6597,10/5/2021,2,37,37,6,2,311.89
6598,6/26/2024,2,1,1,5,1,71.94
6599,9/11/2023,4,33,33,10,2,76.75
6600,6/3/2023,2,25,25,3,3,302.43
6601,3/20/2024,2,39,39,4,3,481.49
6602,5/18/2024,2,40,40,2,3,260.18
6603,6/10/2025,2,17,17,11,4,648.7
6604,1/12/2024,1,32,32,9,3,218.97
6605,12/21/2021,2,24,24,1,4,803.01
6606,12/13/2022,2,7,7,18,4,99.86
6607,2/4/2022,5,15,15,2,3,205.91
6608,5/1/2025,5,6,6,11,4,761.09
6609,9/2/2025,2,40,40,17,1,71.32
6610,5/6/2024,5,21,21,2,3,254.77
6611,10/1/2021,2,17,17,1,5,859.94
6612,9/2/2025,2,40,40,3,5,443.85
6613,5/20/2024,2,25,25,5,3,235.35
6614,11/3/2022,2,1,1,18,1,25.27
6615,9/20/2024,2,1,1,11,5,851
6616,12/1/2023,2,40,40,12,3,191.87
6617,9/22/2024,2,7,7,13,5,664.64
6618,8/16/2024,5,10,10,10,3,111.18
6619,10/22/2024,5,9,9,5,3,190.23
6620,6/9/2025,2,17,17,12,2,116.35
6621,9/21/2022,2,39,39,6,5,936.61
6622,2/10/2023,1,34,34,12,2,114.81
6623,1/16/2024,2,8,8,13,2,285.97
6624,8/19/2023,1,11,11,4,2,282.25
6625,10/7/2022,3,28,28,17,3,212.79
6626,1/15/2023,2,37,37,9,5,413.18
6627,11/11/2024,2,39,39,12,3,170.77
6628,7/22/2023,3,5,5,7,1,218.99
6629,4/27/2023,5,6,6,2,3,209.65
6630,7/10/2025,2,39,39,7,1,187.08
6631,8/5/2025,2,17,17,7,5,1121.28
6632,11/16/2021,5,21,21,5,4,286.83
6633,11/29/2022,2,40,40,2,2,145.41
6634,7/19/2022,3,16,16,18,1,22.84
6635,4/16/2022,2,25,25,11,1,138.98
6636,3/6/2022,2,40,40,16,2,63.27
6637,2/25/2023,1,32,32,17,2,161.96
6638,1/9/2023,1,31,31,7,4,675.99
6639,8/15/2024,2,37,37,9,5,454.09
6640,10/6/2022,5,19,19,6,2,391.53
6641,2/24/2023,2,37,37,8,5,394.23
6642,9/26/2022,2,7,7,16,2,45.8
6643,7/21/2023,5,9,9,17,3,296.69
6644,4/11/2023,2,25,25,7,1,208.94
6645,10/21/2023,2,39,39,14,5,1061.01
6646,4/11/2025,2,25,25,10,4,178.35
6647,7/22/2023,2,25,25,10,3,110.7
6648,9/17/2024,2,7,7,12,2,106.68
6649,8/7/2023,2,1,1,10,1,43.76
6650,2/16/2023,5,21,21,14,5,765.76
6651,3/29/2023,5,15,15,5,3,204.31
6652,9/19/2022,2,7,7,16,2,45.42
6653,9/20/2023,5,13,13,3,5,409.64
6654,7/3/2023,2,40,40,2,5,407.13
6655,5/24/2023,4,36,36,7,1,177.74
6656,4/16/2023,2,17,17,12,3,187.6
6657,9/16/2021,4,29,29,5,4,275.95
6658,6/19/2025,5,19,19,17,3,225.36
6659,5/17/2023,2,25,25,6,1,150.12
6660,7/4/2022,2,8,8,6,2,317.29
6661,11/8/2022,2,8,8,2,2,176.43
6662,1/30/2022,2,1,1,17,4,319.74
6663,5/4/2022,2,39,39,8,2,210.22
6664,2/26/2023,2,24,24,18,1,27.46
6665,10/25/2024,1,35,35,7,3,709.02
6666,5/17/2025,5,10,10,8,4,419.1
6667,12/9/2024,2,8,8,14,2,382.11
6668,5/13/2022,2,40,40,3,1,96.31
6669,12/2/2023,2,7,7,6,1,145.46
6670,3/1/2025,3,3,3,17,3,290.7
6671,8/21/2023,2,8,8,3,1,93.64
6672,1/20/2025,5,19,19,9,2,171.73
6673,4/5/2022,1,31,31,9,4,340.22
6674,7/30/2023,5,6,6,13,1,164.6
6675,5/12/2024,2,40,40,6,5,905.82
6676,8/22/2024,4,36,36,9,1,70.65
6677,4/28/2022,5,10,10,1,2,306.74
6678,3/4/2022,2,8,8,4,1,160.07
6679,8/4/2025,2,37,37,7,1,182.69
6680,4/13/2023,4,30,30,1,2,371.96
6681,12/24/2022,2,8,8,13,4,585.34
6682,5/20/2022,1,34,34,6,2,305.8
6683,2/23/2023,5,9,9,2,3,251.63
6684,2/10/2025,2,24,24,15,4,613.21
6685,8/3/2025,2,8,8,17,1,68.87
6686,10/12/2022,2,39,39,5,2,172.91
6687,9/12/2022,2,24,24,17,4,293.01
6688,12/12/2021,2,39,39,16,5,155.56
6689,5/31/2025,1,35,35,6,1,158.93
6690,2/9/2023,2,40,40,13,5,845.5
6691,5/20/2023,5,13,13,1,2,402.09
6692,1/9/2025,2,17,17,8,3,307.85
6693,2/6/2024,3,3,3,7,5,880.45
6694,7/3/2025,2,39,39,6,2,322.8
6695,1/24/2024,2,1,1,2,2,171.18
6696,6/28/2024,2,17,17,5,5,331.78
6697,7/5/2023,2,40,40,6,2,316.08
6698,6/22/2025,2,40,40,12,1,59.01
6699,8/22/2022,2,24,24,15,3,413.26
6700,9/25/2023,2,40,40,12,1,67.06
6701,5/2/2024,1,35,35,8,5,499.54
6702,9/23/2023,2,1,1,9,2,178.37
6703,7/12/2023,5,6,6,3,1,95.07
6704,1/2/2023,5,21,21,1,3,638.86
6705,11/24/2022,2,37,37,5,2,122.61
6706,2/25/2025,5,9,9,18,3,90.7
6707,7/29/2023,1,11,11,3,3,293.7
6708,9/26/2023,2,37,37,16,3,94.46
6709,12/7/2023,2,39,39,2,4,335.77
6710,1/2/2025,2,7,7,14,4,617.89
6711,5/18/2025,3,28,28,18,3,80.63
6712,2/4/2023,2,1,1,8,3,240.94
6713,2/12/2025,3,2,2,7,2,478.29
6714,9/21/2024,5,15,15,11,1,149.57
6715,6/15/2022,2,7,7,14,3,494.07
6716,7/27/2024,2,40,40,13,1,159.46
6717,4/3/2023,4,27,27,16,3,68.54
6718,6/18/2023,2,1,1,2,5,362.77
6719,3/28/2022,5,13,13,10,5,195.5
6720,12/2/2021,2,25,25,16,1,26.62
6721,6/16/2023,2,8,8,12,5,306.67
6722,1/9/2024,5,21,21,4,3,379.14
6723,10/13/2023,2,8,8,8,3,270.7
6724,8/25/2024,2,39,39,14,2,332.71
6725,12/29/2024,5,10,10,12,5,263.03
6726,1/10/2025,2,1,1,3,4,372.21
6727,7/20/2024,2,8,8,14,2,346
6728,3/19/2022,5,10,10,2,3,282.83
6729,4/9/2022,2,17,17,2,3,231.47
6730,3/22/2023,3,22,22,8,1,100.51
6731,11/8/2022,2,39,39,16,5,129.18
6732,1/12/2024,2,17,17,2,4,319.36
6733,5/15/2024,2,24,24,3,5,572.91
6734,6/20/2023,2,17,17,18,2,50.31
6735,7/10/2025,2,17,17,11,3,459.34
6736,10/24/2022,2,39,39,13,5,701.12
6737,11/9/2023,2,1,1,9,4,261.67
6738,4/7/2025,2,17,17,5,2,167.07
6739,1/22/2025,5,9,9,15,3,360.55
6740,4/2/2024,5,10,10,7,3,588.82
6741,4/4/2025,2,39,39,14,3,583.8
6742,8/7/2023,2,40,40,1,2,417.71
6743,8/24/2024,2,1,1,5,4,244.72
6744,11/9/2024,2,25,25,1,5,1056.34
6745,7/11/2023,2,39,39,3,3,304.14
6746,6/21/2024,2,1,1,1,5,902.92
6747,3/15/2022,2,8,8,9,3,215.16
6748,11/30/2023,4,29,29,5,2,133.52
6749,10/26/2022,4,12,12,8,5,542.81
6750,4/16/2022,3,38,38,13,2,350.57
6751,11/10/2022,2,1,1,15,4,589.36
6752,3/5/2024,2,24,24,3,3,282.04
6753,2/28/2023,2,40,40,2,4,324.7
6754,10/23/2022,2,1,1,11,2,277.85
6755,6/15/2022,5,21,21,17,3,224.91
6756,7/18/2024,4,33,33,12,3,167.57
6757,10/22/2021,2,40,40,8,1,116.38
6758,12/13/2021,2,1,1,15,5,686.65
6759,11/7/2023,2,39,39,10,5,243.54
6760,1/29/2022,1,11,11,2,2,170.98
6761,6/18/2022,5,10,10,5,5,409.89
6762,8/30/2023,2,17,17,14,3,489.06
6763,3/19/2024,2,1,1,4,4,569.83
6764,1/13/2024,2,17,17,15,3,449.27
6765,1/12/2023,2,17,17,3,5,573.27
6766,11/21/2024,2,37,37,18,4,105.81
6767,11/18/2024,2,40,40,10,4,184.43
6768,2/1/2023,2,39,39,6,3,599.38
6769,4/19/2024,2,40,40,15,4,517.59
6770,8/26/2024,2,24,24,2,2,157.33
6771,5/24/2023,2,7,7,11,3,476.84
6772,11/9/2022,2,7,7,8,1,101.08
6773,10/1/2023,2,39,39,14,3,602.65
6774,12/26/2022,5,9,9,4,5,731.15
6775,6/11/2025,2,8,8,18,3,74.11
6776,3/2/2024,5,13,13,14,4,755.76
6777,2/21/2025,5,19,19,6,4,730.51
6778,1/24/2022,3,28,28,2,5,468.59
6779,6/21/2025,2,25,25,2,2,167.27
6780,1/8/2024,2,24,24,3,3,330.38
6781,3/9/2024,2,25,25,16,5,155.5
6782,2/6/2025,2,37,37,5,5,394.16
6783,9/14/2022,2,25,25,7,4,691.4
6784,2/15/2022,2,25,25,10,1,37
6785,1/7/2024,2,25,25,12,2,134.91
6786,3/28/2023,1,31,31,12,3,206.8
6787,11/19/2024,2,8,8,15,1,149.18
6788,5/23/2024,2,25,25,4,5,701.63
6789,10/6/2023,3,38,38,17,3,250.79
6790,1/20/2023,5,10,10,6,1,152.98
6791,4/10/2022,1,32,32,2,2,165.66
6792,4/26/2022,5,9,9,15,5,623.38
6793,2/14/2025,2,7,7,15,4,493.79
6794,6/24/2024,2,25,25,6,4,643.3
6795,6/18/2023,3,22,22,12,4,280.59
6796,12/25/2024,2,40,40,2,3,215.94
6797,2/18/2023,5,21,21,2,5,464.67
6798,10/16/2024,2,24,24,16,5,163.65
6799,11/9/2022,5,21,21,7,3,498.04
6800,8/6/2023,5,21,21,1,3,614.59
6801,2/4/2025,2,7,7,16,5,130.06
6802,9/17/2023,2,7,7,5,1,72.26
6803,5/31/2022,2,25,25,8,2,175.35
6804,3/19/2023,1,11,11,2,3,298.4
6805,8/4/2025,2,17,17,2,4,388.69
6806,1/31/2024,2,24,24,13,5,916.86
6807,9/26/2022,5,10,10,8,5,409.14
6808,10/24/2024,2,39,39,14,3,637.03
6809,4/18/2025,5,10,10,3,3,338.48
6810,3/29/2025,5,15,15,12,3,197.96
6811,7/30/2022,2,37,37,16,4,100.97
6812,10/21/2024,2,1,1,8,4,352.18
6813,6/9/2022,2,40,40,4,2,309
6814,7/5/2023,2,17,17,7,2,478.78
6815,1/24/2024,2,40,40,16,3,74.18
6816,10/12/2024,2,1,1,18,4,104.22
6817,2/5/2025,5,15,15,5,5,437.7
6818,4/24/2023,2,37,37,7,3,585.33
6819,1/26/2024,2,17,17,1,1,208.05
6820,4/22/2025,2,40,40,8,2,187.6
6821,1/9/2025,2,39,39,16,2,47.34
6822,4/12/2023,3,22,22,3,5,467.71
6823,4/19/2025,1,32,32,10,1,44.42
6824,1/23/2024,4,23,23,9,3,225.32
6825,12/20/2023,2,25,25,9,5,394.56
6826,7/17/2023,2,25,25,3,4,409.1
6827,9/23/2023,2,8,8,10,1,50.58
6828,8/11/2025,4,36,36,5,2,161.59
6829,3/25/2024,2,7,7,10,1,37.23
6830,1/15/2022,5,19,19,3,1,106.96
6831,2/14/2023,3,22,22,18,2,45.74
6832,1/5/2024,2,17,17,5,2,134.07
6833,3/31/2025,1,35,35,4,1,151.26
6834,12/6/2022,2,17,17,14,2,428.84
6835,11/7/2024,1,11,11,5,5,409.19
6836,7/22/2022,2,8,8,3,3,305.59
6837,9/20/2021,5,13,13,11,1,145.28
6838,3/26/2023,2,8,8,13,3,430.86
6839,8/4/2023,2,8,8,15,2,274.49
6840,3/11/2022,2,40,40,8,2,175.81
6841,12/17/2024,5,9,9,2,3,220.18
6842,8/5/2024,5,6,6,4,3,422.92
6843,1/14/2022,1,34,34,13,4,732.5
6844,12/26/2022,1,32,32,6,5,883.04
6845,3/24/2023,2,39,39,3,5,499.51
6846,12/5/2024,2,24,24,18,5,143.54
6847,5/9/2023,2,7,7,11,5,699.87
6848,8/18/2024,2,1,1,17,3,231.78
6849,2/23/2025,2,40,40,13,2,323.04
6850,5/19/2022,2,17,17,2,5,445.69
6851,9/14/2025,3,22,22,6,2,337.18
6852,1/14/2023,2,40,40,9,5,443.46
6853,12/1/2021,2,1,1,13,3,459.8
6854,9/13/2023,2,1,1,1,1,175.77
6855,1/29/2023,5,9,9,13,2,326.78
6856,1/23/2022,5,21,21,5,4,259.29
6857,5/18/2024,2,8,8,6,4,750.61
6858,12/10/2022,2,7,7,2,3,264.32
6859,4/3/2025,2,37,37,3,4,340.39
6860,5/14/2022,2,37,37,2,4,286.14
6861,9/6/2024,2,7,7,15,4,590.44
6862,5/26/2025,2,24,24,14,4,857.57
6863,12/23/2022,5,10,10,9,3,200.12
6864,10/18/2023,5,9,9,15,5,639.36
6865,3/20/2025,4,30,30,2,2,177.05
6866,12/21/2024,2,7,7,18,5,123.48
6867,6/13/2025,3,3,3,3,1,109.83
6868,5/17/2022,2,24,24,5,3,207.06
6869,5/6/2025,2,40,40,5,2,169.96
6870,9/5/2024,2,24,24,17,3,222.03
6871,11/5/2021,4,12,12,12,5,261.66
6872,10/8/2023,5,6,6,15,1,134.57
6873,6/23/2022,2,7,7,1,1,175.57
6874,8/25/2025,2,25,25,11,2,301.58
6875,8/5/2025,2,37,37,18,5,125.52
6876,6/9/2025,1,32,32,13,3,525.92
6877,8/22/2025,2,1,1,1,5,957.12
6878,6/24/2023,5,15,15,1,1,207.27
6879,12/17/2021,2,24,24,16,1,23.01
6880,10/1/2023,2,37,37,14,2,377.39
6881,8/21/2022,5,9,9,18,4,81.12
6882,5/8/2022,1,35,35,8,3,332.25
6883,9/23/2021,1,32,32,18,5,103.41
6884,4/12/2023,2,24,24,2,4,279.03
6885,11/25/2022,5,15,15,12,4,219.09
6886,2/6/2023,2,39,39,13,5,876.66
6887,7/14/2023,2,1,1,2,5,374.75
6888,12/6/2024,1,32,32,18,1,28.95
6889,10/19/2024,2,1,1,2,3,279.88
6890,4/20/2025,2,1,1,4,3,457.62
6891,9/29/2023,2,40,40,7,2,386.35
6892,7/8/2023,2,1,1,13,3,547.83
6893,8/8/2022,3,38,38,3,5,543.2
6894,3/23/2025,5,21,21,18,1,23.66
6895,7/3/2025,2,39,39,16,2,50.24
6896,10/11/2024,5,6,6,12,4,213.37
6897,10/28/2022,2,7,7,15,1,140.27
6898,8/11/2023,2,17,17,9,1,76.27
6899,5/11/2024,5,15,15,18,2,54.95
6900,3/14/2024,2,7,7,3,1,90.17
6901,1/2/2023,5,13,13,5,2,176.47
6902,5/11/2022,2,8,8,6,1,198.03
6903,6/4/2023,5,19,19,2,3,295.25
6904,4/7/2022,3,26,26,18,1,24.29
6905,11/7/2021,1,11,11,15,2,250.07
6906,6/22/2023,2,8,8,12,4,273.79
6907,10/27/2023,2,7,7,5,5,338.37
6908,5/8/2025,1,35,35,2,1,99.4
6909,1/19/2025,2,25,25,2,4,274.7
6910,1/16/2023,2,8,8,10,5,212.02
6911,11/23/2023,5,19,19,6,2,329.39
6912,6/19/2024,2,24,24,5,2,159.43
6913,5/8/2025,2,37,37,8,1,92.32
6914,11/6/2023,2,40,40,18,3,82.89
6915,7/17/2024,2,37,37,15,1,114.58
6916,10/4/2024,2,1,1,2,5,436.02
6917,5/20/2022,2,17,17,13,4,560.08
6918,3/25/2025,4,29,29,8,3,339.26
6919,8/25/2023,5,15,15,6,5,769.18
6920,4/20/2025,2,40,40,8,4,354.85
6921,7/1/2022,2,17,17,13,2,358.23
6922,10/18/2024,2,25,25,8,1,92.96
6923,1/12/2023,2,39,39,11,1,150.48
6924,4/28/2024,2,40,40,7,2,475.78
6925,5/31/2025,2,37,37,3,5,416.77
6926,11/14/2024,1,35,35,3,3,333.22
6927,11/25/2023,5,6,6,12,1,70.77
6928,7/17/2022,3,28,28,10,3,124.98
6929,8/23/2022,5,19,19,12,2,138.9
6930,8/7/2022,4,12,12,10,1,34.97
6931,10/5/2022,2,24,24,7,2,346.34
6932,2/4/2025,3,38,38,9,2,158.84
6933,8/27/2023,2,1,1,8,5,474.64
6934,10/25/2022,2,1,1,9,5,429.63
6935,1/26/2023,4,33,33,12,4,216.25
6936,9/8/2023,5,19,19,5,2,164.87
6937,10/21/2024,2,39,39,7,2,348.73
6938,9/15/2024,2,8,8,15,4,554.57
6939,5/13/2022,2,25,25,7,2,475
6940,1/25/2024,2,37,37,4,3,472.51
6941,12/22/2024,2,7,7,7,1,213.82
6942,10/6/2024,3,5,5,13,4,656.09
6943,3/2/2024,2,24,24,9,4,361.88
6944,9/8/2025,2,40,40,7,3,615.2
6945,3/24/2023,1,31,31,9,5,318.65
6946,4/26/2022,4,12,12,7,4,709.51
6947,9/26/2022,2,37,37,4,4,470.1
6948,12/20/2022,5,13,13,4,5,821.17
6949,6/12/2024,5,21,21,3,4,346.14
6950,1/11/2023,2,7,7,6,1,186.37
6951,3/29/2025,2,8,8,2,2,160.96
6952,8/12/2022,5,10,10,16,1,27.94
6953,9/24/2021,1,31,31,17,3,219.06
6954,5/23/2025,2,8,8,18,4,102.42
6955,5/25/2024,2,17,17,5,3,225.44
6956,10/28/2021,3,3,3,12,5,289.05
6957,2/5/2024,2,39,39,14,5,888.36
6958,7/8/2023,5,9,9,11,3,575.59
6959,10/13/2024,2,1,1,11,2,390.85
6960,3/9/2024,2,25,25,4,3,332.84
6961,1/28/2025,2,17,17,16,5,154.9
6962,11/14/2021,2,39,39,2,3,229.28
6963,5/9/2025,5,6,6,1,3,520.37
6964,1/6/2022,2,7,7,10,3,135.51
6965,4/18/2025,5,19,19,17,4,322.09
6966,1/19/2024,2,1,1,7,5,1096.71
6967,5/23/2022,5,10,10,7,4,958.49
6968,12/26/2021,1,34,34,3,5,473.4
6969,12/4/2021,5,13,13,2,4,269.49
6970,8/29/2024,2,40,40,4,2,285.64
6971,9/30/2022,2,40,40,1,3,570.08
6972,10/18/2024,2,39,39,17,4,286.69
6973,8/19/2023,2,24,24,10,5,219.6
6974,10/6/2023,2,8,8,6,1,202.77
6975,1/17/2022,2,40,40,17,3,242.26
6976,7/9/2025,4,23,23,2,3,256.49
6977,9/13/2023,5,19,19,9,1,85.28
6978,1/20/2023,2,24,24,6,4,590.86
6979,12/20/2021,2,1,1,8,1,100.97
6980,12/19/2021,2,37,37,7,4,682.52
6981,4/3/2023,3,14,14,1,5,1053.12
6982,8/6/2023,5,19,19,4,3,331.2
6983,8/19/2023,2,39,39,8,2,222.76
6984,1/7/2022,2,25,25,9,5,380.43
6985,12/28/2023,2,40,40,5,1,70.36
6986,10/28/2022,2,17,17,8,2,210.39
6987,12/29/2024,2,7,7,7,4,856.38
6988,8/29/2023,2,24,24,16,2,51.46
6989,10/20/2024,5,6,6,14,5,864.82
6990,8/25/2022,2,39,39,12,3,200.51
6991,4/26/2022,2,1,1,12,3,203.56
6992,1/1/2024,3,18,18,14,1,148.41
6993,4/28/2023,2,25,25,4,3,429.61
6994,5/31/2024,2,37,37,2,5,420.51
6995,8/24/2025,2,1,1,5,2,145.94
6996,12/12/2021,2,8,8,2,2,142.19
6997,7/23/2025,5,15,15,16,5,144.33
6998,9/29/2021,2,24,24,8,1,90.14
6999,7/6/2024,2,40,40,16,1,32.33
7000,5/8/2023,2,40,40,17,1,76.34
7001,1/9/2022,2,40,40,10,4,158.46
7002,7/9/2022,1,34,34,10,2,75.68
7003,12/5/2021,5,10,10,10,3,105
7004,2/11/2025,4,29,29,18,5,127
7005,2/25/2024,2,8,8,12,1,51.16
7006,11/23/2024,2,25,25,12,5,347.32
7007,1/27/2023,2,37,37,7,3,490.65
7008,9/25/2024,3,5,5,5,2,121.45
7009,9/18/2023,2,24,24,4,4,464.08
7010,7/14/2024,2,8,8,1,5,798.29
7011,7/2/2025,2,24,24,17,1,89.06
7012,9/27/2021,5,9,9,5,3,192.97
7013,9/13/2022,2,39,39,16,3,82.19
7014,10/5/2022,2,39,39,11,1,163.69
7015,6/5/2023,2,37,37,2,1,95.78
7016,5/15/2022,2,39,39,7,1,200.65
7017,8/15/2022,5,13,13,16,5,152
7018,12/6/2022,5,15,15,12,1,61.73
7019,7/14/2022,2,40,40,8,1,106.49
7020,3/31/2022,1,32,32,13,1,170.21
7021,7/3/2024,2,40,40,18,5,145.2
7022,9/15/2021,3,18,18,12,2,127.29
7023,11/22/2021,5,13,13,5,3,196.77
7024,7/1/2025,5,9,9,13,2,321.78
7025,8/28/2023,2,25,25,7,2,445.39
7026,12/17/2023,2,17,17,6,4,700.07
7027,10/15/2021,2,17,17,5,2,133.48
7028,6/2/2023,2,37,37,17,1,85.3
7029,3/5/2022,2,37,37,14,3,645.8
7030,7/28/2024,5,9,9,4,2,306.79
7031,1/8/2025,5,6,6,12,4,271.64
7032,3/21/2024,2,25,25,17,4,286.96
7033,4/22/2025,2,40,40,3,5,452.57
7034,4/12/2023,1,34,34,15,5,758.97
7035,3/4/2024,2,1,1,6,1,139.03
7036,3/29/2022,2,1,1,11,5,770.04
7037,2/17/2025,3,26,26,3,3,271.09
7038,4/26/2024,5,13,13,3,3,242.9
7039,1/25/2024,2,8,8,15,1,118.18
7040,10/4/2023,2,37,37,15,1,124.98
7041,11/3/2023,2,37,37,4,1,150.47
7042,11/9/2024,1,35,35,2,1,82.05
7043,6/25/2025,2,39,39,6,3,613.23
7044,11/22/2021,2,39,39,8,3,255.75
7045,2/20/2024,2,8,8,10,5,247.02
7046,5/5/2024,2,7,7,12,1,57.29
7047,6/11/2022,2,24,24,13,3,549.26
7048,10/17/2021,2,39,39,14,4,826.63
7049,9/14/2022,2,24,24,14,4,828.22
7050,12/11/2021,2,25,25,17,2,147.25
7051,11/28/2021,2,39,39,6,1,174.23
7052,12/4/2023,2,24,24,12,2,139
7053,7/30/2022,5,13,13,15,4,595.66
7054,3/21/2024,2,40,40,4,2,317.2
7055,6/12/2023,2,25,25,18,4,114.47
7056,5/21/2022,2,24,24,16,1,32.31
7057,8/5/2024,2,25,25,7,5,1172.39
7058,6/18/2023,5,10,10,9,4,362.17
7059,3/18/2025,2,40,40,18,1,29.5
7060,12/13/2021,4,36,36,16,3,83.48
7061,11/17/2021,5,15,15,15,3,464.84
7062,8/26/2023,3,5,5,4,2,306.53
7063,11/10/2023,3,20,20,14,2,324.87
7064,11/10/2023,5,10,10,15,1,114.65
7065,10/4/2023,2,25,25,12,3,198.11
7066,6/27/2023,2,40,40,3,4,415.61
7067,11/14/2021,5,6,6,15,2,237.38
7068,11/1/2024,4,36,36,6,4,715.38
7069,3/31/2025,2,7,7,16,5,112.1
7070,1/5/2022,3,22,22,18,5,142.46
7071,7/24/2023,2,40,40,14,1,147.02
7072,8/14/2022,2,8,8,6,4,713.91
7073,11/22/2021,5,19,19,1,5,877.42
7074,2/18/2025,2,37,37,4,2,253.4
7075,12/27/2021,2,17,17,17,2,168.62
7076,5/13/2023,2,7,7,9,3,203.92
7077,3/23/2022,2,7,7,15,3,313.8
7078,4/30/2025,2,8,8,12,1,70.31
7079,6/22/2025,5,13,13,7,1,221.57
7080,8/28/2023,2,17,17,14,3,599.47
7081,3/30/2023,3,20,20,17,1,92.16
7082,4/4/2024,2,7,7,11,5,691.7
7083,5/25/2023,2,24,24,16,5,135.09
7084,1/20/2022,2,25,25,4,2,272.54
7085,4/29/2022,2,17,17,10,3,142.9
7086,8/9/2022,2,39,39,5,1,69.16
7087,3/11/2022,2,1,1,6,2,342.19
7088,8/23/2022,2,24,24,10,5,233.17
7089,9/12/2023,2,40,40,18,1,22.37
7090,8/28/2023,5,15,15,13,4,525.59
7091,2/4/2023,2,24,24,16,5,119.71
7092,5/14/2023,2,24,24,10,4,153.84
7093,4/24/2023,2,17,17,17,5,336.19
7094,7/24/2022,2,37,37,15,1,112.69
7095,10/11/2022,2,1,1,7,2,332.78
7096,7/10/2024,2,8,8,18,5,147.71
7097,6/15/2022,2,25,25,8,1,86.87
7098,6/28/2025,2,24,24,12,3,159.28
7099,12/24/2024,3,16,16,8,3,336.61
7100,9/10/2023,2,17,17,4,3,363.57
7101,7/8/2022,2,37,37,16,4,130.89
7102,2/7/2025,2,1,1,1,4,771.67
7103,1/12/2025,2,25,25,12,1,54.22
7104,12/24/2023,3,14,14,7,2,325.67
7105,2/21/2023,2,25,25,2,1,90.38
7106,8/30/2023,1,11,11,17,1,68.24
7107,2/22/2025,5,13,13,5,2,168.52
7108,1/7/2023,2,25,25,9,1,65.64
7109,4/4/2022,2,37,37,8,2,159.09
7110,10/7/2022,1,31,31,3,4,338.04
7111,10/4/2023,5,10,10,6,5,882.11
7112,2/19/2023,2,1,1,14,1,179.21
7113,3/8/2024,5,13,13,4,4,448.15
7114,12/22/2021,2,17,17,9,3,200.52
7115,3/22/2025,2,1,1,17,1,76.44
7116,11/13/2023,2,37,37,9,4,358.65
7117,6/15/2024,4,23,23,7,1,170.88
7118,11/1/2023,5,6,6,2,1,94.46
7119,1/8/2022,2,17,17,14,4,779.22
7120,9/24/2021,2,1,1,16,4,112.51
7121,6/11/2025,2,17,17,18,3,79.95
7122,9/1/2025,4,12,12,6,2,370.31
7123,1/25/2024,2,40,40,14,1,211.77
7124,6/16/2022,1,32,32,7,1,224.28
7125,5/4/2025,5,6,6,2,5,464.3
7126,11/7/2024,2,37,37,17,3,264.73
7127,3/13/2022,1,34,34,4,1,116.9
7128,12/18/2024,3,20,20,16,2,59.93
7129,1/8/2025,5,13,13,5,4,268.19
7130,5/9/2024,2,24,24,6,3,540.72
7131,3/16/2025,3,38,38,3,4,385.28
7132,6/5/2023,5,6,6,10,2,83.01
7133,10/29/2023,5,10,10,7,4,937.8
7134,4/4/2022,5,9,9,9,4,316.94
7135,10/23/2024,2,24,24,17,5,344.83
7136,12/24/2022,1,31,31,18,4,96.19
7137,2/1/2022,2,37,37,14,5,939.66
7138,10/17/2023,2,40,40,10,4,170.36
7139,5/5/2024,2,17,17,10,3,129.12
7140,12/14/2021,2,24,24,5,5,364.9
7141,6/15/2025,2,37,37,5,2,162.04
7142,8/3/2025,2,1,1,5,3,229.65
7143,4/17/2022,2,39,39,15,5,665.53
7144,11/25/2024,2,7,7,2,2,139.06
7145,11/12/2024,3,26,26,11,1,154.16
7146,4/25/2023,2,8,8,9,3,225.8
7147,12/2/2021,2,17,17,10,4,151.07
7148,8/13/2024,2,1,1,9,3,232.96
7149,12/24/2024,2,17,17,15,1,150.46
7150,11/29/2024,5,15,15,7,1,187.84
7151,9/27/2023,3,5,5,10,4,169.13
7152,7/14/2024,2,7,7,4,3,435.07
7153,11/24/2022,5,10,10,15,2,244.22
7154,12/9/2024,2,17,17,14,1,165.85
7155,2/20/2024,1,35,35,8,2,189.57
7156,1/30/2025,2,24,24,12,4,263.09
7157,8/4/2024,2,37,37,5,3,251.66
7158,3/4/2025,5,9,9,16,2,52.34
7159,12/2/2021,2,1,1,17,1,67.23
7160,11/21/2024,1,34,34,4,2,308.82
7161,9/6/2024,2,37,37,17,4,379.35
7162,5/14/2025,2,17,17,10,2,82.65
7163,12/15/2021,5,15,15,15,3,378.33
7164,5/10/2023,5,6,6,14,2,427.96
7165,10/20/2021,2,24,24,10,2,101.95
7166,3/12/2023,2,25,25,11,3,495
7167,8/6/2022,5,21,21,17,4,355.31
7168,6/8/2024,3,4,4,18,5,148.55
7169,8/28/2025,2,17,17,12,4,226.58
7170,5/24/2025,2,1,1,3,2,214.67
7171,8/3/2022,2,37,37,7,3,507.98
7172,7/23/2024,5,9,9,14,3,547.1
7173,10/27/2022,2,1,1,10,5,197.7
7174,7/7/2022,2,1,1,4,4,650.55
7175,2/23/2022,5,21,21,1,2,319.45
7176,12/27/2023,2,8,8,14,5,753.41
7177,9/25/2023,2,25,25,12,4,200.71
7178,11/14/2023,2,1,1,5,5,408.16
7179,5/25/2022,2,1,1,10,1,48.74
7180,2/28/2024,2,39,39,10,5,199.96
7181,6/22/2025,2,7,7,14,1,183.73
7182,2/22/2025,2,37,37,4,5,751.71
7183,4/24/2023,5,6,6,11,5,786.35
7184,8/15/2025,2,37,37,15,3,441.72
7185,10/7/2021,2,17,17,6,4,750.45
7186,5/4/2024,2,40,40,7,1,173.66
7187,8/1/2023,5,15,15,17,3,238.26
7188,9/13/2023,2,39,39,14,5,933.23
7189,4/16/2022,5,9,9,11,3,459.68
7190,1/13/2022,5,6,6,14,1,207.14
7191,1/30/2023,4,36,36,16,1,28.17
7192,5/26/2022,2,17,17,1,5,1050.29
7193,9/4/2025,2,37,37,18,3,79.58
7194,3/24/2024,2,37,37,1,2,415.63
7195,3/19/2022,5,13,13,15,4,428.01
7196,9/25/2022,2,1,1,5,3,192.77
7197,10/26/2022,5,13,13,16,4,105.9
7198,11/23/2021,2,37,37,14,1,170.14
7199,12/21/2024,1,35,35,3,2,180.7
7200,9/3/2023,1,31,31,2,2,152.45
7201,8/24/2024,2,37,37,8,1,104.71
7202,9/8/2023,2,17,17,13,3,516.75
7203,11/21/2024,2,25,25,15,1,117.83
7204,12/22/2022,2,8,8,16,2,48.07
7205,12/23/2022,2,7,7,15,1,136.3
7206,10/17/2022,2,25,25,9,5,454.42
7207,7/5/2024,2,8,8,2,3,225.35
7208,10/27/2021,5,10,10,8,3,305.31
7209,9/3/2023,5,19,19,12,5,280.36
7210,10/20/2023,4,30,30,4,5,597.08
7211,3/26/2025,5,9,9,16,1,28.27
7212,8/5/2023,2,24,24,3,2,175.99
7213,7/4/2022,2,37,37,5,4,257
7214,7/24/2025,2,7,7,13,2,360.96
7215,5/22/2024,5,13,13,2,3,220.54
7216,7/22/2024,2,1,1,13,4,693.51
7217,3/14/2025,3,20,20,1,1,208.53
7218,9/23/2023,2,25,25,17,5,457.4
7219,2/11/2023,2,39,39,3,5,437.13
7220,10/11/2021,4,29,29,9,2,170.79
7221,10/4/2023,1,32,32,18,2,57.84
7222,4/29/2025,2,7,7,3,4,402.08
7223,4/5/2022,2,17,17,17,2,171.83
7224,4/14/2025,2,8,8,8,5,562.05
7225,10/4/2022,2,25,25,5,1,88.29
7226,7/15/2025,5,15,15,2,1,80.1
7227,7/11/2024,3,26,26,2,5,418.06
7228,7/17/2022,5,6,6,18,3,79.59
7229,9/3/2024,2,17,17,5,3,238.61
7230,8/5/2022,2,7,7,13,4,605.54
7231,1/5/2022,2,25,25,4,1,122
7232,10/28/2022,2,1,1,5,1,77.27
7233,11/11/2021,5,19,19,12,4,209.76
7234,12/22/2021,2,25,25,2,3,276.52
7235,8/16/2022,2,8,8,6,1,196.25
7236,2/6/2023,2,39,39,13,3,434.25
7237,2/25/2022,2,8,8,18,2,51
7238,9/8/2025,2,25,25,6,3,587.54
7239,3/23/2025,3,2,2,1,3,489.12
7240,10/7/2024,3,38,38,17,2,185.51
7241,3/31/2022,1,11,11,13,2,310.4
7242,10/31/2023,2,39,39,16,2,49.13
7243,2/10/2025,2,24,24,12,3,188.27
7244,6/22/2022,2,37,37,3,4,330.55
7245,11/4/2024,2,40,40,11,1,169.43
7246,7/6/2024,2,37,37,9,4,377
7247,8/27/2022,2,1,1,6,4,775.6
7248,2/21/2023,2,39,39,4,3,359.32
7249,11/17/2021,2,24,24,6,5,800.44
7250,2/18/2023,2,39,39,4,2,304.98
7251,1/16/2025,2,25,25,6,5,831.96
7252,4/10/2025,2,7,7,16,4,131.53
7253,9/25/2023,2,1,1,9,4,287.26
7254,4/3/2025,2,1,1,9,4,351.01
7255,3/14/2025,4,36,36,5,2,175.71
7256,12/27/2021,2,8,8,16,2,53.41
7257,9/12/2022,2,40,40,7,1,224.74
7258,3/9/2022,2,1,1,17,3,235.67
7259,7/16/2025,2,37,37,15,2,239.34
7260,7/10/2024,2,1,1,2,3,209.46
7261,1/4/2022,2,39,39,5,2,123.66
7262,12/29/2024,2,40,40,8,4,317.83
7263,11/19/2022,2,24,24,2,3,208.49
7264,1/3/2022,2,24,24,18,3,60.86
7265,7/22/2024,2,7,7,5,1,71.47
7266,12/8/2024,2,1,1,15,3,408.55
7267,12/17/2024,5,19,19,7,3,542.55
7268,7/11/2025,2,39,39,11,1,162.03
7269,11/22/2023,5,19,19,14,4,612.61
7270,8/14/2023,2,25,25,1,1,180.02
7271,4/26/2025,1,11,11,18,5,145.25
7272,11/27/2024,2,7,7,4,3,481.7
7273,8/18/2022,2,7,7,1,3,495.55
7274,5/22/2023,5,10,10,8,4,337.43
7275,1/9/2023,5,10,10,5,4,314.32
7276,6/9/2022,3,20,20,13,2,326.69
7277,3/8/2025,2,24,24,18,5,128.72
7278,4/14/2022,2,37,37,18,3,88.39
7279,1/30/2024,2,7,7,4,2,226.86
7280,2/27/2022,5,19,19,16,2,46.19
7281,8/15/2024,1,34,34,18,5,107.11
7282,11/19/2021,5,10,10,18,4,120.38
7283,9/28/2022,2,1,1,3,4,351.64
7284,7/24/2024,4,12,12,16,5,164.3
7285,8/26/2022,2,8,8,1,5,880.15
7286,12/3/2022,5,6,6,7,5,1017.06
7287,4/26/2025,2,39,39,16,4,119.08
7288,6/3/2022,5,19,19,17,5,335.8
7289,5/8/2024,2,25,25,10,1,35.18
7290,5/20/2022,2,25,25,1,2,409.8
7291,11/14/2021,5,10,10,1,2,440.39
7292,1/23/2025,3,20,20,2,1,79.14
7293,8/16/2024,2,7,7,18,2,46.36
7294,11/19/2021,2,24,24,8,3,323.26
7295,6/10/2024,5,15,15,5,5,401.84
7296,9/19/2024,5,21,21,15,3,403.69
7297,5/7/2024,2,40,40,13,2,301.38
7298,12/30/2024,3,16,16,5,1,73.7
7299,1/13/2025,4,23,23,2,4,356.22
7300,12/14/2024,2,39,39,16,1,26
7301,2/26/2022,2,24,24,2,4,323.61
7302,11/9/2021,2,24,24,3,3,250.7
7303,5/2/2022,2,40,40,5,5,358.89
7304,4/30/2023,2,25,25,3,5,443.15
7305,1/23/2025,2,25,25,2,1,73.74
7306,3/13/2022,2,7,7,18,3,70.02
7307,2/14/2025,2,40,40,17,3,297.21
7308,2/21/2023,2,39,39,8,3,291.34
7309,4/9/2023,3,18,18,4,1,137.26
7310,9/3/2023,2,37,37,12,1,53.06
7311,12/11/2021,2,7,7,1,4,686.36
7312,3/10/2022,2,24,24,7,3,530.96
7313,8/14/2022,3,5,5,11,2,336.93
7314,12/12/2024,5,6,6,17,4,276.61
7315,8/26/2022,2,24,24,13,1,158.93
7316,10/26/2021,5,13,13,12,5,311.96
7317,9/21/2021,2,37,37,15,1,118.38
7318,5/2/2022,3,5,5,2,2,186.42
7319,8/23/2022,2,24,24,16,5,166.36
7320,2/15/2023,2,24,24,14,3,487.84
7321,2/12/2024,2,1,1,2,1,87.38
7322,11/20/2024,3,26,26,11,3,431.54
7323,7/12/2025,2,8,8,4,1,128.46
7324,2/1/2022,2,1,1,12,4,279.43
7325,1/26/2023,2,7,7,2,4,316.79
7326,4/26/2023,2,8,8,7,4,679.6
7327,5/10/2024,2,24,24,17,3,264.25
7328,1/13/2025,5,19,19,8,5,573.38
7329,2/20/2023,2,24,24,15,1,108.42
7330,8/17/2025,5,19,19,17,4,349.72
7331,2/9/2022,2,37,37,13,5,795.48
7332,9/4/2023,2,8,8,7,4,814.65
7333,6/9/2023,3,4,4,15,4,533.87
7334,1/24/2022,2,24,24,1,1,161.25
7335,5/19/2022,4,23,23,11,1,159.76
7336,8/14/2022,2,39,39,14,3,522.54
7337,11/27/2022,5,9,9,6,5,909.16
7338,3/21/2025,2,40,40,9,2,153.84
7339,9/16/2021,5,13,13,7,4,863.55
7340,8/14/2023,3,3,3,8,5,426.69
7341,5/22/2025,2,24,24,8,3,269.91
7342,6/15/2022,2,37,37,2,3,279.44
7343,7/17/2024,2,40,40,6,1,164.75
7344,11/19/2024,5,10,10,14,1,209.91
7345,1/10/2025,5,6,6,5,1,74.7
7346,5/8/2025,2,1,1,9,3,277.16
7347,6/14/2024,2,25,25,6,3,617.79
7348,10/1/2021,2,1,1,11,4,777.03
7349,4/14/2024,5,19,19,8,2,190.1
7350,10/18/2022,2,25,25,5,3,250.81
7351,4/24/2025,5,6,6,7,5,1193.3
7352,11/24/2024,2,39,39,18,5,115.83
7353,3/20/2025,2,1,1,9,4,319.03
7354,12/5/2022,2,1,1,9,4,325.26
7355,4/18/2025,2,1,1,15,4,494.84
7356,8/11/2023,2,7,7,13,3,382.49
7357,5/1/2024,3,38,38,6,2,310.11
7358,11/30/2021,5,13,13,1,4,812.92
7359,8/6/2022,5,13,13,9,2,144.64
7360,9/7/2025,5,15,15,6,2,390.93
7361,8/13/2025,5,19,19,1,3,649.51
7362,6/30/2022,1,34,34,5,3,237.68
7363,11/15/2024,2,25,25,7,3,702.71
7364,10/15/2023,4,33,33,4,4,563.53
7365,11/5/2024,2,7,7,1,4,717.73
7366,8/25/2025,2,40,40,5,2,144
7367,6/20/2025,1,34,34,12,1,53.63
7368,7/24/2024,2,37,37,7,3,638.41
7369,4/6/2023,5,19,19,18,5,129.08
7370,9/15/2024,2,25,25,7,3,566.99
7371,12/23/2021,2,24,24,14,4,678.54
7372,9/7/2024,2,40,40,16,5,152.23
7373,12/25/2022,2,1,1,12,3,193.58
7374,10/26/2022,5,15,15,18,4,103.22
7375,3/29/2023,2,17,17,15,5,596.31
7376,11/11/2022,5,15,15,13,2,257.47
7377,2/3/2024,4,29,29,15,5,744.38
7378,3/15/2025,3,5,5,10,2,90.99
7379,9/10/2023,5,9,9,2,2,134.4
7380,5/28/2023,2,1,1,17,5,424.68
7381,5/10/2023,2,7,7,16,5,147.92
7382,10/6/2021,5,10,10,8,1,83.57
7383,8/27/2024,3,20,20,9,2,186.99
7384,6/15/2023,3,3,3,4,5,632.7
7385,1/7/2024,2,7,7,17,4,398
7386,2/4/2024,1,31,31,10,2,103.58
7387,12/25/2024,2,8,8,5,5,423.8
7388,12/23/2023,5,6,6,2,1,84.79
7389,7/25/2022,2,40,40,4,1,122.31
7390,8/21/2025,1,32,32,18,5,113.78
7391,9/6/2025,2,25,25,2,1,88.63
7392,8/30/2025,2,37,37,17,1,96.07
7393,8/16/2025,2,7,7,15,1,111.15
7394,6/14/2025,5,15,15,7,2,391.8
7395,12/27/2023,5,13,13,18,2,56.65
7396,1/30/2022,5,6,6,1,2,413.04
7397,8/20/2022,1,32,32,15,3,411.69
7398,2/12/2024,5,10,10,9,5,430.92
7399,12/26/2021,3,4,4,5,2,155.05
7400,7/18/2025,2,1,1,14,3,451.9
7401,8/26/2025,2,8,8,9,1,85.54
7402,6/23/2024,2,24,24,3,2,181.9
7403,5/16/2025,2,40,40,5,5,356.4
7404,4/21/2024,5,13,13,4,3,363.52
7405,11/8/2023,5,21,21,16,4,110.81
7406,10/17/2022,2,17,17,13,3,384.24
7407,11/25/2023,4,12,12,1,2,308.08
7408,1/19/2022,5,15,15,14,1,178.56
7409,10/17/2023,2,25,25,10,5,207.12
7410,7/14/2023,3,4,4,7,3,504.42
7411,11/2/2024,5,9,9,4,4,527.39
7412,12/15/2021,2,40,40,8,4,438.31
7413,7/6/2024,4,29,29,16,5,122.95
7414,10/11/2023,5,19,19,7,5,1040.16
7415,3/5/2023,2,7,7,8,4,373.02
7416,3/12/2025,2,40,40,16,5,132.75
7417,10/30/2022,2,1,1,11,3,430.17
7418,7/11/2024,2,7,7,13,1,180.43
7419,10/21/2021,2,37,37,7,2,422.71
7420,12/2/2022,1,31,31,1,2,318.53
7421,3/3/2022,2,8,8,1,2,301.41
7422,11/9/2022,1,34,34,3,3,293.1
7423,3/21/2024,2,1,1,15,4,431.29
7424,11/23/2024,2,17,17,8,1,104.87
7425,4/15/2023,3,3,3,1,3,469.85
7426,10/15/2023,2,1,1,13,1,126.23
7427,8/18/2024,2,24,24,5,2,148.73
7428,10/10/2024,2,24,24,11,4,722.6
7429,10/17/2023,2,39,39,5,2,122.79
7430,2/26/2023,2,1,1,18,5,109.77
7431,8/27/2024,2,1,1,2,5,365.76
7432,10/14/2021,2,40,40,2,4,335.94
7433,7/20/2022,2,17,17,13,3,384.18
7434,6/14/2023,2,8,8,10,1,35.06
7435,10/29/2023,3,26,26,12,2,136.14
7436,8/13/2022,2,24,24,1,2,393.04
7437,2/26/2023,2,7,7,12,1,63.92
7438,5/18/2023,2,25,25,15,5,628.12
7439,12/13/2022,3,3,3,12,3,193.42
7440,6/13/2024,2,1,1,17,2,151.99
7441,2/28/2022,2,1,1,18,1,29.42
7442,7/12/2024,2,24,24,9,4,256
7443,3/20/2022,2,40,40,11,4,761.15
7444,6/23/2023,2,8,8,1,4,786.44
7445,5/4/2023,2,24,24,4,4,522.83
7446,12/25/2022,2,37,37,11,2,304.3
7447,2/1/2025,5,6,6,14,3,603.04
7448,6/6/2024,2,37,37,18,2,55.18
7449,7/18/2023,2,40,40,5,1,72.73
7450,5/5/2022,2,25,25,8,1,100.57
7451,6/18/2023,2,1,1,18,1,20.38
7452,3/16/2025,2,7,7,10,1,51.43
7453,10/23/2024,2,7,7,16,2,45.4
7454,8/22/2025,2,1,1,7,4,686.43
7455,9/20/2024,2,17,17,11,1,141.21
7456,5/28/2025,2,39,39,13,1,184.96
7457,8/23/2025,2,37,37,18,5,100.96
7458,3/31/2024,3,3,3,5,3,240.59
7459,4/1/2025,2,1,1,5,3,237.08
7460,9/5/2025,2,1,1,13,5,685
7461,10/24/2024,5,10,10,4,4,471.12
7462,6/25/2022,2,25,25,17,3,243.37
7463,3/16/2022,2,25,25,11,4,603.99
7464,11/8/2022,4,23,23,9,1,87.18
7465,2/22/2024,2,37,37,13,1,126.93
7466,1/20/2023,5,21,21,7,4,685.78
7467,2/26/2022,3,20,20,8,4,447.4
7468,7/23/2025,2,40,40,14,1,170.83
7469,1/6/2022,1,11,11,14,3,492.98
7470,3/27/2025,2,40,40,7,1,220.77
7471,9/21/2024,2,24,24,7,3,666.29
7472,1/26/2025,2,7,7,10,1,51.96
7473,7/8/2023,4,36,36,10,2,86.37
7474,1/1/2022,2,25,25,5,5,423.15
7475,11/3/2021,2,40,40,14,5,990.35
7476,4/9/2025,5,21,21,7,5,1151.71
7477,5/24/2022,2,24,24,4,1,134.77
7478,7/19/2023,4,30,30,1,3,643.99
7479,5/21/2023,2,7,7,16,5,150.67
7480,7/31/2022,2,1,1,12,2,124.33
7481,2/2/2024,4,12,12,10,2,72.11
7482,9/8/2023,4,12,12,4,5,714.92
7483,3/27/2022,2,39,39,12,3,213.77
7484,8/7/2024,2,25,25,6,1,182.82
7485,10/18/2021,2,8,8,9,1,71.69
7486,12/31/2021,5,9,9,8,5,569.17
7487,1/10/2024,2,24,24,15,1,107.45
7488,4/12/2024,2,17,17,18,2,42.27
7489,2/23/2022,2,40,40,2,5,372.98
7490,1/15/2024,2,8,8,12,2,127.6
7491,3/19/2022,5,13,13,6,2,362.57
7492,8/28/2022,2,8,8,6,4,566.18
7493,3/24/2022,2,7,7,1,2,441.98
7494,12/23/2021,2,37,37,3,2,175.98
7495,11/29/2022,3,20,20,1,5,946.63
7496,7/2/2022,2,7,7,2,4,314.43
7497,1/30/2023,2,8,8,1,2,332.57
7498,10/15/2021,1,11,11,15,2,290.88
7499,9/1/2024,2,25,25,8,3,263.21
7500,3/25/2024,2,7,7,5,3,232.18
7501,10/31/2022,5,6,6,4,1,120.62
7502,8/1/2023,4,33,33,3,4,407.3
7503,1/11/2025,4,23,23,2,4,332.75
7504,7/21/2023,3,5,5,2,2,150.06
7505,6/3/2025,2,37,37,6,5,768.19
7506,11/14/2021,2,39,39,18,2,57.56
7507,1/22/2023,2,24,24,12,5,355.36
7508,11/22/2021,5,21,21,17,3,279.04
7509,4/7/2024,3,28,28,10,3,132.8
7510,1/14/2023,2,39,39,14,2,308.15
7511,1/5/2022,5,19,19,14,4,666.33
7512,4/17/2023,2,24,24,18,4,94.89
7513,12/22/2024,5,21,21,4,3,446.99
7514,2/13/2024,2,8,8,8,5,422.67
7515,11/2/2023,4,23,23,6,5,799.11
7516,5/3/2023,2,24,24,6,1,188.03
7517,8/4/2025,1,11,11,1,1,158.54
7518,12/5/2022,2,39,39,5,3,181.77
7519,7/26/2025,1,32,32,16,4,120.71
7520,8/23/2022,2,17,17,13,1,125.94
7521,5/26/2022,2,24,24,4,1,144.55
7522,4/12/2023,2,8,8,16,2,54.5
7523,2/19/2023,2,25,25,2,3,224.54
7524,2/12/2025,5,13,13,15,3,359.22
7525,11/14/2024,3,26,26,9,3,282.4
7526,7/1/2023,2,1,1,13,2,289.4
7527,3/1/2024,2,7,7,15,2,295.41
7528,6/6/2024,2,1,1,4,1,125.05
7529,12/19/2021,5,15,15,4,3,485.87
7530,5/22/2022,2,1,1,16,4,100.63
7531,10/11/2024,5,21,21,2,5,471.46
7532,3/14/2024,2,39,39,6,1,172.94
7533,8/30/2024,2,24,24,15,5,639.38
7534,8/27/2023,2,8,8,13,3,454.2
7535,2/26/2025,1,35,35,12,4,206.89
7536,9/2/2022,2,8,8,18,2,60.44
7537,6/27/2023,2,39,39,8,1,87.98
7538,12/28/2022,3,4,4,17,1,99.79
7539,6/10/2024,2,25,25,5,3,190.58
7540,9/1/2022,2,40,40,10,3,139.08
7541,4/2/2022,5,9,9,13,3,459.36
7542,10/20/2021,2,17,17,1,5,917.04
7543,3/21/2023,2,37,37,3,5,434.42
7544,1/18/2022,2,17,17,10,4,193.67
7545,1/21/2022,2,17,17,15,2,255.1
7546,8/24/2023,2,1,1,7,2,382.85
7547,5/20/2023,5,10,10,10,4,192.63
7548,3/20/2025,2,39,39,9,1,87.76
7549,12/20/2024,2,39,39,4,4,446.3
7550,5/17/2024,2,7,7,12,3,182.62
7551,6/14/2024,2,17,17,18,4,112.28
7552,3/5/2025,2,37,37,10,5,202.21
7553,8/15/2024,2,17,17,6,5,997.75
7554,12/16/2022,2,39,39,14,4,650.24
7555,8/24/2024,1,31,31,13,2,296.21
7556,4/14/2022,5,9,9,2,1,91.36
7557,9/27/2023,5,10,10,11,5,905.37
7558,7/31/2023,3,16,16,16,3,83.32
7559,10/20/2022,2,17,17,12,1,65.61
7560,12/15/2022,2,7,7,15,1,106.86
7561,3/23/2023,2,17,17,7,2,469.22
7562,10/20/2024,2,7,7,10,4,162.69
7563,2/27/2025,2,1,1,16,5,119.95
7564,4/13/2023,2,39,39,9,2,163.61
7565,8/22/2024,5,9,9,12,3,148.81
7566,8/23/2024,2,37,37,2,2,170.1
7567,12/23/2022,1,34,34,15,2,291.52
7568,8/21/2022,2,24,24,16,4,103.85
7569,10/30/2024,2,40,40,7,5,976.27
7570,7/18/2024,2,7,7,15,5,564.22
7571,10/1/2024,1,31,31,18,5,133.25
7572,11/22/2021,2,39,39,12,2,136.18
7573,9/19/2022,2,40,40,18,5,130.03
7574,3/25/2023,5,9,9,18,3,87.81
7575,2/17/2023,2,24,24,13,1,127.97
7576,1/31/2024,2,37,37,11,4,729.31
7577,4/19/2025,2,1,1,16,2,60.64
7578,10/14/2024,2,1,1,2,2,192.08
7579,10/10/2021,4,27,27,15,2,285.6
7580,5/16/2025,5,13,13,1,1,183.37
7581,11/2/2021,2,1,1,1,5,915.94
7582,2/17/2025,5,10,10,7,1,216.72
7583,4/17/2025,5,15,15,3,5,431.06
7584,12/14/2022,5,9,9,6,2,324.03
7585,5/23/2024,5,19,19,6,3,577.81
7586,3/23/2025,2,37,37,15,5,739.58
7587,2/18/2023,1,35,35,12,4,211.87
7588,12/27/2024,2,37,37,17,2,163.16
7589,8/28/2024,2,17,17,9,1,66.29
7590,2/21/2023,2,8,8,15,2,225.47
7591,7/9/2022,2,17,17,8,4,329.12
7592,7/21/2022,2,17,17,17,1,85.08
7593,6/15/2024,3,18,18,4,4,543.68
7594,10/9/2022,2,24,24,2,2,155.36
7595,10/25/2024,2,37,37,12,4,246.12
7596,12/3/2023,5,6,6,13,3,413.63
7597,4/11/2024,2,25,25,16,5,148.12
7598,5/3/2024,2,25,25,17,3,300.58
7599,8/30/2024,2,39,39,12,3,153.52
7600,4/13/2022,2,24,24,17,4,341.94
7601,8/30/2024,2,8,8,9,3,203.23
7602,9/5/2023,2,7,7,15,3,355.92
7603,11/8/2024,2,40,40,17,2,188.81
7604,1/17/2024,2,24,24,15,1,119.19
7605,6/29/2024,5,13,13,2,3,236.47
7606,12/11/2023,2,39,39,10,2,95.56
7607,7/29/2022,2,37,37,14,4,617.85
7608,1/29/2023,2,37,37,8,2,221.54
7609,4/28/2022,1,11,11,4,3,441.33
7610,1/19/2024,2,40,40,18,1,27.58
7611,2/14/2022,2,1,1,4,2,271.82
7612,1/9/2024,1,31,31,17,4,356.59
7613,4/8/2025,2,8,8,18,1,29.29
7614,7/30/2023,5,10,10,8,2,159.46
7615,10/28/2023,5,9,9,13,3,411.59
7616,11/12/2024,2,37,37,13,3,464.72
7617,8/2/2025,2,7,7,18,2,59.5
7618,5/25/2024,2,8,8,7,2,451.94
7619,9/23/2024,2,39,39,11,5,860.62
7620,2/29/2024,4,23,23,10,5,198.18
7621,3/22/2025,2,1,1,12,1,67.08
7622,3/5/2023,2,1,1,18,2,51.63
7623,1/1/2023,2,39,39,1,5,980.76
7624,9/8/2025,2,37,37,6,2,337.67
7625,6/7/2022,5,10,10,11,1,142.75
7626,9/22/2021,2,8,8,14,4,594.09
7627,4/13/2023,2,7,7,9,4,353.75
7628,11/3/2024,3,22,22,1,2,352.95
7629,2/5/2025,2,8,8,15,2,292.39
7630,12/18/2024,2,37,37,5,1,85.35
7631,8/15/2022,3,26,26,13,3,554.19
7632,2/13/2023,5,13,13,1,4,653.42
7633,8/18/2023,5,6,6,13,3,476.26
7634,11/9/2024,3,38,38,15,4,483.17
7635,8/12/2025,2,37,37,8,4,412.44
7636,12/27/2024,2,39,39,7,1,240.11
7637,12/19/2022,2,25,25,10,2,94.93
7638,9/29/2021,2,24,24,2,5,351.8
7639,3/31/2025,2,39,39,12,1,53.86
7640,7/8/2024,2,25,25,16,2,49.2
7641,1/25/2022,5,9,9,13,5,907.76
7642,6/22/2022,5,9,9,16,5,157.34
7643,1/28/2023,2,24,24,13,3,511.8
7644,4/9/2024,5,19,19,8,5,518.62
7645,12/17/2023,2,25,25,2,5,439.37
7646,12/3/2024,2,40,40,14,1,200.01
7647,8/2/2025,2,8,8,18,1,27.98
7648,12/31/2023,5,6,6,4,3,365.22
7649,3/19/2024,2,1,1,5,2,134.39
7650,5/10/2024,2,7,7,14,2,359.61
7651,1/26/2025,1,11,11,7,2,441.2
7652,9/21/2021,1,31,31,17,5,419.07
7653,6/22/2023,2,25,25,6,1,140.98
7654,5/5/2023,3,28,28,9,1,77.06
7655,2/19/2022,2,25,25,9,3,210.81
7656,4/18/2024,1,11,11,5,3,183.3
7657,1/24/2025,2,8,8,10,2,90.18
7658,7/11/2024,5,19,19,13,5,887.49
7659,5/8/2023,2,39,39,9,5,449.69
7660,10/23/2024,5,21,21,1,4,861.35
7661,11/18/2021,2,25,25,2,2,161.03
7662,3/25/2022,2,7,7,11,3,440.88
7663,5/26/2024,2,24,24,11,2,397.84
7664,12/13/2024,5,10,10,15,3,314.24
7665,6/29/2025,2,17,17,14,5,930.39
7666,11/3/2021,2,37,37,9,1,81.31
7667,2/12/2024,2,24,24,15,1,150.85
7668,6/2/2024,2,24,24,4,4,472.67
7669,4/29/2025,2,17,17,4,5,605.87
7670,1/13/2025,2,8,8,4,2,261.92
7671,9/21/2022,3,2,2,15,1,140.4
7672,3/9/2024,5,10,10,16,4,120.9
7673,7/4/2025,1,11,11,15,3,411.27
7674,8/24/2023,2,40,40,9,5,402.39
7675,1/29/2024,5,21,21,17,1,75.39
7676,8/29/2023,3,38,38,12,1,50.26
7677,8/21/2023,5,10,10,1,4,849.97
7678,12/21/2022,5,13,13,3,3,258.79
7679,6/24/2024,2,8,8,1,2,345.67
7680,4/12/2024,2,37,37,15,4,602.28
7681,1/25/2023,2,25,25,4,4,603.99
7682,3/27/2024,2,1,1,8,3,244.06
7683,8/2/2025,2,40,40,4,2,327.08
7684,9/25/2024,2,39,39,15,4,617.26
7685,4/7/2025,1,32,32,7,1,201.71
7686,10/20/2024,5,6,6,7,4,645.78
7687,7/31/2022,2,17,17,8,3,295.24
7688,7/6/2025,1,35,35,11,3,589.87
7689,5/17/2025,1,31,31,9,3,277.78
7690,12/15/2023,2,7,7,2,1,99.42
7691,12/1/2024,2,8,8,15,3,446.53
7692,1/19/2024,2,7,7,16,2,46.56
7693,10/22/2021,5,6,6,3,4,398.5
7694,1/29/2023,4,33,33,12,2,102.48
7695,7/19/2022,2,7,7,4,3,481.69
7696,1/15/2023,2,7,7,17,1,89.4
7697,5/4/2022,2,7,7,3,5,570.36
7698,3/15/2022,5,10,10,12,4,199.81
7699,4/27/2023,2,39,39,4,4,656.78
7700,9/30/2022,2,40,40,4,4,497.86
7701,6/20/2024,2,39,39,10,2,83.64
7702,7/2/2022,2,40,40,12,3,146.15
7703,4/27/2024,5,6,6,15,4,481.97
7704,1/2/2023,2,25,25,14,2,407.28
7705,8/23/2024,2,17,17,7,3,630.84
7706,8/11/2022,4,29,29,13,2,275.21
7707,11/3/2022,1,35,35,2,4,347.36
7708,1/19/2025,2,7,7,8,3,298.23
7709,11/1/2023,2,25,25,12,3,201.08
7710,4/15/2024,2,25,25,7,2,328.75
7711,10/5/2024,4,30,30,13,5,723.41
7712,2/27/2023,2,24,24,5,1,70.34
7713,2/29/2024,2,24,24,11,4,719.26
7714,7/8/2024,3,38,38,11,3,591.01
7715,9/8/2024,2,1,1,1,3,661.1
7716,4/8/2023,5,21,21,14,1,173.25
7717,7/28/2024,2,40,40,1,3,477.37
7718,5/11/2024,2,1,1,18,3,75.12
7719,9/20/2023,2,24,24,10,3,127.16
7720,7/21/2025,2,7,7,12,2,102.27
7721,5/20/2022,2,8,8,16,1,25.23
7722,8/22/2022,5,15,15,17,2,194.01
7723,7/19/2025,5,9,9,17,5,394.96
7724,12/25/2021,2,7,7,4,1,141.71
7725,4/10/2025,2,25,25,17,3,275
7726,8/20/2025,2,8,8,8,3,348.6
7727,11/5/2022,2,40,40,2,2,170.43
7728,7/15/2025,2,7,7,6,2,412.34
7729,9/8/2025,2,7,7,14,5,839.02
7730,12/7/2022,2,24,24,18,2,50.5
7731,3/30/2023,5,6,6,17,5,491.65
7732,6/8/2023,1,32,32,18,3,70.32
7733,5/26/2023,5,15,15,17,2,187.83
7734,10/7/2022,5,9,9,1,4,815.3
7735,12/23/2021,2,1,1,5,2,150.75
7736,7/5/2025,2,7,7,12,5,324.18
7737,10/28/2024,5,9,9,16,3,93.39
7738,11/14/2021,1,35,35,6,2,296.96
7739,2/26/2025,1,35,35,14,3,543.3
7740,9/5/2023,2,8,8,9,3,230.66
7741,1/12/2024,5,9,9,5,1,66.88
7742,3/17/2023,2,40,40,12,1,52.64
7743,11/11/2024,5,21,21,4,3,343.86
7744,12/15/2022,2,39,39,1,3,576.33
7745,7/10/2023,4,27,27,6,2,306.9
7746,6/6/2023,2,40,40,6,5,971.32
7747,1/1/2023,2,40,40,16,5,125.41
7748,3/6/2022,2,37,37,5,2,165.3
7749,7/26/2024,2,1,1,6,4,743.68
7750,10/22/2021,2,1,1,12,5,296.2
7751,5/14/2022,4,36,36,8,1,107.13
7752,7/27/2022,5,13,13,3,3,273.15
7753,5/21/2022,2,7,7,4,1,131.49
7754,10/18/2022,2,1,1,5,2,162.4
7755,8/19/2022,3,14,14,9,4,369.65
7756,10/7/2021,2,40,40,5,3,212.36
7757,2/9/2025,2,24,24,7,2,339.65
7758,3/9/2023,2,1,1,18,3,73.97
7759,2/26/2024,1,32,32,13,3,495.36
7760,3/4/2025,2,17,17,16,4,121.46
7761,2/6/2025,2,37,37,13,5,929.11
7762,11/24/2021,2,40,40,9,4,289
7763,5/11/2025,2,39,39,7,5,1104.68
7764,6/11/2022,2,17,17,16,1,25.35
7765,3/15/2024,2,37,37,1,1,183.34
7766,2/19/2025,4,29,29,7,1,171.61
7767,6/14/2022,1,35,35,4,5,603.92
7768,12/20/2024,2,17,17,1,3,485.94
7769,7/21/2023,5,6,6,6,2,288.08
7770,1/26/2023,5,21,21,3,2,171.15
7771,10/9/2022,3,38,38,11,2,284.44
7772,5/21/2022,5,10,10,16,3,87.48
7773,11/27/2021,2,7,7,16,3,90.35
7774,12/1/2023,2,25,25,14,4,796.15
7775,9/27/2024,2,25,25,10,3,141.84
7776,11/15/2023,2,39,39,18,4,81.7
7777,5/18/2023,5,9,9,15,4,546.68
7778,3/4/2025,4,30,30,2,3,234.08
7779,4/21/2025,2,40,40,5,5,333.47
7780,2/27/2025,5,9,9,2,2,165.22
7781,11/21/2024,2,25,25,18,1,25.73
7782,2/1/2023,2,37,37,9,2,180.26
7783,10/27/2022,5,10,10,16,3,91.28
7784,5/1/2023,5,21,21,9,4,304.14
7785,1/3/2024,2,37,37,9,1,71.6
7786,2/21/2023,5,6,6,9,3,257.01
7787,4/30/2023,4,12,12,9,4,254.15
7788,1/5/2025,2,37,37,7,3,501.78
7789,1/9/2025,5,15,15,2,5,402.58
7790,1/10/2024,2,39,39,10,5,239.46
7791,1/15/2025,2,17,17,15,3,440.72
7792,1/6/2025,2,17,17,10,3,114.21
7793,5/10/2024,2,24,24,11,1,143.76
7794,5/28/2024,2,1,1,5,5,321.78
7795,10/17/2023,2,40,40,2,2,162.23
7796,6/13/2022,2,7,7,4,5,633.9
7797,5/22/2024,2,1,1,16,4,123.24
7798,3/30/2025,2,7,7,14,2,362.22
7799,10/1/2021,5,15,15,6,2,351.75
7800,1/27/2023,2,7,7,17,3,277.92
7801,11/15/2024,2,8,8,10,1,46.47
7802,5/11/2022,2,25,25,16,4,114.71
7803,3/15/2023,2,40,40,10,3,144.41
7804,3/21/2023,4,12,12,10,1,50.29
7805,10/15/2023,3,4,4,14,3,597.28
7806,12/3/2021,2,40,40,9,1,70.3
7807,4/12/2025,5,9,9,11,2,295.42
7808,12/6/2024,5,13,13,1,4,680.46
7809,12/23/2021,3,4,4,5,1,86.98
7810,12/10/2023,2,1,1,9,5,461.25
7811,5/29/2024,2,7,7,12,5,345.62
7812,7/6/2024,2,17,17,2,2,137.72
7813,10/18/2022,2,24,24,5,3,247.76
7814,2/21/2022,2,24,24,12,1,53.53
7815,5/28/2024,5,15,15,6,2,305.5
7816,8/2/2025,1,35,35,5,2,150.74
7817,6/18/2024,4,27,27,3,3,274.32
7818,12/22/2024,1,34,34,12,1,68.15
7819,6/16/2022,2,37,37,10,1,42.43
7820,5/21/2023,2,1,1,10,2,81.29
7821,8/24/2025,5,13,13,15,4,471.54
7822,3/29/2022,3,28,28,3,3,347.11
7823,8/9/2023,5,21,21,12,3,177.37
7824,7/13/2024,5,10,10,14,1,214.5
7825,4/5/2022,5,6,6,2,4,363.47
7826,5/22/2022,2,24,24,10,4,203.56
7827,9/23/2022,2,1,1,3,1,80.38
7828,1/10/2025,2,24,24,1,5,821.22
7829,2/27/2025,2,1,1,9,1,87.9
7830,7/29/2023,2,17,17,6,3,451.6
7831,1/4/2025,2,7,7,8,2,209.34
7832,12/23/2021,2,24,24,7,2,440.92
7833,2/19/2022,5,13,13,18,4,120.55
7834,4/5/2024,2,17,17,13,2,347.75
7835,6/4/2022,5,6,6,15,2,222.88
7836,6/10/2025,2,24,24,10,2,92.8
7837,3/21/2024,1,34,34,6,3,427.47
7838,6/22/2022,2,25,25,7,4,934.86
7839,11/13/2024,2,8,8,4,4,473.56
7840,9/11/2025,3,16,16,12,3,171.6
7841,7/2/2025,4,33,33,1,5,1095.29
7842,8/23/2024,2,40,40,10,5,193.94
7843,9/12/2025,4,23,23,16,2,49.46
7844,8/12/2025,2,8,8,11,1,187.55
7845,5/2/2025,2,40,40,6,2,385.32
7846,5/26/2024,2,7,7,8,4,413.46
7847,8/12/2022,2,8,8,16,3,72.8
7848,12/24/2021,2,37,37,12,3,169.66
7849,9/12/2025,2,24,24,18,5,127.84
7850,5/19/2022,2,1,1,15,1,133.56
7851,6/7/2022,2,40,40,8,3,241.2
7852,12/30/2024,2,24,24,11,4,617.4
7853,9/25/2024,2,37,37,9,5,418.32
7854,8/30/2025,1,34,34,1,2,383.29
7855,11/15/2023,2,39,39,5,5,441.02
7856,5/8/2022,1,11,11,7,3,691.03
7857,12/7/2024,2,25,25,13,4,625.41
7858,4/14/2023,5,10,10,3,2,197.82
7859,8/27/2024,2,25,25,2,3,247.18
7860,12/5/2023,3,14,14,18,4,86.02
7861,8/17/2025,5,21,21,10,2,87.71
7862,5/12/2022,5,10,10,16,2,48.71
7863,7/5/2025,2,39,39,17,1,99.91
7864,4/30/2024,5,6,6,8,2,176.34
7865,4/21/2022,5,9,9,4,1,156.46
7866,4/26/2024,1,11,11,10,1,46.67
7867,5/28/2022,2,8,8,14,1,192.21
7868,11/29/2022,5,10,10,3,2,207.28
7869,5/12/2023,2,40,40,8,5,483.44
7870,11/5/2024,2,37,37,9,5,433.57
7871,6/13/2022,2,40,40,7,4,785.26
7872,5/14/2025,3,20,20,4,2,256.95
7873,11/8/2022,2,8,8,6,3,488.41
7874,5/8/2023,2,40,40,4,3,377.65
7875,11/7/2023,5,10,10,18,5,110.92
7876,5/5/2022,1,32,32,8,1,80.95
7877,8/3/2024,5,9,9,4,2,307.93
7878,6/20/2023,3,4,4,1,1,195.79
7879,5/9/2023,2,39,39,2,2,190.52
7880,3/27/2025,5,19,19,14,4,793.66
7881,12/30/2021,3,16,16,7,1,194.24
7882,12/10/2024,2,17,17,13,3,443.5
7883,6/9/2023,1,31,31,12,2,138.86
7884,2/22/2024,2,25,25,6,2,325.95
7885,12/3/2023,5,21,21,16,1,32.21
7886,12/12/2021,4,30,30,7,4,832.98
7887,4/22/2025,2,40,40,14,3,645.95
7888,10/12/2024,5,21,21,10,5,219.44
7889,11/17/2023,5,6,6,17,2,137.15
7890,7/10/2023,2,37,37,3,4,326.36
7891,2/2/2022,2,7,7,7,4,697.17
7892,1/31/2023,4,36,36,2,3,222.2
7893,8/15/2022,2,37,37,17,3,296.38
7894,6/20/2022,2,7,7,7,4,769.75
7895,5/16/2024,2,40,40,16,4,103.93
7896,5/26/2024,5,6,6,13,2,291.75
7897,7/30/2023,5,6,6,11,2,320.62
7898,1/25/2022,2,1,1,9,3,228.92
7899,7/29/2024,3,28,28,15,4,516.94
7900,5/19/2023,3,16,16,2,5,465.59
7901,10/4/2022,2,7,7,13,2,291.63
7902,7/21/2024,3,16,16,18,1,23.83
7903,9/17/2024,2,1,1,16,4,106.84
7904,11/5/2024,2,25,25,11,3,593.08
7905,6/27/2025,2,7,7,3,5,541.95
7906,5/19/2022,1,34,34,9,2,180.68
7907,3/2/2024,3,3,3,8,3,326.49
7908,10/28/2021,5,15,15,2,5,379.92
7909,1/26/2023,5,10,10,2,5,396.13
7910,3/12/2022,3,2,2,10,3,152.32
7911,10/26/2024,2,7,7,5,1,59.24
7912,3/10/2025,5,13,13,8,1,108.65
7913,11/18/2022,2,24,24,5,3,224.69
7914,2/27/2024,5,9,9,18,2,52.43
7915,6/2/2023,2,24,24,17,1,91.17
7916,9/25/2022,2,7,7,5,3,231.04
7917,12/21/2023,3,28,28,12,4,237.11
7918,8/30/2022,4,27,27,13,4,541.61
7919,12/24/2023,5,21,21,9,4,370.92
7920,9/19/2021,2,40,40,13,3,502.43
7921,6/13/2023,2,40,40,11,5,977.13
7922,9/30/2022,3,28,28,9,2,181.21
7923,12/27/2024,1,31,31,15,4,428.38
7924,5/14/2024,2,17,17,1,4,632.78
7925,8/25/2023,1,11,11,6,2,359.26
7926,10/19/2023,2,8,8,3,4,414.35
7927,3/23/2024,2,24,24,17,2,135.75
7928,11/29/2021,5,6,6,12,3,202.36
7929,1/30/2023,3,14,14,6,1,183.98
7930,2/8/2024,2,25,25,18,4,91.72
7931,12/9/2022,5,9,9,14,3,498.85
7932,12/11/2024,2,25,25,6,4,573.56
7933,11/7/2021,2,1,1,11,4,681.45
7934,10/15/2023,2,25,25,17,1,69.39
7935,10/30/2024,5,13,13,12,3,170.14
7936,10/10/2021,2,7,7,2,2,151.12
7937,12/12/2021,2,39,39,11,3,452.89
7938,6/13/2023,2,37,37,11,2,331.95
7939,5/26/2024,5,19,19,15,3,422.13
7940,7/31/2024,4,36,36,2,1,67.61
7941,2/26/2025,1,34,34,1,3,488.03
7942,11/5/2023,3,3,3,6,1,172.9
7943,2/9/2024,1,32,32,4,1,110.39
7944,10/13/2022,2,8,8,12,2,125.36
7945,6/9/2024,3,16,16,15,2,214.12
7946,3/30/2022,2,8,8,18,4,98.03
7947,1/10/2025,1,32,32,17,2,170.67
7948,3/12/2023,2,25,25,16,2,63.53
7949,9/16/2023,4,33,33,5,3,202.94
7950,9/7/2024,5,19,19,13,5,799.28
7951,6/30/2022,2,39,39,8,3,315.67
7952,8/3/2025,4,27,27,15,1,124.81
7953,11/7/2022,2,25,25,4,5,792.75
7954,4/16/2024,3,3,3,1,2,357.62
7955,1/7/2025,5,19,19,16,4,112.09
7956,12/13/2022,5,6,6,12,5,286.49
7957,1/7/2025,2,40,40,16,4,115.6
7958,11/6/2024,2,17,17,9,3,242.53
7959,9/2/2025,5,9,9,14,2,300.78
7960,7/28/2025,5,19,19,4,1,152.48
7961,5/6/2022,4,33,33,8,3,237.34
7962,12/25/2024,3,38,38,13,2,266.08
7963,12/22/2022,2,25,25,17,3,245.54
7964,5/11/2023,5,10,10,6,2,341.7
7965,3/27/2025,2,39,39,9,2,186.53
7966,11/28/2023,2,7,7,6,4,670.29
7967,10/17/2024,5,6,6,8,4,377.05
7968,4/27/2022,2,25,25,5,4,299.46
7969,7/10/2022,5,15,15,18,1,22.33
7970,4/21/2023,2,17,17,11,1,186.2
7971,6/25/2022,2,24,24,7,3,570.27
7972,9/29/2021,5,21,21,7,5,1085.71
7973,1/23/2024,4,27,27,5,5,320.24
7974,11/22/2024,2,39,39,8,2,184.61
7975,8/29/2024,2,24,24,1,1,165.42
7976,5/9/2023,2,17,17,14,1,182.43
7977,10/24/2024,3,14,14,13,1,131.15
7978,9/1/2025,3,2,2,12,5,275.34
7979,10/2/2021,2,40,40,8,3,323.52
7980,11/12/2021,2,7,7,10,1,42.58
7981,7/3/2023,5,6,6,11,1,151.17
7982,3/11/2022,5,15,15,14,3,624.73
7983,2/15/2022,2,8,8,17,5,489.63
7984,11/24/2021,2,1,1,4,4,641.68
7985,8/13/2023,2,37,37,13,1,155.1
7986,8/28/2022,2,1,1,4,1,121.31
7987,11/4/2021,2,40,40,16,2,44.84
7988,5/10/2024,5,6,6,18,3,85.28
7989,2/7/2022,2,40,40,11,1,168.47
7990,7/19/2022,2,40,40,5,2,139.27
7991,2/5/2023,5,10,10,11,4,702.55
7992,3/27/2022,2,1,1,13,4,580.22
7993,2/25/2022,4,12,12,12,5,325.08
7994,3/10/2022,1,11,11,1,4,712.47
7995,1/26/2025,2,1,1,4,2,247.37
7996,4/7/2025,2,24,24,2,5,476.23
7997,7/27/2025,5,9,9,14,1,194.63
7998,9/9/2023,1,31,31,14,1,144.84
7999,7/23/2024,2,7,7,13,1,128.72
8000,10/27/2024,5,10,10,14,1,184.73
8001,1/8/2023,5,15,15,10,4,139.6
8002,7/18/2025,1,35,35,16,1,29.96
8003,1/3/2025,2,37,37,13,3,541.57
8004,11/10/2024,2,24,24,13,1,132.09
8005,8/28/2023,2,7,7,4,5,808.66
8006,5/22/2022,5,21,21,15,2,248.42
8007,1/15/2023,4,29,29,7,4,947.94
8008,11/8/2024,2,8,8,4,2,278.84
8009,10/31/2024,5,9,9,17,3,285.47
8010,1/3/2023,2,37,37,9,2,185.19
8011,1/16/2023,2,24,24,5,2,119.68
8012,5/30/2022,2,8,8,16,3,97.96
8013,2/11/2023,2,37,37,6,4,780.54
8014,11/11/2023,2,37,37,18,5,128.11
8015,5/7/2024,2,24,24,1,2,370.8
8016,8/3/2022,3,22,22,12,2,117.43
8017,4/3/2023,5,9,9,18,3,80.2
8018,5/17/2022,2,1,1,10,5,189.93
8019,3/18/2022,2,8,8,14,1,181.15
8020,5/18/2023,2,7,7,10,5,181.16
8021,6/20/2025,2,17,17,16,4,91.83
8022,8/17/2022,2,7,7,2,3,289.01
8023,11/3/2021,2,40,40,7,1,179.82
8024,7/17/2025,5,13,13,17,3,238.56
8025,3/13/2025,2,17,17,5,4,305.6
8026,1/31/2024,5,9,9,12,5,356.94
8027,1/1/2022,2,24,24,16,5,135.24
8028,7/9/2023,5,21,21,4,3,407.39
8029,10/25/2024,2,24,24,7,1,223.24
8030,5/7/2022,2,1,1,14,3,468.31
8031,1/28/2024,3,22,22,7,1,224.16
8032,7/4/2022,2,24,24,15,1,153.87
8033,9/28/2021,1,32,32,18,3,77.83
8034,10/11/2022,2,25,25,6,4,550.39
8035,7/18/2025,2,1,1,14,1,205.76
8036,3/22/2023,3,16,16,9,4,266.23
8037,8/26/2024,2,25,25,7,1,212.05
8038,5/31/2022,5,10,10,9,5,463.7
8039,6/4/2022,1,32,32,10,1,37.89
8040,7/19/2022,4,12,12,7,2,356.48
8041,5/5/2025,5,15,15,5,4,265.12
8042,6/26/2023,2,25,25,14,5,1025.59
8043,3/21/2022,2,7,7,6,2,342.14
8044,1/13/2022,2,37,37,9,5,388.12
8045,10/4/2024,1,11,11,11,1,154.67
8046,5/26/2023,2,1,1,5,2,144.72
8047,12/19/2024,2,8,8,7,5,924.98
8048,7/30/2022,2,25,25,3,2,173.64
8049,6/4/2025,2,40,40,16,2,55.96
8050,1/3/2022,2,24,24,7,1,212
8051,3/30/2024,2,24,24,10,4,190.1
8052,4/12/2024,2,39,39,14,3,491.85
8053,3/22/2022,5,19,19,11,5,1001.19
8054,2/24/2024,2,39,39,16,3,86.78
8055,8/19/2024,1,31,31,18,5,149.83
8056,9/26/2024,2,37,37,9,2,156.76
8057,11/30/2023,2,25,25,6,1,143.07
8058,10/10/2022,2,25,25,3,3,275.54
8059,3/2/2023,2,24,24,11,1,157.82
8060,2/25/2022,2,17,17,18,3,78.16
8061,4/14/2023,5,9,9,1,1,165.78
8062,11/7/2022,3,26,26,2,1,86.75
8063,8/18/2023,2,1,1,15,1,133
8064,12/23/2024,2,25,25,1,2,397.19
8065,7/28/2023,2,37,37,10,4,195.36
8066,8/18/2024,5,9,9,4,1,157.7
8067,6/14/2025,2,40,40,17,3,237.11
8068,4/8/2022,2,8,8,14,1,208.15
8069,11/18/2024,2,37,37,11,1,164.31
8070,3/12/2025,1,35,35,7,2,452.66
8071,3/15/2022,1,35,35,7,3,543.34
8072,2/5/2022,1,35,35,16,3,70.26
8073,11/15/2022,2,8,8,16,5,155.17
8074,10/8/2022,2,39,39,11,4,671.77
8075,7/8/2022,2,7,7,12,5,299.2
8076,9/25/2021,5,21,21,7,5,900.51
8077,5/19/2023,2,1,1,2,1,86.37
8078,5/11/2023,2,17,17,5,1,73.46
8079,9/10/2023,2,37,37,11,1,185.55
8080,3/15/2025,2,37,37,1,4,788.29
8081,1/26/2025,1,32,32,3,3,333.78
8082,4/7/2024,2,37,37,9,4,319.79
8083,6/13/2023,2,7,7,3,2,203.63
8084,4/3/2023,5,6,6,7,4,814.7
8085,10/22/2023,2,7,7,8,5,395.58
8086,5/14/2024,5,9,9,8,2,189.22
8087,1/2/2022,3,2,2,17,4,305.54
8088,12/30/2022,5,9,9,15,3,335.5
8089,1/4/2022,5,15,15,3,4,362.3
8090,4/2/2023,5,10,10,9,3,273.53
8091,1/4/2022,2,8,8,18,2,40.99
8092,6/29/2023,5,21,21,7,4,729.42
8093,5/9/2023,2,25,25,13,3,377.69
8094,3/13/2022,2,17,17,7,3,653.12
8095,6/8/2022,2,25,25,17,5,354.79
8096,1/14/2022,2,8,8,6,1,185.73
8097,9/17/2023,2,39,39,8,2,178.93
8098,10/9/2023,2,7,7,12,3,144
8099,12/17/2021,5,10,10,2,5,397.75
8100,3/19/2024,2,39,39,14,4,806.87
8101,1/19/2022,1,35,35,18,4,83.17
8102,9/3/2023,2,1,1,7,5,921.99
8103,9/30/2021,3,26,26,4,1,127.06
8104,10/10/2023,2,17,17,5,4,291.83
8105,3/24/2024,2,25,25,11,4,819.59
8106,1/19/2023,2,7,7,15,1,111.08
8107,2/8/2024,3,18,18,13,1,149.39
8108,7/3/2022,2,24,24,15,3,386.11
8109,8/12/2022,2,25,25,8,2,231.78
8110,1/23/2025,5,9,9,8,3,278.57
8111,6/7/2022,2,8,8,12,4,267.16
8112,7/1/2023,2,7,7,12,2,133.47
8113,11/12/2021,2,40,40,5,3,209
8114,3/3/2025,2,40,40,10,5,180.58
8115,4/11/2023,2,37,37,12,4,256.44
8116,1/2/2025,2,37,37,7,1,180.61
8117,1/22/2022,2,8,8,18,1,24.13
8118,9/18/2021,2,39,39,4,2,229.41
8119,12/20/2023,2,25,25,17,1,90.51
8120,8/9/2025,2,39,39,4,2,267.43
8121,2/22/2024,2,1,1,10,1,51.88
8122,1/15/2025,2,39,39,16,1,24.8
8123,9/1/2023,2,37,37,1,2,339.65
8124,12/3/2023,5,10,10,10,4,164.35
8125,3/16/2025,5,15,15,8,4,398.75
8126,6/25/2023,2,37,37,12,3,198.99
8127,6/3/2025,2,37,37,16,4,103.41
8128,2/1/2024,2,24,24,5,5,442.13
8129,9/30/2021,4,23,23,4,2,239.71
8130,8/9/2024,2,24,24,2,3,204.01
8131,2/4/2022,4,30,30,9,1,92.85
8132,11/20/2023,2,39,39,11,1,173.71
8133,7/29/2022,2,24,24,6,5,990.9
8134,1/8/2025,2,8,8,9,4,273.26
8135,9/4/2022,2,40,40,6,2,330.77
8136,9/22/2023,3,38,38,7,2,401.76
8137,3/6/2022,2,7,7,1,1,171.57
8138,12/24/2024,5,6,6,10,5,226.81
8139,7/13/2023,2,8,8,14,4,848.77
8140,2/19/2024,2,37,37,2,2,182.36
8141,5/26/2022,2,17,17,13,5,873.53
8142,12/21/2023,4,12,12,17,1,90.18
8143,2/8/2022,2,39,39,17,2,137.46
8144,3/29/2023,2,37,37,15,1,143.71
8145,2/4/2023,5,15,15,14,2,383.99
8146,2/6/2024,5,15,15,5,2,161.28
8147,6/24/2025,2,8,8,17,2,136.57
8148,3/13/2023,2,25,25,16,3,73.83
8149,11/8/2023,5,10,10,17,1,70.43
8150,4/22/2025,4,23,23,1,2,348.3
8151,5/23/2024,3,2,2,15,1,138.93
8152,5/7/2022,1,34,34,12,1,56.64
8153,12/17/2021,5,19,19,14,3,572.43
8154,2/28/2025,2,24,24,13,5,727.85
8155,11/30/2021,5,19,19,16,5,124.19
8156,1/6/2024,5,19,19,6,4,823.34
8157,12/24/2021,2,24,24,6,5,764.57
8158,1/18/2022,2,40,40,6,2,403.22
8159,10/6/2024,2,24,24,11,1,191.71
8160,9/17/2023,2,17,17,12,4,207.51
8161,6/29/2024,1,35,35,13,5,678.26
8162,10/13/2023,2,25,25,16,5,147.94
8163,8/29/2025,2,17,17,12,2,110.65
8164,6/17/2023,4,36,36,3,5,443.3
8165,8/5/2023,2,24,24,17,2,155.53
8166,1/12/2024,2,7,7,6,4,641.45
8167,5/20/2025,5,13,13,1,2,415.28
8168,9/12/2023,2,40,40,7,5,1168.44
8169,10/11/2024,2,25,25,15,2,287.95
8170,12/4/2024,5,6,6,7,2,361.93
8171,3/27/2024,4,29,29,15,4,513.09
8172,5/15/2025,1,11,11,9,4,371.81
8173,11/25/2024,2,25,25,4,2,328.33
8174,3/31/2024,2,1,1,4,5,818.61
8175,5/11/2024,2,37,37,17,4,339.09
8176,10/19/2023,2,7,7,6,1,165.7
8177,9/17/2021,2,17,17,3,4,421.97
8178,8/27/2024,5,19,19,13,3,465.72
8179,8/10/2022,5,19,19,7,4,806.92
8180,1/21/2022,2,17,17,15,5,626.79
8181,11/13/2021,2,7,7,12,2,124.96
8182,1/15/2023,2,25,25,6,1,156.58
8183,8/3/2025,2,1,1,5,3,223.29
8184,1/6/2022,3,16,16,4,1,110.82
8185,7/2/2025,2,1,1,18,5,132.77
8186,8/26/2022,1,31,31,16,3,75.07
8187,6/19/2023,2,40,40,9,2,157.35
8188,8/14/2022,2,7,7,18,3,81.57
8189,3/1/2022,2,25,25,12,4,223.31
8190,3/25/2025,2,24,24,13,3,505.43
8191,4/27/2025,2,24,24,15,1,145.07
8192,3/21/2023,2,25,25,10,3,155.17
8193,4/12/2023,2,39,39,11,2,367.09
8194,9/5/2025,4,12,12,5,5,383.16
8195,1/6/2024,2,37,37,16,1,32.56
8196,4/20/2022,2,37,37,6,1,200.57
8197,12/28/2023,2,25,25,18,2,46.32
8198,12/4/2023,2,17,17,11,1,160.35
8199,2/18/2024,2,40,40,15,2,258.21
8200,4/8/2024,2,25,25,6,3,600.01
8201,10/17/2022,2,37,37,13,5,913.18
8202,9/13/2025,2,8,8,6,2,301.55
8203,10/12/2022,2,8,8,7,1,227.4
8204,6/27/2024,3,18,18,10,3,150.76
8205,4/14/2025,2,7,7,7,3,526.19
8206,4/28/2023,2,24,24,6,4,720.68
8207,12/14/2022,5,10,10,7,4,778.92
8208,5/8/2024,5,9,9,4,4,525.56
8209,6/5/2023,2,8,8,13,2,305.74
8210,12/24/2024,5,6,6,11,5,729.83
8211,2/2/2024,3,14,14,12,2,112.18
8212,12/25/2021,4,30,30,11,1,146.39
8213,1/15/2023,2,17,17,11,4,719.05
8214,11/6/2021,5,15,15,2,4,395.94
8215,9/28/2022,5,10,10,8,4,413.25
8216,7/5/2024,2,24,24,3,2,202.54
8217,6/26/2022,3,38,38,18,3,63.5
8218,5/12/2023,5,13,13,7,5,1187.22
8219,8/24/2025,2,39,39,1,1,208.3
8220,1/21/2022,2,39,39,4,2,294.57
8221,7/25/2025,4,30,30,17,1,79.88
8222,1/16/2022,5,21,21,7,5,934.91
8223,2/5/2023,2,39,39,2,1,97.66
8224,6/16/2024,5,6,6,16,2,61.04
8225,10/25/2022,5,6,6,13,4,575.11
8226,4/11/2023,1,11,11,18,3,62.18
8227,6/9/2025,2,37,37,14,4,863.34
8228,10/24/2023,4,30,30,7,1,220.02
8229,2/6/2025,2,37,37,17,3,293.22
8230,12/29/2021,2,39,39,3,5,418.41
8231,12/28/2023,2,25,25,13,1,129.94
8232,3/30/2023,2,8,8,3,2,208.16
8233,9/9/2022,2,37,37,8,5,484.57
8234,6/16/2025,2,7,7,10,5,211
8235,5/5/2025,5,9,9,5,1,86.54
8236,1/26/2023,3,22,22,8,5,497.76
8237,3/2/2025,2,25,25,8,2,219.99
8238,2/18/2024,5,9,9,18,3,87.22
8239,11/11/2023,2,1,1,15,1,150.97
8240,1/19/2023,3,38,38,5,4,328.66
8241,2/22/2023,2,17,17,5,1,77.75
8242,8/25/2022,2,7,7,15,2,232.9
8243,7/28/2025,5,9,9,16,2,52.82
8244,8/16/2023,2,8,8,15,2,271.24
8245,6/21/2022,5,13,13,10,4,206.08
8246,3/31/2022,2,39,39,3,2,157.64
8247,12/3/2023,2,24,24,6,5,853.24
8248,11/6/2021,5,10,10,3,3,255.36
8249,11/19/2021,2,40,40,1,4,810.9
8250,7/13/2022,2,40,40,4,2,267.56
8251,10/11/2024,2,7,7,8,4,437.7
8252,9/3/2023,2,39,39,6,2,326.53
8253,1/11/2025,5,13,13,7,1,210.16
8254,10/22/2024,3,4,4,14,5,788.58
8255,10/14/2024,2,7,7,10,2,103.94
8256,2/24/2022,2,39,39,13,1,153.91
8257,4/16/2024,5,10,10,3,3,304.3
8258,10/14/2023,5,9,9,1,3,545.13
8259,12/13/2023,2,17,17,6,5,898.94
8260,3/3/2022,2,17,17,6,4,775.13
8261,12/21/2024,2,37,37,17,2,147.95
8262,4/28/2023,4,36,36,4,1,150.82
8263,5/22/2025,5,6,6,5,2,143.22
8264,7/4/2025,2,37,37,2,4,273.55
8265,8/20/2024,1,32,32,5,4,241.16
8266,10/21/2023,2,37,37,17,2,147.18
8267,8/14/2024,2,37,37,3,3,262.59
8268,5/7/2022,5,6,6,5,2,160.42
8269,1/15/2022,2,1,1,7,1,228.38
8270,11/17/2022,5,10,10,9,2,160.84
8271,12/30/2024,2,25,25,15,2,274.97
8272,9/14/2025,5,10,10,16,2,56.14
8273,9/15/2021,2,24,24,1,5,1056.87
8274,11/21/2023,1,31,31,14,3,559.18
8275,6/3/2023,2,24,24,11,4,761.69
8276,4/17/2024,2,24,24,18,1,20.3
8277,1/15/2025,2,40,40,4,5,810.49
8278,3/16/2024,5,21,21,5,5,350.82
8279,7/27/2024,2,40,40,5,2,144.32
8280,9/23/2021,2,8,8,6,4,774.55
8281,3/13/2022,2,24,24,18,4,94.49
8282,8/4/2025,4,36,36,16,2,45.25
8283,3/9/2023,2,40,40,1,3,442.35
8284,5/11/2022,2,39,39,7,3,670.19
8285,4/18/2023,5,13,13,2,1,86.16
8286,12/9/2023,2,7,7,16,5,112.85
8287,12/10/2022,2,8,8,5,4,246.13
8288,5/23/2023,4,36,36,12,4,214.9
8289,8/11/2022,2,1,1,5,4,261.57
8290,8/18/2023,4,36,36,14,4,862.89
8291,2/15/2023,2,39,39,17,2,181.97
8292,6/12/2022,2,17,17,3,2,166.49
8293,10/9/2024,3,20,20,10,4,165.99
8294,2/4/2023,5,21,21,12,4,281.8
8295,9/22/2022,3,16,16,11,4,712.37
8296,2/26/2023,1,32,32,2,5,415.57
8297,12/21/2023,5,9,9,2,1,88.64
8298,7/15/2023,2,8,8,1,3,492.67
8299,5/7/2023,5,9,9,13,5,879.43
8300,4/6/2023,2,17,17,17,1,73.38
8301,6/3/2023,2,39,39,6,4,656.91
8302,11/1/2024,2,40,40,15,3,351.8
8303,4/4/2025,2,7,7,10,1,51.95
8304,10/12/2024,2,40,40,3,4,384.74
8305,11/13/2022,2,17,17,7,4,734.84
8306,5/10/2023,5,19,19,17,3,241.28
8307,4/23/2024,2,37,37,16,3,79.6
8308,8/20/2023,2,7,7,6,2,346.01
8309,10/3/2021,2,37,37,2,4,311.6
8310,5/6/2023,1,11,11,6,4,675.17
8311,6/23/2023,5,10,10,16,5,134.74
8312,8/31/2024,2,24,24,11,1,173.6
8313,12/2/2024,2,17,17,7,5,926.64
8314,11/3/2024,2,7,7,15,1,154.45
8315,7/9/2023,3,14,14,8,5,450.94
8316,6/6/2022,2,39,39,5,1,72.61
8317,11/15/2021,2,24,24,10,1,35.06
8318,7/13/2022,5,13,13,7,2,455.39
8319,3/29/2025,2,25,25,3,5,495.58
8320,3/22/2024,2,17,17,9,2,132.42
8321,6/24/2025,2,17,17,17,3,290.98
8322,10/21/2024,2,40,40,7,2,416.3
8323,4/23/2025,5,10,10,12,1,56.13
8324,12/13/2023,2,37,37,3,5,576.76
8325,9/3/2022,5,19,19,3,5,585.3
8326,11/17/2021,3,20,20,2,3,298.98
8327,7/31/2024,2,17,17,4,4,513.87
8328,10/2/2023,3,2,2,4,3,461.21
8329,7/3/2025,2,25,25,5,1,67.56
8330,9/1/2024,5,10,10,9,1,91.15
8331,11/25/2023,5,21,21,15,3,456.7
8332,7/11/2025,2,40,40,14,1,203.31
8333,3/17/2022,2,7,7,11,1,182.34
8334,6/21/2023,5,9,9,14,2,338.88
8335,1/23/2024,2,24,24,8,1,102.99
8336,1/9/2025,2,1,1,8,4,372.44
8337,11/14/2021,3,22,22,2,1,69.92
8338,9/13/2024,2,24,24,6,2,409.28
8339,12/4/2023,5,13,13,5,2,132.36
8340,8/31/2025,2,25,25,12,3,148.53
8341,11/30/2021,2,8,8,14,2,341.77
8342,9/19/2024,2,24,24,12,3,196.07
8343,10/17/2021,2,25,25,18,1,26.46
8344,4/23/2025,2,40,40,16,3,76.16
8345,12/28/2023,2,1,1,4,3,356.38
8346,7/19/2023,4,36,36,7,3,605.73
8347,12/29/2022,2,1,1,8,3,324.62
8348,11/5/2024,3,14,14,7,4,947.8
8349,12/10/2021,2,8,8,8,1,108.41
8350,4/3/2022,2,39,39,7,4,692.44
8351,4/2/2025,1,34,34,2,3,272.64
8352,11/21/2021,3,4,4,2,2,146.77
8353,1/17/2023,3,20,20,12,1,55.56
8354,4/27/2022,5,19,19,3,4,456.05
8355,7/31/2024,2,8,8,2,5,362.34
8356,9/11/2022,2,17,17,4,1,157.63
8357,7/26/2024,3,38,38,5,4,269.2
8358,8/21/2022,2,7,7,16,1,31.56
8359,11/17/2023,2,24,24,13,3,523.35
8360,12/25/2023,5,13,13,17,3,251.5
8361,6/20/2025,5,6,6,5,3,248.74
8362,12/27/2023,5,15,15,18,2,50.04
8363,7/7/2022,5,10,10,2,4,303.29
8364,7/3/2024,2,37,37,17,3,248.7
8365,10/6/2021,2,25,25,18,5,106.33
8366,6/22/2024,2,8,8,17,5,389.22
8367,1/26/2023,2,37,37,6,4,685.11
8368,7/2/2022,2,39,39,17,3,231.85
8369,12/8/2021,5,21,21,7,5,1022.17
8370,9/27/2023,2,8,8,15,2,307.31
8371,6/2/2023,5,9,9,4,4,608.34
8372,2/25/2022,5,15,15,16,2,63.86
8373,9/2/2022,1,32,32,17,3,234.73
8374,11/2/2021,2,8,8,17,2,171.56
8375,4/29/2023,1,34,34,16,4,108.85
8376,11/21/2023,2,25,25,5,4,351.3
8377,6/14/2022,2,39,39,1,1,178.91
8378,9/18/2024,4,27,27,9,4,291.7
8379,4/23/2022,2,17,17,5,5,355.88
8380,6/11/2024,3,38,38,10,3,129.25
8381,8/18/2023,1,35,35,18,3,65.67
8382,2/20/2022,5,19,19,6,3,509.88
8383,1/30/2025,5,21,21,8,1,88.98
8384,1/20/2022,2,17,17,12,3,204.38
8385,4/3/2025,2,37,37,13,1,180
8386,6/18/2024,2,17,17,10,2,101.91
8387,10/9/2022,2,7,7,11,1,173.56
8388,4/17/2024,5,9,9,4,3,401.61
8389,8/9/2025,2,40,40,15,3,370.11
8390,3/28/2023,2,37,37,10,1,48.53
8391,6/3/2025,2,17,17,9,1,72.09
8392,3/14/2022,5,9,9,8,5,552.01
8393,5/4/2023,2,24,24,9,2,173.52
8394,12/31/2024,2,8,8,14,2,374.13
8395,3/18/2022,3,4,4,13,1,134.05
8396,10/31/2023,2,25,25,18,3,73.08
8397,5/30/2025,3,2,2,7,5,888.97
8398,6/9/2022,5,6,6,13,1,128.72
8399,5/26/2024,3,38,38,2,4,299.05
8400,9/14/2023,1,35,35,6,4,653.43
8401,8/29/2023,2,24,24,15,4,571.55
8402,1/24/2024,2,39,39,13,3,402.74
8403,10/28/2024,2,7,7,7,5,838.31
8404,10/25/2023,2,8,8,2,2,147.77
8405,5/14/2023,2,37,37,12,2,133.47
8406,10/2/2021,5,6,6,7,1,234.33
8407,11/25/2024,2,1,1,13,1,180.95
8408,1/31/2024,2,1,1,9,2,186.29
8409,10/5/2022,2,17,17,4,5,784.44
8410,5/5/2023,3,18,18,8,3,237.89
8411,3/28/2022,1,34,34,14,4,863.05
8412,8/6/2025,3,3,3,4,2,272.47
8413,12/25/2024,4,29,29,18,2,51.84
8414,10/10/2021,2,17,17,17,2,156.36
8415,12/21/2021,2,25,25,7,4,790.06
8416,12/1/2024,3,20,20,3,3,341.36
8417,6/9/2024,1,35,35,11,1,179.65
8418,2/11/2023,3,26,26,14,5,977.11
8419,11/17/2024,3,5,5,8,3,270.79
8420,6/4/2023,5,19,19,17,1,79.76
8421,4/14/2023,1,34,34,1,5,901.18
8422,2/15/2023,5,13,13,14,3,551.24
8423,6/1/2025,5,13,13,16,2,57.31
8424,10/14/2022,2,17,17,10,1,47.4
8425,2/21/2025,2,8,8,3,4,418.55
8426,1/18/2025,2,37,37,6,5,873.58
8427,3/5/2024,2,40,40,16,4,114.99
8428,5/16/2023,1,31,31,8,2,190.78
8429,6/6/2023,2,37,37,8,4,384.14
8430,2/6/2024,2,37,37,15,2,275.93
8431,3/11/2024,2,25,25,4,5,676.53
8432,2/18/2022,2,39,39,13,2,271.27
8433,11/5/2023,5,10,10,11,4,691.59
8434,9/11/2023,5,19,19,15,4,535.57
8435,1/26/2022,3,5,5,7,4,709.62
8436,5/21/2023,2,37,37,7,5,1104.86
8437,8/27/2025,3,14,14,8,1,94.76
8438,8/13/2022,2,25,25,1,2,422.16
8439,8/15/2025,1,34,34,14,2,408.71
8440,11/11/2023,2,39,39,18,3,79.88
8441,11/13/2021,5,19,19,9,2,147.49
8442,6/15/2024,2,37,37,17,4,354.96
8443,3/31/2024,1,35,35,11,5,940.42
8444,10/23/2021,5,13,13,7,1,196.88
8445,4/10/2023,1,32,32,6,3,437.09
8446,9/5/2022,2,17,17,7,1,209.67
8447,9/29/2024,2,37,37,10,5,193.67
8448,3/30/2025,2,1,1,6,5,797.62
8449,1/2/2023,5,9,9,10,3,125.06
8450,5/6/2024,2,1,1,15,4,418.29
8451,10/25/2022,4,12,12,3,2,180.97
8452,4/29/2023,2,1,1,5,3,194.35
8453,2/11/2024,2,8,8,9,5,377.76
8454,9/8/2024,5,21,21,16,5,152.39
8455,11/23/2023,3,26,26,6,5,869.36
8456,10/15/2024,2,1,1,13,4,701.05
8457,7/27/2024,3,22,22,13,5,827.38
8458,8/25/2025,2,24,24,14,1,145.08
8459,4/28/2023,5,15,15,15,4,514.82
8460,9/25/2022,5,10,10,6,2,373.46
8461,9/15/2022,2,40,40,1,1,174.36
8462,5/3/2025,3,3,3,8,2,199.3
8463,6/20/2024,5,13,13,8,2,205.43
8464,7/8/2025,2,39,39,13,3,536.65
8465,6/17/2024,2,17,17,18,3,73.36
8466,8/25/2025,2,39,39,3,3,255.69
8467,3/23/2023,5,9,9,12,4,216.36
8468,10/11/2021,2,17,17,15,3,429.11
8469,3/22/2025,5,19,19,6,4,668.68
8470,11/29/2023,2,7,7,4,4,622.08
8471,11/7/2024,5,6,6,12,5,240.91
8472,1/1/2025,2,25,25,2,4,341.11
8473,12/15/2024,2,40,40,1,4,683.65
8474,8/21/2023,1,11,11,14,1,184.46
8475,9/28/2021,5,15,15,11,2,389.86
8476,1/5/2023,2,7,7,8,1,115.15
8477,6/15/2022,5,6,6,8,4,377.55
8478,6/26/2025,4,27,27,8,4,401.15
8479,10/27/2023,2,24,24,6,2,294.65
8480,7/10/2022,1,31,31,18,2,54.52
8481,11/3/2022,2,7,7,8,2,192.74
8482,1/14/2024,2,25,25,10,5,247.23
8483,7/16/2022,2,25,25,9,2,154.47
8484,12/29/2023,2,8,8,3,1,85.29
8485,3/3/2024,4,27,27,4,5,645.51
8486,11/29/2022,2,7,7,13,5,920.56
8487,10/24/2023,2,25,25,14,3,470.69
8488,4/3/2024,2,25,25,11,2,400
8489,8/2/2022,2,40,40,15,5,603.81
8490,7/26/2023,2,1,1,8,2,207.65
8491,12/29/2022,2,17,17,6,3,500.91
8492,3/13/2022,2,17,17,13,5,768.7
8493,11/16/2022,2,8,8,5,3,190.3
8494,3/17/2023,2,37,37,1,4,630.62
8495,10/5/2021,2,39,39,12,1,55.85
8496,10/2/2024,2,8,8,6,5,840.86
8497,7/16/2025,3,38,38,3,1,78.91
8498,3/5/2025,2,7,7,7,5,1081.72
8499,5/11/2022,1,32,32,14,3,529.59
8500,7/4/2022,2,8,8,2,2,168.95
8501,10/30/2021,2,40,40,1,3,654.31
8502,10/29/2021,2,17,17,7,1,185.3
8503,7/6/2024,2,24,24,17,1,96.42
8504,7/15/2024,4,36,36,15,1,121.94
8505,10/18/2021,2,7,7,8,3,253.93
8506,6/13/2024,2,25,25,11,1,164.55
8507,10/14/2024,5,9,9,12,2,127.15
8508,1/28/2025,2,37,37,7,4,875.02
8509,10/20/2023,2,17,17,7,4,898.88
8510,9/14/2022,2,7,7,8,1,106.99
8511,9/18/2022,2,1,1,16,5,145.27
8512,1/9/2022,4,30,30,12,2,114.9
8513,4/6/2025,5,21,21,11,4,573.4
8514,9/3/2022,2,8,8,5,5,320.56
8515,8/2/2023,5,15,15,16,2,51.74
8516,12/4/2024,5,15,15,10,2,95.94
8517,7/2/2024,2,25,25,5,5,437.14
8518,12/10/2021,1,31,31,2,4,358.66
8519,12/3/2024,5,6,6,18,2,49.31
8520,5/21/2024,2,25,25,15,4,603.03
8521,12/23/2021,5,13,13,15,4,563.19
8522,2/11/2024,3,2,2,10,5,204.16
8523,8/28/2022,5,19,19,18,5,131.29
8524,4/17/2025,2,17,17,3,5,580.6
8525,9/6/2023,2,17,17,6,3,585.26
8526,6/4/2024,2,1,1,15,2,270.71
8527,7/26/2023,4,33,33,14,2,427.46
8528,5/17/2024,1,11,11,3,3,341.24
8529,9/25/2021,2,17,17,4,1,150.64
8530,12/23/2022,2,8,8,14,4,626.23
8531,2/2/2023,5,6,6,11,2,334.42
8532,9/30/2024,3,2,2,4,4,575.95
8533,7/12/2024,5,19,19,3,5,523.88
8534,1/21/2024,2,17,17,12,2,106.55
8535,1/27/2024,3,38,38,10,2,89.3
8536,2/6/2023,1,32,32,6,4,773.79
8537,8/15/2025,3,4,4,6,1,200.82
8538,11/15/2022,5,19,19,1,2,438.06
8539,2/13/2023,1,11,11,17,5,388.29
8540,12/10/2023,1,35,35,16,3,93.13
8541,2/1/2022,2,1,1,9,5,332.4
8542,4/3/2025,2,24,24,9,3,240.87
8543,10/1/2021,2,7,7,10,5,214.1
8544,12/23/2022,2,40,40,18,4,108.47
8545,10/22/2021,5,10,10,6,3,532.85
8546,3/17/2023,2,37,37,7,4,699.1
8547,3/4/2024,1,31,31,10,3,112.31
8548,6/14/2023,5,9,9,8,4,434.13
8549,1/17/2024,2,39,39,13,1,183.14
8550,4/3/2023,2,7,7,11,2,304.82
8551,6/23/2025,2,40,40,7,2,392.51
8552,8/4/2023,4,29,29,11,1,165.56
8553,2/21/2023,5,19,19,3,2,157.48
8554,2/26/2022,1,32,32,2,5,463.75
8555,6/25/2022,2,39,39,4,1,154.31
8556,4/24/2022,5,10,10,8,5,570.12
8557,12/29/2021,4,23,23,3,3,259.94
8558,2/13/2023,1,34,34,1,4,794.47
8559,4/2/2025,2,39,39,12,3,162.8
8560,4/8/2025,2,37,37,18,1,21.55
8561,12/23/2022,2,7,7,3,2,225.42
8562,7/29/2022,2,17,17,3,3,337.94
8563,1/31/2023,2,39,39,1,5,793.35
8564,7/29/2025,1,31,31,11,5,723.74
8565,12/1/2023,2,39,39,14,1,149.26
8566,8/27/2023,2,8,8,6,3,443.68
8567,7/22/2024,5,19,19,11,4,749.19
8568,10/3/2023,2,25,25,5,1,74.78
8569,2/24/2023,1,34,34,5,3,179.57
8570,11/1/2023,2,17,17,9,1,67.61
8571,9/6/2025,5,9,9,7,5,979.03
8572,10/4/2024,4,27,27,18,5,129.32
8573,7/1/2022,2,8,8,3,1,95.72
8574,6/13/2024,2,25,25,11,1,173.6
8575,7/6/2024,2,1,1,2,2,187.92
8576,3/23/2025,5,15,15,7,5,884.37
8577,8/27/2025,2,17,17,16,4,130.69
8578,9/18/2023,2,39,39,12,5,347.01
8579,1/14/2022,2,40,40,1,2,345.76
8580,7/1/2022,2,40,40,5,3,207.39
8581,5/4/2023,5,21,21,17,1,67.97
8582,9/8/2022,2,24,24,1,1,189.2
8583,5/13/2023,1,11,11,2,4,344.56
8584,2/7/2025,2,25,25,11,3,445.45
8585,6/1/2024,2,24,24,8,1,109.74
8586,9/21/2023,2,1,1,5,5,390.76
8587,5/25/2025,2,40,40,13,3,522.15
8588,8/3/2024,2,1,1,7,5,1021.11
8589,8/1/2025,2,24,24,12,4,244.01
8590,11/18/2023,2,40,40,10,1,43.93
8591,8/12/2025,5,15,15,15,5,663.62
8592,8/18/2022,2,24,24,10,1,42.36
8593,3/11/2022,5,19,19,16,2,66.76
8594,6/19/2025,2,39,39,7,5,1035.46
8595,12/4/2022,3,2,2,9,3,246.16
8596,4/17/2024,2,1,1,5,4,252.18
8597,5/26/2025,2,25,25,10,2,79.49
8598,1/29/2022,2,37,37,13,1,140.16
8599,12/15/2024,2,8,8,5,1,84.23
8600,3/29/2022,1,31,31,9,4,347.63
8601,11/25/2024,1,11,11,14,5,853.08
8602,2/3/2022,5,21,21,18,1,24.14
8603,9/28/2022,2,8,8,10,1,45.23
8604,1/21/2025,3,22,22,17,4,316.59
8605,1/29/2022,2,7,7,11,3,426.94
8606,11/30/2023,2,37,37,15,2,265.1
8607,10/29/2023,2,37,37,6,4,587.14
8608,5/26/2022,2,8,8,10,2,81.2
8609,12/3/2023,2,40,40,4,3,478.7
8610,3/29/2025,4,27,27,18,5,103.59
8611,1/22/2022,1,35,35,1,4,617.22
8612,6/14/2024,2,17,17,2,3,250.29
8613,8/4/2024,5,21,21,17,5,438.39
8614,9/8/2025,2,40,40,4,3,363.47
8615,2/27/2023,2,24,24,14,4,864.28
8616,9/1/2024,2,17,17,8,2,224.57
8617,8/13/2025,2,39,39,15,3,458.96
8618,5/3/2023,3,20,20,9,2,182.77
8619,2/3/2025,2,25,25,8,5,474.64
8620,10/22/2023,5,19,19,11,1,191.83
8621,2/23/2024,2,17,17,7,2,459.17
8622,4/7/2023,2,8,8,7,5,1166.87
8623,10/19/2023,5,10,10,4,2,312.06
8624,6/20/2022,2,25,25,2,2,172.1
8625,7/30/2023,5,21,21,13,4,615.48
8626,6/19/2022,2,7,7,16,5,151.56
8627,3/11/2024,4,30,30,3,1,87.86
8628,8/20/2024,2,25,25,10,1,36.49
8629,10/7/2022,4,29,29,3,2,231.64
8630,1/6/2025,2,25,25,10,4,147.6
8631,10/16/2021,2,24,24,9,3,249.42
8632,9/14/2023,2,25,25,16,5,139.08
8633,12/3/2023,2,1,1,12,4,208.1
8634,12/5/2023,2,8,8,3,3,316.2
8635,8/20/2025,2,1,1,11,5,995.97
8636,11/15/2022,2,37,37,17,4,348.32
8637,6/25/2024,5,10,10,12,2,119.68
8638,8/30/2023,2,25,25,9,4,310.59
8639,2/19/2025,2,25,25,2,4,313.09
8640,3/23/2025,2,25,25,12,4,202.07
8641,10/13/2021,2,7,7,18,3,63.15
8642,10/10/2021,2,24,24,1,4,719.75
8643,6/16/2023,2,25,25,8,4,331.99
8644,8/23/2023,2,1,1,14,3,623.95
8645,1/18/2022,3,38,38,18,1,21.31
8646,10/30/2024,5,6,6,5,2,167.66
8647,6/19/2023,2,24,24,5,1,78.02
8648,4/16/2023,2,40,40,1,4,633.52
8649,10/5/2021,5,9,9,11,2,306.87
8650,7/27/2024,1,35,35,2,1,79.7
8651,2/28/2025,5,19,19,15,5,703.52
8652,3/5/2025,2,7,7,2,5,452.11
8653,4/28/2024,1,31,31,18,5,125.92
8654,11/19/2021,2,7,7,17,2,192.72
8655,7/18/2023,2,25,25,11,5,759.91
8656,8/27/2024,2,7,7,2,2,154.4
8657,8/27/2025,2,1,1,10,5,226.32
8658,5/11/2024,2,1,1,2,4,351.24
8659,4/12/2022,2,39,39,5,1,63.83
8660,5/2/2024,5,13,13,8,1,79.91
8661,3/22/2024,3,14,14,7,4,951.11
8662,7/27/2022,2,1,1,13,5,679.2
8663,12/17/2021,5,6,6,7,4,907.18
8664,8/16/2025,2,17,17,17,1,78.55
8665,9/21/2021,5,10,10,11,5,877.63
8666,9/10/2025,2,25,25,1,4,766.71
8667,10/22/2024,2,7,7,16,3,78.43
8668,2/8/2023,2,7,7,1,4,670
8669,5/15/2025,1,11,11,5,3,181.56
8670,1/13/2023,3,22,22,18,5,105.5
8671,9/4/2025,2,39,39,18,5,107.09
8672,1/8/2025,5,10,10,9,5,472.18
8673,12/8/2023,2,1,1,8,2,199.48
8674,10/31/2023,2,25,25,18,4,102.21
8675,1/23/2025,2,24,24,14,1,188.87
8676,9/2/2023,2,1,1,7,4,778.1
8677,12/2/2023,5,21,21,5,4,239.49
8678,9/7/2025,5,21,21,12,5,301.85
8679,10/11/2022,5,19,19,13,2,308.74
8680,12/6/2023,2,24,24,11,1,189.7
8681,3/3/2022,2,1,1,17,4,326.03
8682,10/16/2024,2,1,1,2,2,199.59
8683,9/21/2024,3,2,2,16,5,167.08
8684,12/3/2024,2,37,37,3,1,109.4
8685,4/17/2023,2,1,1,3,1,83.85
8686,12/11/2024,2,24,24,11,2,310.26
8687,10/2/2024,3,4,4,2,3,228.77
8688,4/17/2024,5,10,10,14,1,214.41
8689,11/24/2024,2,8,8,3,2,204.07
8690,8/23/2024,2,40,40,17,4,379.62
8691,3/4/2025,5,10,10,3,4,452.75
8692,8/15/2022,2,17,17,17,4,390.19
8693,2/18/2022,2,25,25,13,2,338.89
8694,12/20/2022,2,1,1,3,3,352.02
8695,9/16/2022,2,37,37,18,5,132.69
8696,8/28/2023,2,1,1,3,3,272.99
8697,9/8/2023,2,17,17,5,4,279.31
8698,6/4/2023,4,23,23,6,2,386.96
8699,2/11/2024,2,7,7,13,1,151.1
8700,12/3/2022,5,13,13,2,3,201.91
8701,9/8/2025,2,39,39,11,2,350.89
8702,6/21/2022,3,4,4,9,1,85.36
8703,8/18/2024,2,8,8,3,5,407.64
8704,4/29/2022,2,1,1,17,2,172.07
8705,7/5/2022,2,37,37,14,3,566.46
8706,3/5/2023,5,21,21,11,5,734.62
8707,10/25/2021,2,17,17,10,2,77.65
8708,7/14/2025,2,40,40,14,1,149.99
8709,12/13/2022,5,13,13,5,4,238.9
8710,12/7/2022,2,37,37,1,3,622.46
8711,3/5/2023,2,7,7,2,2,143.7
8712,9/3/2023,2,37,37,6,3,574.59
8713,6/16/2022,2,17,17,1,2,367.62
8714,9/8/2024,2,37,37,17,1,75.96
8715,4/4/2025,3,22,22,18,2,60.13
8716,8/15/2025,5,9,9,10,1,40.84
8717,9/18/2022,2,24,24,14,1,174.73
8718,11/19/2023,2,25,25,6,5,774.94
8719,6/2/2022,2,17,17,9,5,339.2
8720,4/29/2025,2,37,37,15,3,408.34
8721,7/4/2024,2,7,7,11,1,200.79
8722,10/16/2022,5,13,13,5,1,79.08
8723,8/14/2025,2,40,40,8,3,283.47
8724,4/24/2025,4,12,12,2,4,292.05
8725,6/4/2023,2,7,7,7,5,1104.93
8726,1/18/2023,2,8,8,9,3,191.57
8727,11/8/2022,2,25,25,16,5,135.59
8728,7/4/2022,2,39,39,8,4,352.77
8729,2/2/2024,2,25,25,6,3,441.38
8730,6/24/2022,2,17,17,4,1,133.3
8731,3/3/2025,2,25,25,13,5,869.49
8732,11/18/2024,2,37,37,1,5,850.03
8733,7/24/2024,5,21,21,18,4,83.64
8734,6/2/2025,2,40,40,11,1,167.12
8735,4/30/2022,4,27,27,1,5,878.88
8736,5/5/2022,2,7,7,8,3,289.06
8737,12/20/2022,2,25,25,3,4,359.05
8738,11/14/2022,5,19,19,16,2,52.37
8739,2/15/2025,5,10,10,7,1,231.39
8740,12/24/2024,2,37,37,16,4,106.27
8741,5/17/2022,2,25,25,13,2,284.85
8742,4/12/2025,2,37,37,1,5,795.53
8743,12/7/2024,2,1,1,5,2,161.93
8744,1/20/2023,1,11,11,14,2,295.06
8745,12/15/2022,3,16,16,9,1,87.96
8746,3/20/2023,2,7,7,2,1,95.09
8747,1/31/2023,2,7,7,8,4,393.75
8748,6/24/2022,2,1,1,7,5,1123.68
8749,8/8/2025,4,33,33,7,4,716.03
8750,7/31/2024,2,17,17,7,3,709.44
8751,9/19/2023,4,36,36,8,4,430.51
8752,12/8/2024,2,39,39,9,2,153.94
8753,7/11/2025,5,13,13,2,5,390.22
8754,9/2/2023,2,24,24,10,3,144.61
8755,7/10/2024,2,8,8,10,4,178.88
8756,3/16/2025,3,5,5,8,2,207.67
8757,3/12/2022,2,40,40,17,1,89.46
8758,10/7/2024,2,39,39,16,4,97.97
8759,5/30/2022,4,36,36,15,5,572.92
8760,1/10/2025,3,16,16,14,4,842.54
8761,12/3/2024,2,7,7,14,3,451.98
8762,2/5/2022,5,15,15,13,5,823.6
8763,3/25/2022,2,40,40,8,1,101.9
8764,7/13/2023,2,17,17,12,3,196.67
8765,9/19/2022,5,10,10,7,1,228.94
8766,10/17/2022,5,21,21,4,5,608.15
8767,7/25/2024,2,8,8,15,2,240.17
8768,5/14/2024,3,4,4,9,3,219.42
8769,4/23/2023,2,1,1,8,1,85.85
8770,3/12/2023,2,39,39,17,1,67.22
8771,6/30/2022,2,1,1,17,2,150.15
8772,9/18/2024,2,24,24,13,2,368.01
8773,1/13/2022,2,25,25,10,4,155.22
8774,12/9/2023,2,39,39,7,2,428.77
8775,2/19/2024,4,29,29,11,3,438.43
8776,10/13/2024,5,19,19,3,1,99.51
8777,2/21/2024,2,17,17,3,5,527.04
8778,3/28/2025,2,25,25,16,4,123.15
8779,4/10/2024,5,6,6,13,4,702.02
8780,1/16/2024,1,34,34,13,4,556.14
8781,11/30/2022,2,25,25,2,3,272.21
8782,4/10/2023,2,37,37,15,2,224.41
8783,3/3/2024,2,40,40,18,1,26.72
8784,9/26/2024,5,13,13,12,5,334.82
8785,9/9/2023,2,40,40,7,3,578.44
8786,9/5/2024,2,25,25,15,1,115.62
8787,10/16/2022,2,1,1,9,3,195.8
8788,5/22/2024,5,15,15,6,5,1008.35
8789,12/15/2021,4,29,29,12,4,227.84
8790,10/27/2023,2,37,37,10,1,43.65
8791,11/2/2021,2,1,1,18,4,112.87
8792,7/16/2022,5,15,15,1,5,750.13
8793,5/27/2025,2,7,7,16,5,148.93
8794,1/4/2023,3,38,38,18,4,88.57
8795,1/25/2022,2,1,1,16,2,57.98
8796,3/4/2025,5,13,13,2,3,215.81
8797,5/23/2022,2,39,39,16,3,85.78
8798,7/23/2024,5,15,15,18,1,22.34
8799,6/9/2025,2,37,37,16,4,125.39
8800,1/4/2023,2,25,25,9,5,415.82
8801,3/11/2024,2,7,7,5,1,61.73
8802,7/24/2025,5,13,13,6,2,380.03
8803,1/26/2024,2,37,37,4,3,458.08
8804,2/7/2024,2,17,17,9,1,77.19
8805,4/21/2023,2,8,8,13,3,408.34
8806,4/9/2023,3,2,2,17,5,368.15
8807,9/28/2023,2,1,1,2,5,499.43
8808,12/4/2024,5,19,19,2,2,187.17
8809,9/16/2024,3,4,4,7,4,853.91
8810,4/21/2023,3,18,18,7,1,214.28
8811,1/12/2024,2,7,7,2,5,489.32
8812,12/28/2022,3,22,22,12,3,165.61
8813,4/9/2025,2,25,25,4,2,232.62
8814,7/3/2025,2,1,1,9,4,312.73
8815,9/26/2021,2,17,17,5,2,158.22
8816,3/2/2023,2,25,25,10,3,111.18
8817,8/1/2023,5,10,10,8,5,413.31
8818,6/18/2024,4,33,33,11,3,589.42
8819,11/6/2021,5,6,6,17,2,169.76
8820,3/17/2024,2,25,25,1,2,376.64
8821,9/23/2021,2,25,25,6,1,200.67
8822,6/20/2023,2,17,17,16,1,22.81
8823,8/10/2025,2,17,17,10,4,148.02
8824,12/16/2023,5,13,13,5,1,81.88
8825,6/18/2024,5,19,19,18,2,57.49
8826,2/10/2024,2,24,24,8,2,168.23
8827,12/3/2022,2,37,37,18,3,72.15
8828,1/15/2025,2,39,39,4,5,720.96
8829,2/5/2022,2,25,25,4,2,326.97
8830,4/2/2022,3,20,20,5,2,135.05
8831,5/31/2022,3,18,18,17,2,182.48
8832,5/31/2023,2,39,39,13,4,680.76
8833,10/3/2021,4,27,27,12,3,167.92
8834,10/5/2023,2,1,1,11,5,939.04
8835,3/21/2024,2,17,17,7,5,846.32
8836,9/14/2024,5,10,10,7,2,475.33
8837,12/10/2022,5,6,6,3,3,347.32
8838,11/23/2021,2,1,1,14,4,580.36
8839,9/15/2022,5,10,10,15,2,265.29
8840,8/4/2025,2,8,8,5,3,189.76
8841,1/10/2022,3,5,5,3,5,505.27
8842,7/1/2022,4,36,36,3,3,345.6
8843,1/25/2022,2,1,1,15,3,362.51
8844,6/16/2025,5,19,19,6,3,593.23
8845,12/20/2022,5,19,19,16,4,105.6
8846,8/21/2024,4,33,33,2,1,79.91
8847,12/9/2021,2,37,37,4,3,406.34
8848,12/7/2024,2,7,7,15,4,454
8849,9/2/2022,2,24,24,5,1,71.41
8850,4/11/2023,2,25,25,14,5,736.6
8851,5/6/2025,1,34,34,17,3,294.16
8852,6/12/2022,2,17,17,3,3,306.91
8853,2/5/2024,2,17,17,6,2,280.11
8854,1/8/2024,2,37,37,12,3,151.03
8855,8/14/2024,2,39,39,16,1,31.31
8856,11/12/2021,2,17,17,17,4,343.47
8857,8/31/2025,2,7,7,4,2,226.9
8858,8/11/2023,3,4,4,2,1,84.02
8859,8/11/2022,2,37,37,14,2,354.78
8860,12/3/2021,2,39,39,8,2,230.82
8861,4/3/2024,2,39,39,7,2,382.6
8862,11/21/2022,2,24,24,13,4,551.81
8863,11/13/2024,4,23,23,8,3,261.54
8864,12/23/2023,2,8,8,6,1,137.76
8865,9/18/2023,2,25,25,1,5,808.72
8866,11/8/2023,2,17,17,6,1,196.21
8867,2/19/2025,5,13,13,8,2,232.81
8868,8/19/2023,5,13,13,10,4,155.51
8869,9/2/2024,4,27,27,10,2,102.68
8870,3/21/2022,1,31,31,9,1,86.15
8871,10/8/2021,1,35,35,10,3,146.09
8872,10/3/2021,1,11,11,8,2,172.67
8873,3/23/2022,3,2,2,2,5,473.23
8874,3/13/2022,2,8,8,13,4,667.91
8875,6/5/2022,5,21,21,7,3,529.64
8876,11/26/2024,2,37,37,5,5,314.09
8877,10/8/2021,2,37,37,15,2,265.56
8878,8/23/2023,2,25,25,9,1,90.43
8879,11/11/2021,2,17,17,12,4,279.97
8880,7/27/2025,5,9,9,5,3,201.87
8881,1/23/2025,2,39,39,17,5,361.88
8882,12/28/2022,2,7,7,18,3,72.17
8883,4/19/2022,2,7,7,9,2,136.19
8884,3/10/2025,3,2,2,9,5,469.28
8885,9/5/2025,2,37,37,6,1,137.97
8886,9/9/2022,4,33,33,1,1,206.38
8887,8/31/2023,2,25,25,10,2,82.32
8888,1/23/2022,2,37,37,13,5,863.02
8889,6/3/2023,2,25,25,11,1,169.25
8890,10/19/2023,3,3,3,1,1,163.9
8891,12/31/2024,1,34,34,7,3,564.55
8892,5/21/2024,2,39,39,9,3,210
8893,12/15/2022,2,37,37,4,4,492.35
8894,9/24/2023,5,9,9,15,1,107.5
8895,7/18/2024,2,1,1,10,3,130.65
8896,4/8/2023,2,25,25,11,4,557.42
8897,10/12/2022,2,25,25,12,2,137.11
8898,4/11/2024,5,13,13,17,2,155.94
8899,4/1/2022,2,24,24,17,2,151.71
8900,8/29/2025,2,1,1,2,4,367.29
8901,12/19/2022,5,9,9,14,4,832.28
8902,1/4/2024,2,24,24,10,3,155.58
8903,1/25/2025,2,39,39,9,1,69.44
8904,5/8/2025,5,9,9,11,2,292.19
8905,3/10/2024,2,1,1,18,4,116.45
8906,5/25/2023,2,7,7,12,2,134.16
8907,3/1/2022,2,40,40,8,5,471.94
8908,4/6/2025,2,39,39,3,2,190.88
8909,2/20/2023,2,1,1,1,5,781.94
8910,7/19/2024,4,33,33,10,5,224.55
8911,6/6/2022,1,32,32,16,2,62
8912,7/30/2023,2,1,1,14,2,337.19
8913,11/9/2021,2,37,37,5,5,438.46
8914,10/26/2022,4,27,27,16,3,72.22
8915,6/24/2024,2,8,8,6,5,864.76
8916,1/12/2024,2,40,40,9,2,126.39
8917,4/16/2023,4,30,30,1,4,826.39
8918,1/19/2023,4,27,27,18,3,84.05
8919,4/7/2023,2,40,40,2,1,72.14
8920,11/23/2022,2,1,1,15,1,117.86
8921,12/17/2024,2,24,24,14,2,367.93
8922,8/30/2022,2,37,37,4,4,582.93
8923,8/23/2023,5,15,15,16,2,65.88
8924,9/19/2024,2,39,39,7,3,697.35
8925,10/15/2023,2,17,17,7,4,820.28
8926,12/15/2024,2,8,8,13,2,300.32
8927,5/6/2024,2,37,37,16,1,24.65
8928,9/21/2022,2,24,24,12,1,69.72
8929,6/7/2025,2,40,40,18,4,107.83
8930,8/22/2022,1,34,34,11,2,382.53
8931,4/25/2025,1,31,31,13,2,326.95
8932,3/3/2025,2,24,24,11,2,398.25
8933,12/10/2024,2,39,39,10,4,182.26
8934,3/24/2022,2,37,37,15,3,339.2
8935,9/1/2025,5,10,10,16,5,153.97
8936,9/7/2023,5,9,9,17,2,134.04
8937,3/15/2025,2,8,8,18,3,67.12
8938,4/7/2022,2,1,1,10,1,44.74
8939,6/29/2023,2,7,7,8,3,293.51
8940,4/29/2025,2,17,17,12,5,256.77
8941,11/5/2024,2,40,40,18,2,60.38
8942,12/29/2024,2,8,8,8,1,93.65
8943,9/30/2023,5,9,9,3,1,82.37
8944,9/2/2022,4,27,27,9,2,155.59
8945,8/19/2022,2,7,7,2,5,364.14
8946,5/29/2023,4,36,36,13,5,806.38
8947,10/16/2021,1,34,34,7,3,718.18
8948,6/21/2024,2,1,1,4,4,548.48
8949,1/10/2023,2,40,40,8,1,115.33
8950,10/4/2021,2,1,1,15,5,671.61
8951,9/4/2025,1,11,11,16,1,25.64
8952,7/20/2022,2,37,37,1,3,642.94
8953,5/23/2024,2,40,40,11,2,373.79
8954,10/17/2024,5,13,13,1,1,167.56
8955,9/20/2024,2,37,37,8,5,401.56
8956,5/18/2024,1,11,11,14,2,425.48
8957,8/26/2024,1,35,35,3,3,251.75
8958,9/12/2023,2,8,8,2,1,81.01
8959,8/15/2025,5,13,13,18,2,53.11
8960,2/1/2023,2,7,7,15,4,574.04
8961,6/23/2023,2,39,39,15,4,616.93
8962,5/31/2024,2,37,37,9,5,366.53
8963,8/10/2022,2,8,8,18,5,137.39
8964,3/31/2022,2,40,40,9,4,292.8
8965,5/26/2025,3,2,2,8,1,116.14
8966,7/1/2025,1,34,34,17,2,191.2
8967,5/29/2024,2,17,17,18,1,29.06
8968,12/26/2024,2,37,37,17,3,288.07
8969,12/14/2021,5,10,10,14,5,775.98
8970,3/16/2022,2,8,8,1,1,189.24
8971,1/27/2025,5,9,9,4,3,429.3
8972,8/22/2024,3,4,4,18,5,150.4
8973,12/26/2022,1,34,34,16,1,31.42
8974,9/28/2021,3,4,4,4,3,396.85
8975,4/11/2025,2,24,24,8,3,305.08
8976,1/26/2024,2,1,1,14,4,646.08
8977,4/15/2025,2,24,24,6,1,197.74
8978,4/7/2023,2,37,37,8,3,313.19
8979,1/10/2025,2,25,25,6,3,585.53
8980,8/20/2022,5,13,13,13,2,292.71
8981,11/25/2023,3,20,20,13,4,617.85
8982,2/18/2022,5,9,9,3,2,189.43
8983,2/6/2023,2,1,1,2,4,396.96
8984,12/25/2023,2,37,37,13,4,529.84
8985,7/20/2022,2,7,7,15,4,607.8
8986,3/10/2025,2,8,8,7,5,1042.52
8987,6/24/2024,3,20,20,13,5,624.84
8988,1/28/2023,2,8,8,1,4,808.56
8989,12/18/2022,3,3,3,2,3,292.77
8990,3/9/2022,5,15,15,17,1,94.11
8991,2/9/2024,5,19,19,16,3,91.69
8992,11/11/2023,2,40,40,10,5,189.78
8993,4/25/2024,2,40,40,15,3,367.42
8994,5/6/2025,5,19,19,8,2,171.36
8995,5/27/2024,2,40,40,11,3,553.7
8996,5/24/2023,5,19,19,18,2,45.97
8997,12/19/2023,2,37,37,10,2,101.97
8998,11/26/2023,2,40,40,4,5,618.51
8999,6/1/2024,3,20,20,3,1,98.04
9000,11/23/2024,2,37,37,3,5,482.88
9001,4/27/2025,2,1,1,2,2,136.13
9002,1/22/2023,2,24,24,14,5,884.35
9003,2/16/2025,2,39,39,11,1,185.88
9004,4/9/2025,3,2,2,2,3,235.32
9005,10/22/2023,3,22,22,5,3,219.31
9006,7/17/2024,2,7,7,3,3,323.27
9007,5/14/2023,2,24,24,5,4,283.13
9008,8/30/2023,5,9,9,5,4,293.52
9009,7/23/2025,2,7,7,9,5,441.26
9010,3/18/2024,5,6,6,6,3,516.21
9011,3/1/2024,4,36,36,2,5,334.1
9012,8/1/2022,4,36,36,1,1,208.31
9013,11/9/2021,5,21,21,18,1,27.42
9014,7/11/2023,2,17,17,3,1,80.84
9015,11/26/2023,2,25,25,3,3,328.73
9016,3/3/2024,5,10,10,14,5,1009.48
9017,9/19/2024,2,25,25,18,3,84.48
9018,4/16/2025,5,19,19,12,3,162.91
9019,2/13/2025,1,35,35,3,5,545.37
9020,4/22/2025,4,12,12,10,1,36.01
9021,1/21/2025,2,17,17,14,4,852.13
9022,1/23/2024,4,27,27,13,4,522.57
9023,1/7/2022,2,39,39,5,5,347.03
9024,6/29/2025,5,9,9,7,5,1156.94
9025,8/25/2025,2,8,8,10,4,202.35
9026,1/2/2023,2,7,7,2,1,69.8
9027,11/20/2024,2,25,25,8,5,397.39
9028,7/17/2025,5,15,15,8,4,379.96
9029,8/25/2024,5,21,21,9,3,195.8
9030,3/8/2023,4,33,33,14,4,770.84
9031,6/10/2023,2,8,8,14,3,501.23
9032,2/15/2025,2,25,25,8,1,112.88
9033,6/6/2024,2,25,25,2,4,326.69
9034,6/30/2023,5,6,6,18,5,125.71
9035,8/28/2022,2,40,40,1,5,1011.82
9036,9/13/2025,2,1,1,14,1,209.58
9037,5/26/2022,5,10,10,11,2,300
9038,6/19/2025,2,39,39,9,1,80.85
9039,7/30/2024,5,15,15,14,5,1020.37
9040,1/6/2024,2,7,7,12,1,63.08
9041,8/2/2022,3,5,5,6,2,403.71
9042,1/12/2025,2,37,37,5,5,389.27
9043,3/30/2024,2,8,8,12,1,65.44
9044,6/3/2025,2,17,17,7,3,507.25
9045,9/13/2023,2,39,39,4,2,246.22
9046,8/26/2023,2,24,24,4,4,654.45
9047,7/24/2022,2,37,37,18,5,129.79
9048,1/29/2025,2,40,40,11,5,782.19
9049,8/13/2025,1,32,32,11,3,449.38
9050,10/26/2021,2,1,1,15,4,544.03
9051,12/26/2021,1,11,11,17,1,75.5
9052,6/29/2023,2,1,1,3,5,404.32
9053,9/3/2023,1,31,31,9,3,268.27
9054,7/15/2025,2,8,8,7,3,547.11
9055,11/22/2023,2,17,17,8,4,389.05
9056,12/30/2021,5,9,9,18,5,138.34
9057,2/16/2024,2,25,25,11,2,279.76
9058,5/30/2024,2,39,39,13,5,688.76
9059,8/29/2025,2,25,25,7,5,973.4
9060,4/19/2022,2,8,8,10,3,127.94
9061,10/20/2024,2,7,7,5,4,330.73
9062,9/19/2022,2,24,24,1,2,352.86
9063,10/17/2023,2,40,40,16,1,25.72
9064,1/17/2022,5,9,9,10,3,109.2
9065,7/28/2023,5,6,6,11,5,902.32
9066,5/5/2024,3,16,16,4,5,648.78
9067,3/8/2024,5,19,19,17,3,253.92
9068,4/15/2022,2,25,25,8,1,80.15
9069,3/31/2023,2,25,25,1,1,212.89
9070,7/27/2024,5,21,21,10,5,235.91
9071,11/18/2024,1,34,34,9,3,242.04
9072,1/7/2024,5,21,21,1,2,321.51
9073,3/29/2025,5,13,13,11,1,179.33
9074,8/20/2022,1,34,34,2,4,377.74
9075,6/20/2022,2,17,17,10,4,206.77
9076,10/19/2023,2,37,37,7,3,708.95
9077,9/22/2021,2,39,39,12,4,270.91
9078,5/26/2023,2,25,25,1,5,1000.12
9079,8/23/2023,2,40,40,17,5,432.33
9080,4/14/2022,2,24,24,9,1,74.59
9081,6/1/2023,2,8,8,12,5,348.99
9082,5/10/2025,2,1,1,3,3,297.06
9083,1/5/2025,3,4,4,8,2,158.06
9084,7/1/2022,5,21,21,18,2,44.07
9085,8/30/2024,2,39,39,14,2,346.48
9086,1/6/2023,2,17,17,8,4,429.86
9087,12/22/2022,1,32,32,17,1,80.76
9088,6/26/2024,2,24,24,10,5,197.69
9089,4/27/2023,2,1,1,14,4,653.61
9090,3/18/2022,2,1,1,10,4,191.11
9091,10/1/2024,2,39,39,17,5,424.67
9092,9/18/2021,2,25,25,17,4,350.56
9093,9/9/2025,4,29,29,12,1,66.7
9094,12/17/2022,3,16,16,8,2,193.51
9095,4/8/2025,2,8,8,8,2,178.99
9096,7/14/2024,5,9,9,3,2,157.22
9097,8/17/2022,2,7,7,1,3,483.99
9098,8/31/2025,2,39,39,7,4,906.24
9099,9/10/2022,2,17,17,9,5,445.05
9100,8/20/2023,5,6,6,9,1,80.72
9101,11/7/2021,2,40,40,16,5,154.27
9102,11/19/2024,4,29,29,3,3,239.38
9103,12/2/2024,2,24,24,17,4,399.88
9104,7/21/2022,2,1,1,11,2,347.85
9105,3/29/2024,2,25,25,1,3,482.99
9106,4/15/2023,3,14,14,16,5,159.48
9107,7/19/2024,2,24,24,4,4,655.41
9108,7/10/2024,2,8,8,7,2,437.95
9109,10/31/2023,2,7,7,4,4,464.4
9110,5/6/2025,2,17,17,9,5,386.44
9111,4/29/2025,2,7,7,3,3,259.54
9112,6/5/2023,2,25,25,16,4,97.29
9113,8/7/2023,5,10,10,14,2,351.09
9114,10/8/2021,1,32,32,4,4,589.67
9115,4/2/2023,2,8,8,10,3,135.43
9116,5/12/2023,2,7,7,1,2,330.81
9117,1/16/2022,2,17,17,11,2,405.56
9118,8/24/2023,2,24,24,8,5,539.98
9119,6/7/2025,2,37,37,13,3,446.49
9120,11/15/2024,5,13,13,11,1,193.01
9121,8/27/2023,5,6,6,7,5,1094.58
9122,3/29/2024,2,8,8,16,5,132.44
9123,1/18/2022,2,25,25,7,1,166.41
9124,11/3/2023,2,7,7,8,3,308.92
9125,6/27/2023,2,24,24,8,5,558.15
9126,7/5/2022,2,37,37,18,3,89.76
9127,8/22/2024,3,18,18,2,4,376.99
9128,3/7/2025,2,25,25,6,4,799.17
9129,12/14/2021,2,37,37,5,3,216.06
9130,12/27/2022,2,8,8,14,2,361.88
9131,5/23/2023,2,8,8,4,5,787.37
9132,6/23/2024,2,37,37,13,5,867
9133,5/11/2025,2,25,25,18,2,45.52
9134,6/30/2023,2,39,39,3,5,450.04
9135,6/27/2022,2,17,17,10,5,216.62
9136,5/22/2024,2,37,37,9,1,70.67
9137,5/5/2022,2,17,17,13,4,675.61
9138,3/24/2022,5,15,15,3,3,275.65
9139,9/21/2023,1,34,34,11,2,393.82
9140,11/4/2024,2,8,8,14,3,552.58
9141,9/9/2023,2,24,24,6,5,766.88
9142,3/10/2023,2,7,7,3,1,90.24
9143,3/4/2022,2,40,40,12,5,240.28
9144,4/5/2023,2,40,40,18,4,115.98
9145,8/25/2025,2,7,7,3,3,316.33
9146,1/7/2025,2,17,17,12,5,264.2
9147,7/3/2025,2,7,7,12,5,274.7
9148,3/15/2022,4,30,30,3,1,80.63
9149,2/8/2022,5,19,19,4,2,235.1
9150,11/1/2024,2,25,25,18,5,130.67
9151,6/25/2023,2,39,39,2,2,164.31
9152,5/22/2022,2,24,24,4,3,450.86
9153,8/14/2023,2,7,7,3,5,438.14
9154,6/28/2024,2,40,40,16,2,64.33
9155,9/1/2025,2,39,39,10,5,231.2
9156,1/30/2023,2,40,40,10,2,92.25
9157,7/7/2024,2,17,17,2,4,333.67
9158,9/25/2022,2,25,25,16,5,131.53
9159,2/16/2023,5,21,21,18,3,89.26
9160,7/10/2025,3,26,26,2,1,81.35
9161,4/26/2025,2,39,39,13,1,136.59
9162,12/18/2022,2,39,39,9,4,359.02
9163,3/24/2024,2,40,40,10,1,46.67
9164,1/16/2024,2,40,40,6,5,932.75
9165,5/10/2023,2,24,24,3,5,457.17
9166,8/15/2025,2,37,37,13,4,685.06
9167,8/6/2022,2,1,1,14,1,208.24
9168,10/14/2022,1,34,34,3,4,398.89
9169,12/2/2022,5,10,10,3,5,519.65
9170,12/1/2021,2,17,17,7,4,782.15
9171,5/28/2025,5,21,21,14,4,745.87
9172,1/2/2022,3,14,14,11,1,202.98
9173,8/10/2022,2,7,7,16,4,104.57
9174,12/14/2021,3,38,38,10,3,149.04
9175,11/19/2023,2,17,17,15,5,559.31
9176,11/11/2022,5,21,21,17,5,343.44
9177,5/16/2024,2,17,17,10,2,89.87
9178,5/4/2024,2,7,7,10,2,93.2
9179,7/21/2023,2,37,37,16,3,95.27
9180,5/28/2024,2,7,7,3,3,266.15
9181,6/4/2024,3,38,38,2,1,88.61
9182,7/18/2023,2,17,17,8,3,299.45
9183,12/16/2023,1,31,31,7,2,450.29
9184,7/29/2025,2,24,24,16,5,135.43
9185,2/19/2022,2,17,17,15,2,282.39
9186,11/7/2024,5,15,15,9,3,266.82
9187,12/3/2021,5,21,21,4,2,247.95
9188,10/23/2021,2,17,17,16,1,24.17
9189,5/23/2022,2,39,39,7,2,446.14
9190,1/27/2025,4,27,27,7,2,386.12
9191,11/6/2022,1,31,31,12,4,242.54
9192,4/21/2022,2,39,39,16,1,26.15
9193,5/26/2025,5,15,15,13,2,339.8
9194,9/7/2024,1,31,31,1,3,644.29
9195,5/9/2022,2,39,39,12,1,60.46
9196,4/26/2023,2,1,1,6,3,595.97
9197,8/22/2023,5,13,13,17,5,427.38
9198,10/12/2022,2,40,40,9,1,80.37
9199,2/29/2024,2,24,24,13,4,636.39
9200,12/7/2023,5,6,6,6,4,721.57
9201,3/7/2025,5,15,15,9,2,129.89
9202,10/9/2021,2,24,24,6,4,791.24
9203,10/27/2021,5,21,21,9,1,66.49
9204,2/9/2023,2,7,7,13,1,160.21
9205,8/2/2022,2,39,39,18,3,75.09
9206,9/18/2022,2,37,37,6,5,727.43
9207,11/10/2022,2,37,37,18,1,21.52
9208,11/29/2022,2,40,40,5,4,255.95
9209,7/26/2025,2,8,8,7,2,391.69
9210,9/21/2021,5,6,6,10,4,185.91
9211,5/29/2025,5,10,10,8,5,581.25
9212,12/12/2021,2,1,1,12,5,279.18
9213,9/4/2022,3,2,2,5,3,182.77
9214,8/7/2022,2,7,7,5,5,385.97
9215,9/10/2022,2,40,40,6,5,881.03
9216,12/29/2021,2,1,1,7,2,451.48
9217,3/6/2025,2,24,24,6,4,731.89
9218,10/19/2023,2,39,39,16,4,122.96
9219,6/22/2023,5,15,15,13,2,353.8
9220,1/28/2023,2,24,24,13,5,841.6
9221,2/18/2024,2,24,24,17,3,203.56
9222,10/6/2023,2,40,40,4,1,127.68
9223,9/2/2024,5,19,19,10,1,34.96
9224,7/27/2024,2,7,7,18,4,82.14
9225,6/12/2023,2,25,25,3,4,379.2
9226,2/5/2024,2,1,1,8,3,249.41
9227,12/17/2024,5,15,15,15,3,329.4
9228,10/19/2023,5,10,10,4,4,476.43
9229,1/13/2025,4,23,23,6,3,494.55
9230,6/23/2023,5,10,10,5,3,259.69
9231,8/11/2023,5,9,9,9,3,205.61
9232,3/3/2022,5,6,6,3,3,323.92
9233,9/10/2025,2,7,7,8,3,307.73
9234,11/2/2021,2,8,8,5,4,262.1
9235,9/14/2025,2,17,17,5,1,82.67
9236,10/11/2022,2,25,25,9,4,315.17
9237,2/2/2023,3,4,4,3,3,310.67
9238,1/9/2023,2,7,7,3,2,223.21
9239,4/25/2025,2,37,37,15,4,419.23
9240,10/21/2021,1,31,31,12,2,137.29
9241,12/12/2024,2,7,7,17,2,174.29
9242,8/16/2025,2,24,24,12,3,149.15
9243,3/11/2025,5,15,15,8,3,250.91
9244,7/27/2022,2,24,24,17,4,395.75
9245,10/1/2022,2,24,24,9,4,252.89
9246,10/21/2022,2,25,25,9,4,331.23
9247,4/22/2024,2,1,1,11,2,349.15
9248,9/14/2023,2,7,7,1,5,1068.55
9249,5/30/2023,1,31,31,12,3,183.38
9250,3/5/2025,2,7,7,6,1,161.05
9251,7/10/2023,2,7,7,6,1,183.05
9252,7/13/2024,2,40,40,11,4,779.62
9253,7/11/2025,5,15,15,6,5,905.05
9254,6/10/2023,2,1,1,18,1,24.74
9255,6/4/2023,1,31,31,14,1,200.58
9256,10/27/2024,2,7,7,7,2,365.1
9257,12/23/2021,3,4,4,9,4,336.1
9258,6/10/2024,2,8,8,14,4,837.01
9259,3/17/2023,3,16,16,10,3,143.82
9260,1/2/2022,2,25,25,12,2,123.4
9261,11/15/2024,2,17,17,7,2,468.4
9262,11/12/2024,2,25,25,10,2,101.73
9263,9/18/2024,1,31,31,9,3,189.73
9264,2/25/2024,2,24,24,8,3,274.15
9265,12/23/2023,2,17,17,2,1,74.25
9266,1/27/2024,2,39,39,4,3,334.97
9267,9/5/2024,4,12,12,3,2,219.72
9268,3/20/2023,5,13,13,13,3,551.22
9269,10/13/2023,2,8,8,11,3,543.32
9270,1/15/2022,2,8,8,3,2,184.43
9271,5/4/2025,5,13,13,10,3,107.63
9272,5/17/2022,2,17,17,15,2,237.41
9273,3/6/2022,2,40,40,12,5,282.21
9274,7/21/2024,1,34,34,12,3,159.94
9275,1/12/2023,5,15,15,13,5,689.39
9276,12/26/2024,2,37,37,6,3,431.48
9277,12/1/2024,2,25,25,5,4,263.54
9278,10/29/2022,2,8,8,6,5,808.55
9279,8/13/2023,2,17,17,3,3,274.76
9280,3/22/2022,5,6,6,5,1,68.31
9281,6/6/2025,2,17,17,13,4,636.25
9282,12/3/2023,5,9,9,3,5,455.18
9283,4/17/2025,4,33,33,5,3,246.68
9284,6/21/2022,2,37,37,9,1,78.43
9285,11/15/2023,2,7,7,6,3,471.53
9286,9/21/2022,2,37,37,5,2,149.68
9287,6/15/2022,5,9,9,6,2,287.24
9288,9/29/2024,1,11,11,9,2,148.24
9289,12/4/2021,3,16,16,4,5,812.19
9290,8/4/2022,2,39,39,14,5,832.48
9291,12/12/2024,2,7,7,2,1,78.49
9292,8/24/2024,2,39,39,17,2,155.77
9293,8/13/2022,5,15,15,9,2,188.46
9294,2/25/2022,2,40,40,14,5,880.35
9295,11/10/2023,2,7,7,6,4,817.23
9296,12/6/2023,2,40,40,18,2,44.22
9297,8/3/2024,1,35,35,11,3,457.54
9298,7/6/2025,2,7,7,17,5,480.62
9299,9/23/2023,2,17,17,16,2,48.18
9300,10/6/2023,2,1,1,16,1,24.96
9301,11/1/2023,2,40,40,17,5,403.34
9302,5/12/2024,1,11,11,5,4,324.56
9303,12/18/2022,2,17,17,9,2,179.79
9304,5/10/2022,3,14,14,14,5,764.84
9305,6/25/2024,3,26,26,12,4,254.06
9306,3/4/2024,2,1,1,8,1,104.53
9307,12/22/2023,2,1,1,11,3,551.87
9308,7/28/2023,2,1,1,5,5,392.34
9309,11/17/2024,2,1,1,15,5,535.78
9310,2/8/2025,4,27,27,13,3,555.98
9311,7/21/2024,4,23,23,17,2,183.98
9312,7/5/2024,2,24,24,17,3,296.51
9313,10/14/2024,5,10,10,17,4,301.9
9314,10/2/2024,2,17,17,5,3,223.34
9315,12/10/2023,3,2,2,1,3,649.94
9316,1/18/2024,5,6,6,16,1,27.24
9317,1/12/2025,2,8,8,3,3,272.22
9318,9/4/2025,5,10,10,2,5,458.24
9319,5/31/2025,1,11,11,18,4,95.68
9320,7/3/2024,2,39,39,11,5,862.45
9321,2/5/2022,3,16,16,1,3,620.56
9322,5/16/2022,2,40,40,11,2,308.24
9323,9/19/2024,2,17,17,7,1,213.92
9324,5/27/2023,5,9,9,10,2,99.24
9325,9/27/2021,3,4,4,3,4,343.41
9326,4/18/2024,3,2,2,12,3,210.32
9327,9/7/2025,3,4,4,12,3,161.35
9328,6/21/2023,2,8,8,17,5,370.73
9329,6/1/2024,2,25,25,2,2,145.95
9330,2/27/2024,2,39,39,14,1,161.15
9331,1/26/2024,3,4,4,10,1,39.1
9332,6/26/2024,5,13,13,17,1,77.36
9333,3/14/2022,2,17,17,11,4,789.54
9334,5/12/2023,2,24,24,16,1,32.88
9335,9/30/2024,2,7,7,11,3,555.49
9336,12/31/2024,2,24,24,11,5,852.74
9337,7/10/2024,2,7,7,10,3,151.86
9338,7/27/2022,2,1,1,7,3,534.47
9339,9/17/2022,3,14,14,14,2,424.08
9340,4/18/2023,2,40,40,11,1,154.15
9341,12/18/2022,3,16,16,18,1,20.9
9342,10/6/2024,1,34,34,15,3,405.64
9343,10/19/2021,5,13,13,2,4,395.82
9344,4/21/2023,2,8,8,7,1,217.67
9345,2/17/2025,2,1,1,16,1,28.37
9346,1/2/2023,2,25,25,7,4,697.56
9347,2/20/2025,5,19,19,11,3,572.53
9348,7/29/2023,2,1,1,7,5,1115.17
9349,2/12/2025,2,25,25,15,2,228.42
9350,5/3/2023,2,40,40,14,1,177.95
9351,12/11/2022,2,8,8,11,1,201.95
9352,4/27/2023,2,37,37,3,2,170.75
9353,9/1/2023,2,24,24,14,4,844.47
9354,12/6/2023,2,40,40,10,2,89.17
9355,5/16/2023,4,27,27,16,5,120
9356,9/6/2024,3,28,28,7,2,460.89
9357,10/22/2022,4,30,30,4,3,481.18
9358,4/21/2023,2,17,17,9,5,320.11
9359,2/9/2024,2,39,39,7,2,472.11
9360,10/19/2024,4,30,30,11,1,189.35
9361,3/31/2023,2,40,40,8,4,335.97
9362,10/6/2021,2,7,7,18,3,83.94
9363,8/18/2025,5,6,6,14,2,401.49
9364,6/10/2024,5,21,21,4,5,676.25
9365,9/27/2022,4,33,33,12,4,191.03
9366,6/1/2025,2,17,17,17,4,377.49
9367,2/5/2023,2,8,8,18,4,90.07
9368,9/22/2024,2,39,39,17,4,322
9369,5/4/2024,2,1,1,9,2,148.76
9370,11/12/2023,2,40,40,8,4,458.12
9371,6/16/2022,5,21,21,15,2,284.44
9372,4/4/2025,2,24,24,15,3,370.01
9373,5/23/2025,3,5,5,7,2,432.88
9374,4/10/2025,2,24,24,5,1,68
9375,9/28/2021,4,33,33,4,2,251.72
9376,4/18/2023,2,37,37,16,5,133.31
9377,10/1/2022,2,37,37,5,1,84.88
9378,11/3/2024,1,31,31,6,1,160.08
9379,9/30/2022,1,34,34,17,5,369.92
9380,6/2/2024,5,19,19,12,1,59.43
9381,8/10/2022,2,7,7,18,3,80.27
9382,3/8/2023,2,37,37,8,1,90.02
9383,2/15/2024,2,1,1,14,1,171.76
9384,3/22/2024,2,24,24,17,4,334.45
9385,11/12/2021,5,13,13,1,4,806.65
9386,5/18/2022,2,37,37,5,5,382.72
9387,8/3/2024,5,21,21,14,1,194.64
9388,6/5/2022,2,8,8,1,4,725.31
9389,12/19/2021,2,8,8,14,2,409.69
9390,7/17/2024,4,36,36,13,1,164.28
9391,1/27/2023,2,39,39,7,3,666.27
9392,11/10/2024,2,8,8,12,2,116.91
9393,7/5/2023,5,6,6,9,3,262.47
9394,2/12/2024,2,1,1,5,2,146.41
9395,12/28/2022,2,8,8,16,4,132.25
9396,7/14/2024,2,39,39,3,4,402.02
9397,11/28/2022,2,1,1,15,4,487.55
9398,3/31/2022,5,21,21,14,5,919.7
9399,11/17/2022,2,7,7,14,1,172.31
9400,3/15/2025,2,17,17,7,5,892.84
9401,5/8/2022,2,37,37,14,5,1033.49
9402,1/23/2025,2,40,40,7,4,691.71
9403,8/21/2022,5,13,13,14,1,180.25
9404,9/25/2021,1,32,32,11,3,595.28
9405,11/19/2024,2,40,40,18,1,29.54
9406,11/2/2022,2,40,40,12,3,206.94
9407,10/26/2021,2,8,8,5,2,160.08
9408,1/29/2025,2,24,24,12,2,101.5
9409,3/14/2022,5,13,13,14,4,854.58
9410,12/10/2022,3,28,28,3,3,280.68
9411,10/20/2022,3,20,20,15,4,518.48
9412,2/25/2025,5,10,10,2,3,205.62
9413,9/28/2022,2,17,17,5,2,124.27
9414,2/21/2024,2,39,39,1,4,814.13
9415,11/21/2023,2,17,17,10,1,36.35
9416,11/25/2021,2,40,40,14,3,546.91
9417,2/8/2024,2,37,37,5,3,210.04
9418,5/18/2024,2,40,40,3,3,242.44
9419,5/18/2022,4,30,30,3,3,243.37
9420,5/29/2023,5,6,6,2,3,210.26
9421,7/4/2023,3,3,3,14,4,662.26
9422,9/19/2023,2,24,24,3,3,290.25
9423,9/29/2022,2,39,39,1,4,822.05
9424,6/29/2023,2,8,8,16,2,62.86
9425,6/1/2024,2,25,25,9,5,400.82
9426,8/30/2022,5,13,13,7,4,857.45
9427,7/3/2022,5,6,6,8,3,326.75
9428,11/2/2023,2,1,1,5,3,248.85
9429,1/19/2022,2,24,24,15,1,122.47
9430,12/11/2021,2,40,40,12,4,265.06
9431,3/26/2024,2,24,24,7,1,224.33
9432,10/14/2024,2,8,8,5,1,87.88
9433,10/16/2023,2,39,39,14,3,473.94
9434,11/2/2022,2,17,17,5,5,384.54
9435,10/16/2022,3,3,3,4,4,626.39
9436,2/1/2025,3,16,16,18,2,57.35
9437,10/19/2021,2,37,37,12,1,50.96
9438,3/9/2024,1,34,34,1,1,215.32
9439,10/29/2023,2,39,39,17,5,348.51
9440,9/6/2025,2,25,25,16,3,76.1
9441,3/18/2022,2,25,25,4,5,731.45
9442,1/30/2023,4,23,23,13,4,615.59
9443,1/24/2022,1,34,34,9,2,142.37
9444,10/13/2022,2,40,40,9,3,211.14
9445,8/16/2024,1,32,32,9,5,460.21
9446,5/8/2022,2,24,24,5,1,65.21
9447,4/30/2025,5,6,6,3,5,469.51
9448,7/27/2024,4,36,36,10,2,92.86
9449,10/31/2023,2,17,17,2,1,80.42
9450,12/21/2021,2,8,8,1,4,733.47
9451,4/23/2024,1,34,34,15,3,436.06
9452,8/23/2022,5,15,15,14,2,291.37
9453,6/26/2022,1,31,31,1,5,866.5
9454,8/12/2023,1,34,34,7,1,216.46
9455,3/21/2023,2,7,7,9,4,319.96
9456,8/13/2024,4,12,12,3,5,517.84
9457,12/30/2021,5,13,13,11,5,817.77
9458,4/4/2024,2,40,40,1,3,481.22
9459,9/26/2021,2,17,17,6,5,765.99
9460,8/22/2023,5,21,21,4,2,271
9461,11/5/2024,3,18,18,4,5,731.83
9462,2/18/2022,2,39,39,17,4,396.26
9463,4/6/2025,2,25,25,9,5,366.41
9464,4/6/2024,3,4,4,12,3,198.66
9465,8/7/2023,4,23,23,15,5,579.21
9466,5/22/2022,2,1,1,1,1,213.28
9467,10/16/2024,2,40,40,14,2,317.99
9468,3/11/2023,4,33,33,5,1,87.18
9469,4/30/2022,2,17,17,10,4,200.81
9470,1/16/2025,1,31,31,8,5,428.65
9471,2/26/2025,2,37,37,15,1,137.31
9472,8/30/2024,3,5,5,5,2,140.01
9473,3/4/2025,2,17,17,17,2,165.45
9474,12/7/2023,2,24,24,9,3,266.17
9475,10/31/2022,5,15,15,14,1,150.37
9476,11/19/2021,2,25,25,5,2,151.83
9477,7/1/2025,2,37,37,2,1,74.3
9478,11/28/2021,4,27,27,13,5,746.01
9479,9/11/2022,3,14,14,15,1,127.24
9480,6/4/2022,5,21,21,7,1,177.61
9481,4/24/2023,1,34,34,5,3,180.18
9482,2/7/2025,2,7,7,12,4,272.98
9483,1/3/2024,5,10,10,8,1,85.12
9484,6/30/2024,5,9,9,13,1,129.82
9485,1/16/2024,2,39,39,15,3,453.87
9486,9/15/2023,2,17,17,9,2,128.46
9487,10/8/2024,4,33,33,4,3,489.54
9488,5/21/2025,5,10,10,2,3,230.79
9489,2/25/2024,2,24,24,15,5,762.92
9490,8/9/2023,2,24,24,7,4,646.85
9491,6/16/2025,2,7,7,1,4,678.12
9492,4/7/2022,2,8,8,8,3,299.73
9493,1/31/2022,2,40,40,9,3,253.72
9494,11/25/2024,2,25,25,5,2,155.18
9495,12/27/2024,2,24,24,8,4,345.9
9496,5/5/2025,2,1,1,9,4,270.29
9497,5/29/2022,5,13,13,18,3,84.57
9498,11/28/2022,5,21,21,13,2,358.88
9499,11/12/2021,2,7,7,15,3,333.73
9500,2/11/2025,2,17,17,5,1,67.59
9501,8/19/2025,5,21,21,14,4,581.25
9502,5/5/2025,2,24,24,15,2,250.86
9503,1/6/2023,3,22,22,13,1,140.74
9504,12/21/2024,5,13,13,8,2,219.14
9505,4/8/2024,2,25,25,2,1,94.39
9506,8/18/2025,5,13,13,11,3,417.76
9507,4/23/2023,2,25,25,16,5,118.72
9508,12/6/2024,2,7,7,12,1,52.95
9509,8/11/2024,5,19,19,4,4,597.51
9510,11/29/2024,2,37,37,8,2,228.12
9511,8/21/2024,4,27,27,2,3,231.07
9512,3/21/2024,2,39,39,3,3,347.17
9513,11/22/2024,2,37,37,2,3,200.83
9514,6/18/2023,4,30,30,2,2,139.85
9515,10/18/2023,5,13,13,16,4,127.58
9516,1/1/2025,2,25,25,5,1,62.42
9517,8/31/2022,2,8,8,18,3,68.02
9518,10/8/2024,2,8,8,1,2,325.28
9519,1/18/2025,5,6,6,5,2,125.48
9520,8/19/2022,5,15,15,16,1,27.9
9521,2/28/2022,2,39,39,2,1,96.78
9522,8/4/2022,2,37,37,9,2,135.72
9523,9/29/2022,2,39,39,17,1,67.77
9524,6/19/2024,1,34,34,4,2,320.95
9525,12/20/2021,2,8,8,3,4,394.23
9526,8/30/2024,2,25,25,14,5,1066.35
9527,11/28/2021,2,37,37,7,5,1075.57
9528,3/25/2024,2,7,7,14,1,191.18
9529,9/11/2022,1,31,31,8,3,253.79
9530,7/20/2023,4,30,30,9,3,263.76
9531,1/1/2022,1,31,31,10,2,85.98
9532,10/18/2022,2,17,17,17,4,370.88
9533,9/17/2024,2,37,37,12,1,58.16
9534,8/21/2025,3,38,38,18,5,127.25
9535,6/22/2025,3,28,28,15,4,554.45
9536,7/2/2024,4,23,23,1,4,810.08
9537,10/5/2022,2,8,8,2,4,389.64
9538,7/9/2025,5,13,13,17,3,243.22
9539,8/17/2024,2,24,24,4,2,321.86
9540,12/11/2021,2,39,39,18,1,30.07
9541,3/18/2022,2,37,37,17,1,77.75
9542,11/3/2024,2,1,1,8,3,325.31
9543,7/22/2023,2,24,24,5,2,125.57
9544,5/30/2022,2,37,37,10,2,99.54
9545,5/9/2024,2,8,8,17,4,371.83
9546,4/13/2024,2,8,8,14,2,320.04
9547,4/13/2023,2,1,1,9,1,69.68
9548,10/31/2021,2,37,37,8,3,277.41
9549,3/28/2025,2,37,37,4,3,330.29
9550,1/14/2023,2,1,1,15,2,279.36
9551,1/24/2024,2,37,37,5,1,63.42
9552,5/13/2024,2,25,25,7,3,537.68
9553,6/11/2024,5,13,13,12,5,345.92
9554,4/10/2025,2,39,39,11,4,684.59
9555,3/17/2025,5,6,6,10,5,252.17
9556,12/5/2023,2,24,24,11,3,556.94
9557,6/18/2025,2,25,25,17,1,89.61
9558,4/16/2025,2,24,24,15,2,305.42
9559,3/18/2022,2,1,1,17,3,217.47
9560,10/10/2023,2,7,7,1,5,901.28
9561,8/27/2022,1,32,32,5,5,343.74
9562,1/12/2024,2,25,25,2,2,147.98
9563,8/20/2024,5,19,19,5,2,171.61
9564,8/10/2022,1,11,11,18,2,53.09
9565,12/29/2021,5,21,21,2,3,293.63
9566,8/29/2022,5,13,13,2,2,185.68
9567,5/16/2023,5,19,19,11,1,142.74
9568,7/15/2024,5,6,6,2,3,293.4
9569,12/10/2023,1,32,32,2,1,76.19
9570,7/13/2025,2,8,8,10,1,47.46
9571,6/4/2024,2,37,37,8,2,198.79
9572,3/20/2023,2,25,25,17,1,95.09
9573,4/19/2025,2,25,25,4,5,776.49
9574,6/11/2022,2,40,40,7,5,827.91
9575,7/4/2025,2,1,1,7,5,1137
9576,5/3/2022,2,7,7,4,4,559.54
9577,5/6/2022,2,17,17,15,1,108.3
9578,4/15/2024,2,1,1,15,1,127.55
9579,1/13/2022,2,25,25,4,2,241.49
9580,6/23/2024,2,8,8,9,5,447.18
9581,11/26/2023,5,9,9,15,5,749.31
9582,4/15/2023,2,17,17,14,2,345.56
9583,12/7/2021,2,37,37,17,4,397.35
9584,2/23/2022,2,39,39,2,3,275.83
9585,5/21/2024,2,7,7,4,5,557.03
9586,10/1/2022,2,24,24,13,3,444.6
9587,6/9/2023,5,19,19,1,3,525.48
9588,8/25/2022,2,7,7,13,3,430.81
9589,5/2/2022,2,37,37,6,1,204.13
9590,10/6/2024,2,37,37,6,1,139.7
9591,5/14/2022,5,21,21,18,2,59.72
9592,3/12/2024,5,13,13,5,3,251.13
9593,7/9/2025,4,12,12,16,5,122.94
9594,11/27/2022,2,1,1,4,4,493.89
9595,7/15/2022,1,35,35,13,1,132.68
9596,10/27/2021,1,31,31,1,3,564.77
9597,11/2/2021,4,30,30,8,2,182.62
9598,2/10/2023,3,5,5,3,2,228.16
9599,12/28/2021,5,19,19,3,2,170.01
9600,9/14/2023,2,1,1,4,5,722.71
9601,5/18/2025,2,7,7,5,5,335.68
9602,12/24/2023,2,25,25,17,1,76.46
9603,12/15/2021,5,15,15,8,3,288.58
9604,2/4/2022,2,25,25,9,1,93.74
9605,5/4/2024,2,7,7,13,5,674.92
9606,10/7/2021,5,21,21,14,1,185.78
9607,10/26/2022,2,40,40,7,1,183.09
9608,1/31/2022,2,7,7,1,1,215.18
9609,3/29/2023,2,1,1,15,3,384.17
9610,8/31/2022,1,31,31,12,1,66.13
9611,3/27/2024,2,37,37,8,4,393.24
9612,4/10/2025,2,8,8,7,2,380.19
9613,4/30/2025,2,40,40,17,4,335.86
9614,8/28/2023,2,8,8,7,3,529.02
9615,9/17/2023,2,7,7,4,5,685.43
9616,2/14/2024,2,17,17,12,1,48.39
9617,12/14/2021,5,19,19,7,5,876.05
9618,11/3/2023,5,15,15,7,4,687.87
9619,7/28/2022,5,13,13,10,2,77.28
9620,5/16/2023,2,7,7,11,1,195.31
9621,8/1/2022,2,24,24,8,5,531.38
9622,7/7/2023,2,17,17,6,4,730.53
9623,3/19/2025,5,21,21,5,2,147.34
9624,3/24/2022,5,13,13,11,5,817.84
9625,12/25/2024,3,14,14,18,4,84.19
9626,10/15/2021,2,24,24,13,3,483.94
9627,6/19/2025,2,24,24,18,1,23.91
9628,8/27/2025,2,24,24,14,5,1002.94
9629,10/16/2021,2,8,8,9,1,76.57
9630,12/21/2024,1,11,11,13,1,145.6
9631,2/21/2023,4,27,27,18,5,140.39
9632,11/7/2021,2,24,24,13,4,653.1
9633,5/10/2024,2,40,40,16,1,32.82
9634,9/16/2022,2,17,17,9,4,344.05
9635,5/2/2023,5,13,13,10,4,170.02
9636,12/21/2022,1,34,34,5,4,308.1
9637,9/9/2025,5,13,13,6,2,292.52
9638,11/23/2022,2,39,39,12,3,153.46
9639,12/18/2021,2,1,1,11,4,646.59
9640,3/8/2022,3,14,14,10,3,132.54
9641,9/7/2022,1,35,35,13,1,146.81
9642,6/9/2024,2,40,40,15,2,254.54
9643,11/9/2022,5,19,19,9,5,427.26
9644,7/19/2022,5,21,21,15,5,651.35
9645,1/6/2024,2,8,8,8,5,502.23
9646,12/15/2023,3,20,20,4,1,127.55
9647,8/1/2023,2,39,39,13,3,408.89
9648,3/20/2022,2,1,1,18,5,111.26
9649,7/21/2024,2,39,39,2,4,300.65
9650,6/2/2023,2,25,25,3,1,111.74
9651,2/14/2023,2,37,37,5,1,71.49
9652,7/14/2025,2,24,24,13,3,451.5
9653,5/13/2025,5,6,6,4,1,126.32
9654,10/25/2023,4,30,30,16,4,113.38
9655,11/11/2024,2,24,24,14,4,835.43
9656,8/28/2025,2,7,7,17,2,196.78
9657,2/28/2024,2,1,1,12,4,194.47
9658,11/21/2023,4,36,36,6,2,378.72
9659,9/10/2025,5,10,10,7,2,328.93
9660,11/2/2024,2,39,39,2,5,351.48
9661,12/5/2023,2,17,17,13,5,815.56
9662,2/7/2025,2,25,25,4,5,720.98
9663,6/13/2023,5,19,19,1,5,748.03
9664,2/27/2023,2,1,1,8,1,83.38
9665,1/27/2024,4,33,33,17,1,85.1
9666,7/21/2024,3,2,2,8,1,102.72
9667,7/21/2025,5,9,9,4,2,327.37
9668,10/5/2021,2,17,17,2,2,146.91
9669,1/19/2023,2,8,8,15,2,298.43
9670,7/12/2022,2,8,8,17,2,189.02
9671,1/29/2024,2,24,24,17,2,157.26
9672,7/4/2025,4,30,30,14,2,359.41
9673,2/20/2023,1,31,31,1,4,592.67
9674,4/27/2024,2,39,39,14,2,324.97
9675,7/30/2023,2,17,17,16,3,79.12
9676,8/18/2024,2,39,39,15,2,210.4
9677,8/7/2022,5,21,21,13,1,181.39
9678,9/15/2023,4,27,27,1,5,1051.37
9679,4/10/2022,2,17,17,17,1,94.08
9680,2/2/2024,2,1,1,11,2,411.38
9681,8/21/2023,2,8,8,17,1,97.96
9682,2/22/2025,2,40,40,17,2,177.27
9683,8/5/2023,5,9,9,7,3,546.95
9684,8/17/2023,1,11,11,11,1,145.74
9685,3/7/2024,2,1,1,12,3,185.86
9686,12/22/2022,2,25,25,10,3,127.26
9687,3/10/2023,2,8,8,9,3,215.83
9688,7/4/2025,2,17,17,6,5,939.15
9689,7/20/2025,2,37,37,13,1,142.45
9690,8/6/2022,2,24,24,16,3,69.37
9691,6/16/2025,5,9,9,11,2,381.95
9692,5/23/2025,2,25,25,12,1,60.9
9693,2/22/2024,2,17,17,13,4,586.01
9694,1/26/2023,2,40,40,11,4,557.04
9695,10/17/2024,2,1,1,11,5,877.89
9696,10/6/2021,5,6,6,12,4,233.98
9697,5/3/2022,2,24,24,5,4,310.12
9698,4/29/2024,2,1,1,8,3,273.23
9699,8/12/2023,2,1,1,10,1,38.89
9700,8/9/2022,1,11,11,4,2,323.28
9701,3/13/2023,2,1,1,3,4,399.52
9702,8/15/2022,5,13,13,14,3,509.41
9703,12/4/2024,5,15,15,3,5,407.72
9704,5/28/2025,2,17,17,6,1,197.15
9705,9/1/2022,2,25,25,14,2,408.34
9706,6/23/2023,2,24,24,1,1,200.84
9707,1/18/2025,5,21,21,12,1,70.26
9708,10/24/2024,5,9,9,4,3,469.57
9709,11/22/2024,2,1,1,9,2,178.44
9710,8/26/2024,2,40,40,9,2,144.8
9711,7/21/2023,2,8,8,2,3,226.48
9712,3/8/2024,2,24,24,4,1,110.04
9713,9/4/2022,3,22,22,17,2,141.95
9714,8/22/2023,2,40,40,6,5,902.37
9715,11/24/2023,2,37,37,10,1,50.62
9716,12/4/2022,2,1,1,18,4,107.97
9717,1/20/2023,2,8,8,4,2,259.05
9718,7/11/2025,2,1,1,5,3,201.07
9719,1/31/2023,2,24,24,18,2,59.8
9720,4/30/2022,3,3,3,1,1,201.14
9721,1/29/2023,2,40,40,3,5,501.99
9722,11/4/2022,5,19,19,9,1,66.36
9723,7/25/2023,2,24,24,7,2,320.62
9724,1/2/2024,2,7,7,12,1,53.15
9725,2/25/2023,3,4,4,6,2,292.76
9726,6/11/2024,2,17,17,1,2,404.77
9727,6/19/2023,2,17,17,10,1,41.16
9728,9/2/2022,5,6,6,4,4,557.91
9729,7/26/2022,2,25,25,10,1,48.15
9730,11/29/2024,2,8,8,2,4,377.93
9731,6/3/2025,3,18,18,15,5,757.92
9732,5/20/2024,2,17,17,12,4,263.06
9733,3/26/2024,2,7,7,9,2,157.37
9734,7/30/2023,2,39,39,3,1,100.22
9735,3/27/2023,2,1,1,1,2,435.49
9736,11/23/2024,5,21,21,4,5,692.5
9737,11/6/2024,5,15,15,18,3,83.75
9738,10/8/2024,2,17,17,15,3,468.15
9739,10/10/2022,2,25,25,11,4,720.68
9740,1/9/2024,3,14,14,1,3,616.32
9741,11/30/2023,2,25,25,3,2,195.58
9742,6/18/2024,1,31,31,16,1,24.15
9743,7/24/2022,2,24,24,16,1,27.36
9744,11/16/2024,1,35,35,1,2,378.75
9745,11/23/2021,2,25,25,15,3,399.45
9746,11/13/2023,2,8,8,3,3,272.83
9747,2/7/2022,2,25,25,1,1,211.43
9748,2/25/2024,5,19,19,7,2,418.86
9749,6/15/2023,5,21,21,5,1,66.59
9750,7/9/2023,5,6,6,15,1,128.96
9751,5/22/2024,2,7,7,2,2,170.07
9752,1/31/2022,1,11,11,9,1,81.99
9753,9/12/2022,4,29,29,18,5,116.76
9754,8/7/2022,2,8,8,12,4,258.26
9755,12/11/2021,2,7,7,14,2,356.83
9756,6/1/2025,2,39,39,11,3,518.51
9757,12/12/2024,5,9,9,15,2,311.64
9758,8/13/2022,2,8,8,15,3,399.04
9759,2/27/2025,5,19,19,2,3,246.62
9760,5/12/2024,2,39,39,13,3,504.65
9761,3/23/2022,2,1,1,8,4,463.5
9762,6/14/2024,2,1,1,10,1,36.06
9763,12/9/2024,2,1,1,17,4,331.85
9764,3/18/2025,2,39,39,11,3,476.22
9765,6/29/2023,2,39,39,3,3,332.5
9766,6/2/2022,5,13,13,17,3,299.81
9767,1/13/2022,5,6,6,1,3,512.87
9768,9/25/2021,2,40,40,12,4,272.49
9769,3/9/2024,5,19,19,17,2,159.29
9770,12/11/2023,3,2,2,11,3,617.92
9771,6/5/2023,2,7,7,6,3,597.09
9772,2/1/2024,2,7,7,14,2,354.14
9773,4/3/2024,5,19,19,11,4,759.83
9774,12/20/2022,2,39,39,15,1,108.04
9775,12/13/2024,2,7,7,15,2,237.04
9776,11/12/2021,1,11,11,2,2,144.69
9777,6/15/2022,2,7,7,5,1,77.95
9778,12/6/2023,3,5,5,8,3,266.12
9779,9/26/2021,5,9,9,18,1,27.85
9780,12/11/2022,2,17,17,6,5,712.85
9781,6/14/2022,4,27,27,4,3,387.81
9782,9/12/2023,2,24,24,7,3,608.79
9783,5/14/2022,5,21,21,17,1,93.96
9784,3/10/2025,4,12,12,13,5,749.93
9785,2/25/2023,1,11,11,9,4,340.09
9786,7/2/2022,5,13,13,13,5,911.87
9787,6/25/2024,5,15,15,7,4,799.76
9788,11/9/2024,2,8,8,7,3,708.04
9789,4/23/2024,2,39,39,14,2,294.88
9790,7/5/2024,5,21,21,11,4,772.27
9791,2/14/2022,5,10,10,2,5,398.77
9792,12/28/2023,2,8,8,3,4,453.1
9793,2/9/2024,2,25,25,3,2,200.88
9794,8/4/2024,2,40,40,12,4,286.03
9795,4/17/2024,1,35,35,13,1,185.3
9796,6/14/2023,4,30,30,9,3,232.04
9797,12/2/2024,2,17,17,3,2,226.31
9798,10/9/2024,3,18,18,17,3,202.63
9799,6/29/2024,2,17,17,17,5,430.3
9800,12/1/2021,2,17,17,12,2,112.63
9801,6/17/2023,4,33,33,8,5,447.39
9802,8/16/2023,2,8,8,13,4,695.2
9803,3/29/2023,5,6,6,17,1,95.19
9804,10/25/2024,2,37,37,6,3,571.61
9805,12/15/2024,5,10,10,4,2,313.8
9806,1/30/2024,2,24,24,4,4,595.73
9807,1/23/2025,3,3,3,2,5,359.59
9808,3/8/2025,5,9,9,16,1,32.93
9809,1/24/2023,5,19,19,3,4,425.83
9810,10/20/2022,2,1,1,1,2,392.38
9811,10/27/2023,2,25,25,12,5,253.12
9812,6/16/2024,5,10,10,2,2,166.04
9813,7/11/2022,1,11,11,4,5,728.05
9814,7/31/2022,2,1,1,5,5,431.28
9815,8/17/2025,1,35,35,16,1,28.99
9816,8/28/2022,4,27,27,3,1,95.12
9817,9/23/2021,2,40,40,16,3,91.68
9818,5/14/2023,2,24,24,18,2,52.28
9819,12/26/2022,2,40,40,18,2,50
9820,2/16/2023,1,31,31,5,1,86.19
9821,5/11/2022,2,8,8,8,2,169.68
9822,5/24/2023,5,13,13,6,2,361.64
9823,5/1/2022,2,8,8,8,5,451.23
9824,4/19/2022,2,40,40,9,3,216.07
9825,4/29/2023,4,12,12,1,5,761.01
9826,12/29/2021,2,7,7,17,2,173.7
9827,8/7/2023,2,25,25,7,1,222.94
9828,3/28/2024,2,24,24,7,3,590.76
9829,1/23/2024,2,7,7,7,3,679.58
9830,1/24/2025,2,39,39,6,2,275.81
9831,8/11/2024,2,7,7,11,4,740.11
9832,4/7/2023,2,8,8,15,3,416.66
9833,9/10/2025,2,17,17,14,1,209.72
9834,1/19/2024,2,37,37,2,1,81.39
9835,2/6/2025,2,39,39,15,5,597.31
9836,3/27/2022,2,37,37,12,4,196.98
9837,8/8/2024,4,27,27,7,4,856.62
9838,3/4/2023,2,24,24,6,5,778.46
9839,2/24/2023,2,40,40,12,5,304.46
9840,2/22/2022,3,38,38,17,2,190.42
9841,3/18/2022,5,13,13,9,3,242.12
9842,10/17/2024,4,29,29,8,3,282.09
9843,7/26/2022,2,8,8,17,1,74.18
9844,10/14/2021,2,40,40,12,3,177.34
9845,4/9/2025,3,38,38,8,1,90.11
9846,6/4/2024,2,37,37,9,2,155.9
9847,10/22/2023,2,37,37,7,1,197.77
9848,9/19/2024,2,8,8,18,1,20.49
9849,11/26/2024,2,7,7,14,5,833.14
9850,8/17/2023,2,40,40,8,4,328.67
9851,4/26/2024,2,37,37,3,2,226.27
9852,6/9/2023,2,24,24,16,1,28.33
9853,3/6/2022,2,25,25,16,4,111.63
9854,7/8/2023,5,21,21,1,1,169.86
9855,2/10/2022,2,24,24,7,5,931.11
9856,12/24/2022,2,7,7,4,4,623.11
9857,8/24/2024,5,15,15,1,2,388.26
9858,12/24/2023,5,15,15,7,2,479.79
9859,5/24/2023,2,39,39,1,2,297.15
9860,8/11/2025,2,7,7,17,1,77.58
9861,1/25/2022,2,8,8,12,4,229.38
9862,4/9/2022,5,9,9,6,2,397.78
9863,12/24/2021,5,9,9,9,4,334.52
9864,3/21/2024,2,24,24,1,1,173.61
9865,7/5/2025,5,21,21,11,3,608.48
9866,11/1/2023,2,17,17,6,5,745.84
9867,10/5/2021,4,12,12,2,1,67.07
9868,10/19/2022,3,22,22,14,3,444.15
9869,1/24/2023,5,19,19,10,5,233.62
9870,4/2/2024,2,25,25,12,1,55.28
9871,2/4/2023,2,40,40,18,4,82.45
9872,7/5/2024,2,1,1,2,3,264.48
9873,1/15/2025,2,37,37,9,1,87.37
9874,9/1/2024,5,10,10,6,4,685.63
9875,5/8/2023,3,38,38,15,2,288.02
9876,2/24/2023,2,7,7,4,3,330.41
9877,1/26/2024,2,1,1,5,2,123.77
9878,10/31/2023,2,8,8,17,2,165.32
9879,5/14/2024,2,7,7,14,1,173.91
9880,11/23/2022,2,37,37,4,1,142.5
9881,11/21/2021,2,1,1,9,2,151.42
9882,5/21/2024,5,21,21,2,3,299.18
9883,8/16/2023,2,37,37,6,4,612.95
9884,7/21/2024,4,36,36,3,4,353.95
9885,3/24/2024,2,25,25,13,1,142.76
9886,9/29/2022,2,17,17,1,2,364.91
9887,4/5/2022,2,37,37,7,1,197.98
9888,9/26/2024,3,2,2,10,2,94.92
9889,12/16/2024,3,26,26,1,2,404.05
9890,8/14/2025,2,25,25,16,3,76.7
9891,11/16/2024,5,10,10,11,1,194.68
9892,9/22/2021,5,21,21,9,5,459.23
9893,7/6/2024,2,8,8,7,4,670.26
9894,3/27/2023,2,39,39,13,3,531.48
9895,5/27/2023,2,1,1,15,3,391.23
9896,3/28/2025,3,3,3,10,1,51.49
9897,2/15/2024,2,25,25,5,2,148.6
9898,12/18/2021,2,8,8,5,1,71.77
9899,9/6/2025,5,10,10,14,4,618.54
9900,12/24/2024,1,11,11,16,5,147.7
9901,3/1/2024,2,7,7,12,3,151.74
9902,12/22/2024,2,1,1,18,2,51.51
9903,5/2/2023,5,15,15,2,2,146.49
9904,7/21/2022,1,32,32,9,3,236.2
9905,12/23/2023,2,7,7,15,2,310.58
9906,10/16/2022,3,5,5,15,3,449.53
9907,2/18/2025,2,39,39,13,1,162.56
9908,10/31/2021,1,34,34,9,5,349.04
9909,1/12/2023,5,6,6,13,1,130.47
9910,8/1/2023,2,25,25,14,1,177.48
9911,2/24/2024,5,21,21,9,3,220.67
9912,6/19/2024,2,25,25,18,4,110.2
9913,10/14/2024,2,17,17,1,1,211.21
9914,11/2/2024,2,7,7,3,2,209.7
9915,11/3/2023,5,10,10,3,5,407.31
9916,5/9/2022,4,23,23,7,5,854.96
9917,6/12/2023,2,7,7,17,4,268.48
9918,1/29/2025,2,24,24,9,4,331.83
9919,8/29/2025,2,8,8,10,1,37.86
9920,4/19/2024,2,37,37,12,4,204.33
9921,12/24/2024,2,37,37,18,2,46.16
9922,7/12/2025,4,33,33,13,2,309.62
9923,7/3/2025,3,4,4,11,5,901.05
9924,7/31/2022,2,25,25,15,5,742.38
9925,8/1/2023,5,10,10,10,3,108.68
9926,1/23/2023,1,34,34,10,3,126.01
9927,4/10/2022,5,15,15,16,3,90.52
9928,3/16/2025,2,8,8,18,2,43.97
9929,2/20/2024,3,16,16,5,5,404.45
9930,4/4/2024,2,39,39,10,2,83.47
9931,12/3/2024,2,25,25,1,1,152.86
9932,3/7/2025,2,40,40,11,3,563.95
9933,4/30/2024,2,17,17,6,4,699.86
9934,6/20/2023,2,39,39,10,3,150.22
9935,2/11/2025,2,37,37,5,1,77.67
9936,1/4/2024,5,10,10,5,2,149.27
9937,8/1/2023,5,21,21,15,3,335.73
9938,11/25/2023,2,24,24,10,2,94.27
9939,4/6/2025,2,17,17,4,2,230.16
9940,2/2/2022,2,7,7,3,2,162.06
9941,4/17/2025,1,32,32,13,1,180.71
9942,12/6/2022,2,39,39,7,3,712.17
9943,1/28/2025,5,15,15,3,2,159.37
9944,4/24/2022,2,24,24,10,5,241.2
9945,9/27/2023,5,10,10,14,5,932.74
9946,12/8/2021,5,13,13,7,5,1072.85
9947,6/29/2023,2,40,40,17,1,99.42
9948,4/5/2025,2,24,24,18,1,24.25
9949,7/24/2025,2,40,40,15,4,475.16
9950,3/19/2022,1,35,35,15,5,566.7
9951,9/29/2024,2,8,8,9,1,67.37
9952,4/3/2023,2,39,39,5,4,324.01
9953,6/27/2024,2,17,17,4,2,296.92
9954,7/25/2022,3,26,26,5,2,129.85
9955,8/16/2025,2,40,40,5,2,172.82
9956,8/6/2023,5,6,6,17,3,211.26
9957,6/28/2023,2,17,17,18,5,119.45
9958,8/28/2025,5,13,13,13,4,516.35
9959,8/29/2022,5,15,15,16,5,142.72
9960,7/26/2022,2,17,17,7,4,713.97
9961,9/14/2023,2,7,7,10,4,178.77
9962,4/29/2023,2,17,17,11,3,552.72
9963,4/22/2025,2,25,25,14,2,407.77
9964,3/6/2025,2,7,7,15,2,296.94
9965,7/10/2025,2,37,37,3,4,446.17
9966,5/14/2025,2,39,39,18,2,59.96
9967,5/25/2022,3,20,20,7,4,869.44
9968,8/18/2023,3,4,4,13,2,270.27
9969,10/9/2021,4,27,27,4,3,454.05
9970,5/11/2023,2,24,24,8,2,222.11
9971,2/11/2022,2,37,37,2,1,85.23
9972,2/29/2024,5,15,15,18,3,79.57
9973,1/21/2024,5,19,19,1,4,593.45
9974,8/17/2024,1,32,32,15,5,734.6
9975,8/13/2025,2,8,8,3,4,461.72
9976,5/1/2024,2,25,25,3,1,78.79
9977,11/9/2021,2,1,1,8,1,90.95
9978,9/28/2021,5,21,21,6,3,548.23
9979,3/4/2025,5,21,21,2,2,174.39
9980,8/8/2022,5,6,6,10,2,96.92
9981,12/25/2022,2,25,25,4,2,261.77
9982,10/28/2022,5,6,6,8,2,224.23
9983,8/27/2025,2,25,25,3,3,338.17
9984,10/3/2022,2,40,40,7,4,693.02
9985,8/15/2025,5,13,13,3,3,310.41
9986,1/22/2023,3,28,28,7,3,662.23
9987,3/27/2023,2,8,8,18,2,51.66
9988,8/2/2023,1,32,32,18,2,57.66
9989,12/27/2023,5,9,9,10,1,37.78
9990,1/13/2024,5,6,6,2,2,162.57
9991,6/2/2022,5,13,13,15,4,425.86
9992,3/10/2024,2,25,25,6,5,836.02
9993,12/5/2021,2,39,39,14,1,165.52
9994,10/1/2023,2,39,39,6,4,611.65
9995,1/30/2024,2,40,40,6,2,404.38
9996,3/25/2024,5,21,21,3,4,337.02
9997,9/18/2024,2,1,1,2,3,262.79
9998,10/21/2022,2,17,17,10,1,49.94
9999,7/5/2024,2,25,25,16,2,50.25
10000,7/30/2025,5,6,6,4,5,691.5
